ISO_2,ISO_3,Country,Year,Final Rank,Final Score,Corporate Rank,Corporate Score,Income Rank,Income Score,Consumption Rank,Consumption Score,Property Rank,Property Score,International Rank,International Score
US,USA,United States,2014,28,56.72387736,34,39.18249868,27,58.03264277,5,90.33613672,29,51.25152553,32,49.14963911
US,USA,United States,2015,27,57.22079627,34,34.73166002,26,58.45865177,5,91.63370301,29,51.85558458,33,49.14965923
US,USA,United States,2016,28,56.33979156,36,32.74826556,25,58.60517764,4,92.07190164,28,52.18576158,33,52.9576508
US,USA,United States,2017,28,55.65692024,35,39.49265424,26,55.03272491,5,90.71078623,28,52.22791807,33,52.55816627
US,USA,United States,2018,20,60.92680606,20,56.70978364,26,58.86580141,5,90.21343589,27,51.83831857,33,52.65004221
US,USA,United States,2019,20,62.77796632,18,57.83772617,25,60.5672173,6,92.35361182,27,50.64508709,32,61.52695406
US,USA,United States,2020,21,62.91703267,19,58.06737413,23,52.36157674,5,92.49597623,28,51.13468381,32,61.46847625
