"ISO_2","ISO_3","Country","Year","Final Rank","Final Score","Corporate Rank","Corporate Score","Income Rank","Income Score","Consumption Rank","Consumption Score","Property Rank","Property Score","International Rank","International Score"
"US","USA","United States",2014,28,56.7238773607822,34,39.1824986804044,27,58.0326427676785,5,90.3361367192484,29,51.2515255256308,32,49.1496391066032
"US","USA","United States",2015,27,57.2207962672985,34,34.731660017749,26,58.4586517715931,5,91.6337030098032,29,51.8555845765901,33,49.1496592315205
"US","USA","United States",2016,28,56.3397915638655,36,32.7482655613337,25,58.6051776437882,4,92.0719016360026,28,52.1857615816799,33,52.957650798081
"US","USA","United States",2017,28,55.6569202442474,35,39.4926542357072,26,55.0327249063384,5,90.7107862323838,28,52.227918072716,33,52.5581662725129
"US","USA","United States",2018,20,60.9268060629924,20,56.7097836361615,26,58.8658014105962,5,90.2134358862451,27,51.8383185706825,33,52.6500422101305
"US","USA","United States",2019,20,62.7779663221235,18,57.8377261714122,25,60.5672172992994,6,92.3536118187193,27,50.6450870855344,32,61.5269540634771
"US","USA","United States",2020,29,55.5190868581601,33,40.0681376028056,31,40.7973260523822,5,92.4959762254464,28,51.1346838025875,32,61.4684762530999
