"ISO_2","ISO_3","Country","Year","Final Rank","Final Score","Corporate Rank","Corporate Score","Income Rank","Income Score","Consumption Rank","Consumption Score","Property Rank","Property Score","Cross-Border Rank","Cross-Border Score"
"GB","GBR","United Kingdom",2014,28,64.8346778226099,21,62.6462273910912,26,65.5432026945364,34,35.3243667794055,34,43.4447161688554,2,95.2305272551044
"GB","GBR","United Kingdom",2015,27,64.2022175644755,18,61.9479160075616,27,63.4613925612623,35,37.4088452101046,35,43.3209058877359,2,95.1434654197443
"GB","GBR","United Kingdom",2016,28,62.6777829258455,18,63.4066662934975,31,59.3776110872657,35,33.4779351305791,35,43.5493272145435,2,95.7364266314053
"GB","GBR","United Kingdom",2017,31,59.0131942177433,19,62.0424062699945,26,63.0505254870009,36,34.5502827632709,35,43.4990917521831,4,84.4519934656903
"GB","GBR","United Kingdom",2018,29,60.4597323232541,19,64.5220140190431,25,62.0798180883482,34,37.7708411966755,35,39.659620953243,4,85.3331064597998
"GB","GBR","United Kingdom",2019,27,63.2775436440233,18,65.8217486981919,24,61.6216425691911,34,36.3155089047355,35,39.0314235665,1,100
"GB","GBR","United Kingdom",2020,27,61.680334271719,21,61.1042355746952,23,61.6229334651613,34,36.4825186545469,35,38.7545852997194,1,100
"GB","GBR","United Kingdom",2021,27,61.1072305890431,18,61.2810913303247,25,63.8757109891319,34,37.3292648780276,35,38.3505541236202,1,100
"GB","GBR","United Kingdom",2022,11,75.6754780022997,10,71.6652590018369,14,74.6112585103952,27,49.4041458094821,23,59.4646037937233,1,100
