"ISO_2","ISO_3","Country","Year","Final Rank","Final Score","Corporate Rank","Corporate Score","Income Rank","Income Score","Consumption Rank","Consumption Score","Property Rank","Property Score","International Rank","International Score"
"GB","GBR","United Kingdom",2014,18,65.2633829060836,21,61.5074490273644,21,61.9902707210271,21,58.3457573098892,33,43.3716463410622,2,95.8743206556361
"GB","GBR","United Kingdom",2015,20,65.8353260881224,17,60.2568950063944,25,61.0214447410293,22,58.9411703242069,32,43.7813212312911,2,96.1584967977052
"GB","GBR","United Kingdom",2016,20,64.1450342635539,17,60.1387831935024,27,57.5848693560399,22,56.5448348163708,32,43.8393251515775,2,96.5526153472502
"GB","GBR","United Kingdom",2017,23,59.8509414125993,19,60.0477546257036,23,57.3003825682732,22,56.460554141199,32,43.7020442717894,3,86.0313737589376
"GB","GBR","United Kingdom",2018,24,60.5042173157664,17,58.8003848317801,24,61.0616234915997,21,57.7620571251799,33,43.3602395855176,4,87.1581708476981
"GB","GBR","United Kingdom",2019,21,62.4490324898782,16,62.0630324001893,23,62.4851358219793,22,64.2373699028502,33,42.0408197286737,1,100
"GB","GBR","United Kingdom",2020,7,75.110892220535,5,80.8867333862329,17,61.8127944523692,16,71.1849435738357,25,54.6591986178713,1,100
