"ISO_2","ISO_3","Country","Year","Final Rank","Final Score","Corporate Rank","Corporate Score","Income Rank","Income Score","Consumption Rank","Consumption Score","Property Rank","Property Score","Cross-Border Rank","Cross-Border Score"
"AT","AUT","Austria",2022,18,69.290718639488,23,60.9529401721237,32,66.1381215812178,17,57.3678159671342,15,64.2879816785109,8,86.0497422457089
"AT","AUT","Austria",2023,20,67.5715410984179,19,62.5937822105363,28,62.1598552386302,17,57.3678159671342,15,64.359237706957,16,77.4899230817734
