"ISO_2","ISO_3","Country","Year","Final Rank","Final Score","Corporate Rank","Corporate Score","Income Rank","Income Score","Consumption Rank","Consumption Score","Property Rank","Property Score","Cross-Border Rank","Cross-Border Score"
"AU","AUS","Australia",2014,11,78.4510401661627,29,60.8653012202131,20,64.74639871574,8,78.5891663966293,3,86.9497976311977,29,58.8221521389519
"AU","AUS","Australia",2015,10,78.1435431589624,29,59.678533983987,24,58.875973135826,8,84.1681042909061,3,86.811285538674,27,58.544657301298
"AU","AUS","Australia",2016,10,77.0441986481374,31,57.8082227917361,26,59.2900831897529,7,79.6742886136615,3,87.2027179607258,27,61.6788215682405
"AU","AUS","Australia",2017,12,73.5325743226022,32,59.618272427089,24,57.4761228238364,7,82.5803389733472,4,81.9350993093326,26,61.504541834666
"AU","AUS","Australia",2018,13,74.60767076287,34,54.9779484080176,23,61.8336239433482,7,83.5756802324137,4,80.3548341987037,27,61.0701258796282
"AU","AUS","Australia",2019,10,79.0481036668546,31,57.0941534313951,20,60.6910677324039,6,82.8196160808623,4,79.8990639668099,26,72.7655446961275
"AU","AUS","Australia",2020,10,78.03003390449,31,53.6574849396009,21,59.9874165918065,6,82.6983705089079,4,79.8246037170493,26,73.3226241221812
"AU","AUS","Australia",2021,9,77.1753400002049,31,51.4961133304189,23,61.6772543658128,7,81.9577143527119,4,79.5862182016403,26,73.3686027098643
"AU","AUS","Australia",2022,12,75.389295695678,31,52.2798381867184,26,58.5243806248587,9,79.3248274386629,4,79.4112214852344,26,73.3524548047549
