"ISO_2","ISO_3","Country","Year","Final Rank","Final Score","Corporate Rank","Corporate Score","Income Rank","Income Score","Consumption Rank","Consumption Score","Property Rank","Property Score","Cross-Border Rank","Cross-Border Score"
"AT","AUT","Austria",2014,15,73.7186144260449,18,69.5562062263754,28,64.4183213205338,18,59.0213391247628,22,61.6086639770531,4,82.0351845043077
"AT","AUT","Austria",2015,13,73.8083612425717,18,68.8039328596525,24,64.7073466269497,17,61.4201749219308,22,61.6522549652156,4,82.5332953951595
"AT","AUT","Austria",2016,14,74.2125067437275,18,70.103081629195,26,62.684969844408,17,57.0842936980095,17,67.3330653738278,4,83.5145229111304
"AT","AUT","Austria",2017,18,71.0610082201048,19,69.6089713332353,34,54.2741804950219,16,61.0476936856596,16,67.104520177083,6,83.4180974493361
"AT","AUT","Austria",2018,16,71.6511729616071,23,67.3551651537694,34,52.988055948169,16,63.1393357825253,15,64.7645977954518,6,83.8742802358338
"AT","AUT","Austria",2019,17,74.1525702705265,22,68.4717702374513,34,52.9758151084636,16,61.8371383539298,15,64.2663539980942,6,94.1638033914601
"AT","AUT","Austria",2020,17,71.8349717847665,28,60.4348725141837,34,52.9939681004326,16,60.7730513099904,15,64.575187496874,6,94.317976049183
"AT","AUT","Austria",2021,17,71.810676575984,23,61.5835957728118,30,60.3093552384853,15,61.121981873397,15,64.4690437316348,7,87.4001460285074
"AT","AUT","Austria",2022,19,69.9048078973546,23,60.0070913169711,32,55.0645760648991,17,58.2211811799154,15,64.4221032436159,7,87.3887441681095
