"ISO_2","ISO_3","Country","Year","Final Rank","Final Score","Corporate Rank","Corporate Score","Income Rank","Income Score","Consumption Rank","Consumption Score","Property Rank","Property Score","Cross-Border Rank","Cross-Border Score"
"AU","AUS","Australia",2022,10,77.3528661653287,29,53.644703024642,27,62.6660168896585,6,82.0061539790424,5,79.1348497776579,21,73.7500769925056
"AU","AUS","Australia",2023,13,75.3656882118103,32,48.4611881834279,27,63.6244395923489,6,82.0061539790424,5,79.3800141775301,21,73.0177754455391
