"ISO_2","ISO_3","Country","Year","Final Rank","Final Score","Corporate Rank","Corporate Score","Income Rank","Income Score","Consumption Rank","Consumption Score","Property Rank","Property Score","Cross-Border Rank","Cross-Border Score"
"AU","AUS","Australia",2014,10,72.2788441350684,28,57.7273526584299,19,66.8089662374664,8,76.3710932272277,3,87.1466538140055,28,57.8821163905558
"AU","AUS","Australia",2015,10,72.259243794766,27,53.2883263244857,19,65.6800978255537,8,79.003381944727,3,87.0160661658078,26,57.4676345818378
"AU","AUS","Australia",2016,10,71.4081473761843,27,56.3040539701048,20,64.4894129718513,8,79.3942484221982,3,87.4029517803576,26,60.9331975022549
"AU","AUS","Australia",2017,10,69.677071275939,27,56.8726971732707,20,65.1607965981315,7,78.2433090069642,4,82.0443681839948,25,60.7043756883645
"AU","AUS","Australia",2018,11,68.1259061501786,29,56.112936021124,17,67.4474571766837,7,78.5852624595986,4,80.498871594724,27,60.1435664614076
"AU","AUS","Australia",2019,9,71.759836752599,30,53.2936128470643,16,68.1901863452333,7,77.8477317745857,4,80.0563175691171,25,71.4709337722751
"AU","AUS","Australia",2020,9,71.8597784850298,30,51.2289431939439,17,67.3992519840303,7,82.578503497453,4,79.9976770114083,24,72.2344829908755
"AU","AUS","Australia",2021,9,71.2702451107816,28,48.7199066937576,17,63.3076892645698,7,82.3807931127626,4,80.1912566430082,24,72.3107967147292
