"ISO_2","ISO_3","Country","Year","Final Rank","Final Score","Corporate Rank","Corporate Score","Income Rank","Income Score","Consumption Rank","Consumption Score","Property Rank","Property Score","Cross-Border Rank","Cross-Border Score"
"AT","AUT","Austria",2014,17,73.1243695629022,19,68.4344857966174,29,59.6337729513093,18,59.0213391247628,22,61.6086639770531,4,82.0351845043077
"AT","AUT","Austria",2015,16,73.2571759123708,17,67.3386421992643,26,56.9842305235242,17,61.4201749219308,22,61.6522549652156,4,82.5332953951595
"AT","AUT","Austria",2016,15,73.9347216087992,17,66.4991134462811,25,59.41235222767,17,57.0842936980095,17,67.3330653738278,4,83.5145229111304
"AT","AUT","Austria",2017,19,69.9004378722851,18,67.9590725908529,29,48.0645149461105,16,61.0476936856596,16,67.104520177083,6,83.4180974493361
"AT","AUT","Austria",2018,18,71.2901968331719,23,65.435550620279,31,51.230127292394,16,63.1393357825253,15,64.7645977954518,6,83.8742802358338
"AT","AUT","Austria",2019,18,73.8033551178268,22,66.3675839609578,32,49.7818501216892,16,61.8371383539298,15,64.2663539980942,6,94.1638033914601
"AT","AUT","Austria",2020,19,71.3648048725265,27,58.4786278592797,31,49.9561142876568,16,60.7730513099904,15,64.575187496874,6,94.317976049183
"AT","AUT","Austria",2021,18,71.5133391066001,25,59.6557979218341,28,58.1437196971027,15,61.121981873397,15,64.4690437316348,7,87.4001460285074
"AT","AUT","Austria",2022,20,68.9330373557846,25,60.3184605175107,31,53.1518003016176,17,58.2211811799154,15,64.4221032436159,7,87.3887441681095
