"ISO_2","ISO_3","Country","Year","Final Rank","Final Score","Corporate Rank","Corporate Score","Income Rank","Income Score","Consumption Rank","Consumption Score","Property Rank","Property Score","Cross-Border Rank","Cross-Border Score"
"AU","AUS","Australia",2014,11,75.239933105351,27,57.4873531898866,24,56.5343616160072,7,77.1776938818352,3,87.1466538140055,28,57.8821163905558
"AU","AUS","Australia",2015,10,74.9827730184846,27,56.4163565786521,23,52.2310117796867,8,82.9320002323919,3,87.0160661658078,26,57.4676345818378
"AU","AUS","Australia",2016,10,74.0521102822823,28,54.2891656219071,23,50.4193031695341,8,80.9581218878912,3,87.4029517803576,26,60.9331975022549
"AU","AUS","Australia",2017,10,72.3789022402947,25,58.4619710996902,24,52.4118630698056,7,85.7531078129959,4,82.0443681839948,25,60.7043756883645
"AU","AUS","Australia",2018,11,72.2817495773712,29,53.6627100518185,24,51.8941948157839,7,85.6117937994731,4,80.498871594724,27,60.1435664614076
"AU","AUS","Australia",2019,10,76.9072090001022,30,59.5344913550764,20,52.3111546912017,7,83.2239080298747,4,80.0563175691171,25,71.4709337722751
"AU","AUS","Australia",2020,9,75.9081764548932,28,55.3662178926934,22,51.329347407268,7,84.111572898422,4,79.9976770114083,24,72.2344829908755
"AU","AUS","Australia",2021,9,74.8824207229768,28,50.2154235763658,22,51.6689034576334,7,83.4083230204466,4,80.1912566430082,24,72.3107967147292
