"ISO_2","ISO_3","Country","Year","Final Rank","Final Score","Corporate Rank","Corporate Score","Income Rank","Income Score","Consumption Rank","Consumption Score","Property Rank","Property Score","Cross-Border Rank","Cross-Border Score"
"AU","AUS","Australia",2014,10,78.7862483729167,25,62.9779782076872,23,67.4461426418761,8,78.5891663966293,3,86.9497976311977,29,58.8221521389519
"AU","AUS","Australia",2015,9,78.4903609212175,25,62.1062287749303,25,64.4937026314613,8,84.1681042909061,3,86.811285538674,27,58.544657301298
"AU","AUS","Australia",2016,10,77.6251519608247,28,62.2426589043487,24,62.9254153537662,7,79.6742886136615,3,87.2027179607258,27,61.6788215682405
"AU","AUS","Australia",2017,10,74.8900472367816,31,61.0990462143036,24,64.6535877022531,7,82.5803389733472,4,81.9350993093326,26,61.504541834666
"AU","AUS","Australia",2018,12,75.0157877501408,33,56.9782441677384,21,64.7403608510486,7,83.5756802324137,4,80.3548341987037,27,61.0701258796282
"AU","AUS","Australia",2019,10,79.4372562578231,31,59.0991559113164,19,64.993103874479,6,82.8196160808623,4,79.8990639668099,26,72.7655446961275
"AU","AUS","Australia",2020,10,78.3914609560686,31,54.9233366414108,19,64.1986552028656,6,82.6983705089079,4,79.8246037170493,26,73.3226241221812
"AU","AUS","Australia",2021,9,77.4268486052917,29,53.6198007599424,19,65.6256372042232,7,81.9577143527119,4,79.5862182016403,26,73.3686027098643
"AU","AUS","Australia",2022,11,76.6127631583173,30,57.0404226546739,20,64.303960774486,9,79.3248274386629,4,79.4112214852344,26,73.3524548047549
