"ISO_2","ISO_3","Country","Year","Final Rank","Final Score","Corporate Rank","Corporate Score","Income Rank","Income Score","Consumption Rank","Consumption Score","Property Rank","Property Score","Cross-Border Rank","Cross-Border Score"
"AT","AUT","Austria",2014,15,73.718025851776,17,69.5499616999496,28,64.4183213205338,18,59.0213391247628,22,61.6086639770531,4,82.0351845043077
"AT","AUT","Austria",2015,13,73.8081401334153,18,68.8068581276928,24,64.7073466269497,17,61.4201749219308,22,61.6522549652156,4,82.5332953951595
"AT","AUT","Austria",2016,14,74.2125067437275,18,70.103081629195,26,62.684969844408,17,57.0842936980095,17,67.3330653738278,4,83.5145229111304
"AT","AUT","Austria",2017,18,71.0609179422715,19,69.6085277113032,34,54.2741804950219,16,61.0476936856596,16,67.104520177083,6,83.4180974493361
"AT","AUT","Austria",2018,16,71.6516057312628,23,67.3557109919269,34,52.988055948169,16,63.1393357825253,15,64.7645977954518,6,83.8742802358338
"AT","AUT","Austria",2019,17,74.1549626421033,22,68.4749541674631,34,52.9758151084636,16,61.8371383539298,15,64.2663539980942,6,94.1638033914601
"AT","AUT","Austria",2020,17,71.7423909725864,27,60.3964344119233,34,52.8931896745341,16,60.7730513099904,15,64.575187496874,6,94.317976049183
"AT","AUT","Austria",2021,16,71.6982217730525,23,62.9354253090232,30,60.3093552234189,15,61.121981873397,15,64.4690437316348,7,87.4001460285074
"AT","AUT","Austria",2022,18,69.7266160462733,23,65.5309079333739,32,55.9543778213415,17,58.2211811799154,15,64.4221032436159,7,87.3887441681095
