"ISO_2","ISO_3","Country","Year","Final Rank","Final Score","Corporate Rank","Corporate Score","Income Rank","Income Score","Consumption Rank","Consumption Score","Property Rank","Property Score","Cross-Border Rank","Cross-Border Score"
"AT","AUT","Austria",2022,18,69.9629967985287,23,60.9529401721237,31,58.7379574183803,17,57.3678159671342,15,64.2879816785109,8,86.0497422457089
"AT","AUT","Austria",2023,20,68.1506446045809,20,62.5937822105363,29,60.9070476623176,17,57.3678159671342,15,64.359237706957,16,77.4899230817734
