"ISO_2","ISO_3","Country","Year","Final Rank","Final Score","Corporate Rank","Corporate Score","Income Rank","Income Score","Consumption Rank","Consumption Score","Property Rank","Property Score","Cross-Border Rank","Cross-Border Score"
"AT","AUT","Austria",2014,17,69.9396446136355,16,67.1130038632296,30,49.3045699514182,17,57.0763967328051,21,62.0817649966729,4,81.8492846566501
"AT","AUT","Austria",2015,16,70.1508215880964,16,65.9193728911846,27,48.2496544296311,16,59.4772501828069,21,62.1303761641639,4,82.3309298655855
"AT","AUT","Austria",2016,14,70.495708294013,16,64.521617836168,29,46.1452721995681,16,57.914885553406,16,67.8772701236163,4,83.4789449207423
"AT","AUT","Austria",2017,18,66.6441277785873,17,65.8513699045995,34,36.0448290843168,16,62.1581782937618,15,67.643078510227,5,83.3210297103598
"AT","AUT","Austria",2018,17,66.5508784712034,17,63.233370677037,34,33.5494083084493,15,63.5773489969384,14,65.3810125017727,6,83.8283234853896
"AT","AUT","Austria",2019,17,69.9372758182138,18,67.8641349597691,34,33.7877575194994,15,61.8280866595762,14,64.6074859120342,5,93.750603998226
"AT","AUT","Austria",2020,24,66.204460301579,26,55.7447309180602,34,33.5089650972704,15,61.5029206831806,14,64.9051815042318,5,94.0593460943386
"AT","AUT","Austria",2021,26,64.4931510062443,21,55.3699700878847,34,34.3617764670517,14,61.0936880991652,14,64.7845054408592,7,86.7362848882945
