"ISO_2","ISO_3","Country","Year","Final Rank","Final Score","Corporate Rank","Corporate Score","Income Rank","Income Score","Consumption Rank","Consumption Score","Property Rank","Property Score","International Rank","International Score"
"AU","AUS","Australia",2014,10,72.2941912969814,28,57.7273526584299,19,66.8089662374664,8,76.3710932272277,3,87.1466538140055,28,58.6040669390494
"AU","AUS","Australia",2015,10,72.2812306406736,27,53.2883263244857,19,65.6800978255537,8,79.003381944727,3,87.0160661658078,26,58.6856985286299
"AU","AUS","Australia",2016,10,71.430165563293,27,56.3040539701048,20,64.4894129718513,8,79.3942484221982,3,87.4029517803576,26,62.3640633923029
"AU","AUS","Australia",2017,10,69.6910140168839,27,56.8726971732707,20,65.1607965981315,7,78.2433090069642,4,82.0443681839948,25,62.1118845076594
"AU","AUS","Australia",2018,11,68.1430718848703,29,56.112936021124,17,67.4474571766837,7,78.5852624595986,4,80.498871594724,27,61.6424472667601
"AU","AUS","Australia",2019,9,71.7969868023677,30,53.2936128470643,16,68.1901863452333,7,77.8477317745857,4,80.0563175691171,25,72.7426578632387
"AU","AUS","Australia",2020,9,71.8998335130633,30,51.2289431939439,17,67.3992519840303,7,82.578503497453,4,79.9976770114083,24,73.4848170409146
"AU","AUS","Australia",2021,9,71.2852269101616,29,48.8212852676055,17,63.3076892602406,7,82.3807931382436,4,80.1912566505939,24,72.2446666728498
