"ISO_2","ISO_3","Country","Year","Final Rank","Final Score","Corporate Rank","Corporate Score","Income Rank","Income Score","Consumption Rank","Consumption Score","Property Rank","Property Score","Cross-Border Rank","Cross-Border Score"
"AU","AUS","Australia",2014,10,77.6725349166339,25,60.1965372881285,23,67.4461426418761,8,78.5891663966293,3,86.9497976311977,29,58.8221521389519
"AU","AUS","Australia",2015,9,77.3619979711828,21,58.9944576049972,25,64.4937026314613,8,84.1681042909061,3,86.811285538674,27,58.544657301298
"AU","AUS","Australia",2016,10,76.4867769769631,25,58.3018713668794,24,62.9254153537662,7,79.6742886136615,3,87.2027179607258,27,61.6788215682405
"AU","AUS","Australia",2017,10,73.4016945118143,30,56.9748960447321,24,64.6535877022531,7,82.5803389733472,4,81.9350993093326,26,61.504541834666
"AU","AUS","Australia",2018,12,73.9352598445632,33,54.5999520111273,21,64.7403608510486,7,83.5756802324137,4,80.3548341987037,27,61.0701258796282
"AU","AUS","Australia",2019,10,78.1676776679855,31,56.4943333859973,19,64.993103874479,6,82.8196160808623,4,79.8990639668099,26,72.7655446961275
"AU","AUS","Australia",2020,10,77.1277537153657,30,52.5342076012542,19,64.1986552028656,6,82.6983705089079,4,79.8246037170493,26,73.3226241221812
"AU","AUS","Australia",2021,9,76.1626044365227,28,51.3683709297682,19,65.6256372042232,7,81.9577143527119,4,79.5862182016403,26,73.3686027098643
"AU","AUS","Australia",2022,11,77.7199398264582,29,53.0948228995131,20,64.3039607844029,9,79.2347080003145,4,79.411221485439,23,73.8801745035871
