"ISO_2","ISO_3","Country","Year","Final Rank","Final Score","Corporate Rank","Corporate Score","Income Rank","Income Score","Consumption Rank","Consumption Score","Property Rank","Property Score","Cross-Border Rank","Cross-Border Score"
"AT","AUT","Austria",2014,15,72.7329254322247,15,66.1175283419018,28,64.4183213205338,18,59.0213391247628,22,61.6086639770531,4,82.0351845043077
"AT","AUT","Austria",2015,13,72.7983740677438,16,65.1157096077912,24,64.7073466269497,17,61.4201749219308,22,61.6522549652156,4,82.5332953951595
"AT","AUT","Austria",2016,14,73.1601860319193,16,65.6646248652082,26,62.684969844408,17,57.0842936980095,17,67.3330653738278,4,83.5145229111304
"AT","AUT","Austria",2017,17,69.6868345824187,17,64.5117818516068,34,54.2741804950219,16,61.0476936856596,16,67.104520177083,6,83.4180974493361
"AT","AUT","Austria",2018,16,70.6529196330965,21,64.0417852467555,34,52.988055948169,16,63.1393357825253,15,64.7645977954518,6,83.8742802358338
"AT","AUT","Austria",2019,17,73.0222735589751,19,65.0177673921096,34,52.9758151084636,16,61.8371383539298,15,64.2663539980942,6,94.1638033914601
"AT","AUT","Austria",2020,17,70.6718207066925,25,57.543350676883,34,52.8931896745341,16,60.7730513099904,15,64.575187496874,6,94.317976049183
"AT","AUT","Austria",2021,16,70.5887706381049,22,59.7519529424957,30,60.3093552234189,15,61.121981873397,15,64.4690437316348,7,87.4001460285074
"AT","AUT","Austria",2022,18,68.6466546308419,23,61.0315532267745,32,55.9543778213415,17,58.2211811799154,15,64.4221032436159,7,87.2980149873723
