"ISO_2","ISO_3","Country","Year","Final Rank","Final Score","Corporate Rank","Corporate Score","Income Rank","Income Score","Consumption Rank","Consumption Score","Property Rank","Property Score","Cross-Border Rank","Cross-Border Score"
"BE","BEL","Belgium",2014,15,67.5008293221332,26,59.9533061516188,11,80.7597616837624,23,57.2031591375214,26,57.1283964380323,7,76.7949291380203
"BE","BEL","Belgium",2015,17,66.3879229406305,21,55.824313916234,10,79.6308489181946,25,55.8892394585441,26,56.999088896071,8,77.0271439069549
"BE","BEL","Belgium",2016,19,63.9892766855799,25,58.1797560879116,9,78.0984694932327,27,52.9807351554795,26,57.205982010856,10,78.1416645761184
"BE","BEL","Belgium",2017,21,62.5841771964747,20,59.3167069431095,10,75.9635500706965,27,49.406154225952,26,57.0803305930163,12,76.0175827826881
"BE","BEL","Belgium",2018,21,60.1645085379128,17,64.4065214004973,9,76.7995459714978,26,50.7136746312125,30,45.9649880565085,10,76.4852813564392
"BE","BEL","Belgium",2019,23,61.8390109207726,20,61.155970147856,9,76.4263457486167,26,50.0732824464262,30,45.0168639083102,9,85.2700379415476
"BE","BEL","Belgium",2020,19,65.0495757249234,10,68.4646360916248,10,76.1938354772296,30,59.9188396621104,25,53.764373864201,18,77.8779009285797
"BE","BEL","Belgium",2021,23,61.6037380764033,15,63.7661197431805,11,73.7396778261077,30,59.6028781496723,30,45.210329689014,18,77.8633264936487
