"ISO_2","ISO_3","Country","Year","Final Rank","Final Score","Corporate Rank","Corporate Score","Income Rank","Income Score","Consumption Rank","Consumption Score","Property Rank","Property Score","Cross-Border Rank","Cross-Border Score"
"BE","BEL","Belgium",2022,22,67.3957593465939,14,68.3469362530135,9,80.6732464825108,24,49.3861068954863,30,45.2323551774253,18,76.5463776026759
"BE","BEL","Belgium",2023,25,62.6340799795479,15,66.5678159138397,11,84.0091798484312,24,49.3861068954863,30,45.2236342802071,33,61.0406538718499
