"ISO_2","ISO_3","Country","Year","Final Rank","Final Score","Corporate Rank","Corporate Score","Income Rank","Income Score","Consumption Rank","Consumption Score","Property Rank","Property Score","Cross-Border Rank","Cross-Border Score"
"BE","BEL","Belgium",2014,16,70.8976285811976,31,55.3314546951807,14,73.0839961260676,18,54.9936508953689,26,57.1283964380323,7,76.7949291380203
"BE","BEL","Belgium",2015,17,70.0792878906423,30,54.609787304862,14,68.9033225767359,18,57.369193812795,26,56.999088896071,8,77.0271439069549
"BE","BEL","Belgium",2016,21,67.3519725242952,30,52.1816240750464,13,66.7566065697604,19,50.8212390541367,26,57.205982010856,10,78.1416645761184
"BE","BEL","Belgium",2017,19,65.7357708728059,27,57.6415999109712,14,64.9489303769322,20,52.6725790092347,26,57.0803305930163,12,76.0175827826881
"BE","BEL","Belgium",2018,21,64.6921680099912,22,58.9124456739332,14,63.9578510232682,20,54.4460988375908,30,45.9649880565085,10,76.4852813564392
"BE","BEL","Belgium",2019,23,67.4337747012222,26,63.2891095829387,14,62.7093639098914,23,52.5442400199167,30,45.0168639083102,9,85.2700379415476
"BE","BEL","Belgium",2020,16,68.9804086488805,15,67.8259215057137,14,62.4430195539274,22,53.42354228219,25,53.764373864201,18,77.8779009285797
"BE","BEL","Belgium",2021,25,64.8210851507428,17,61.6025463468768,14,63.0811511562622,22,52.5937896566571,30,45.2103296884875,18,77.8633264976664
