"ISO_2","ISO_3","Country","Year","Final Rank","Final Score","Corporate Rank","Corporate Score","Income Rank","Income Score","Consumption Rank","Consumption Score","Property Rank","Property Score","Cross-Border Rank","Cross-Border Score"
"BE","BEL","Belgium",2022,24,66.6660221375797,14,68.3469362530135,12,84.1394139288075,24,49.3861068954863,30,45.2323551774253,18,76.5463776026759
"BE","BEL","Belgium",2023,26,61.9546710864573,15,66.5678159138397,13,84.5216359163252,24,49.3861068954863,30,45.2236342802071,33,61.0406538718499
