"ISO_2","ISO_3","Country","Year","Final Rank","Final Score","Corporate Rank","Corporate Score","Income Rank","Income Score","Consumption Rank","Consumption Score","Property Rank","Property Score","Cross-Border Rank","Cross-Border Score"
"BE","BEL","Belgium",2014,18,72.5507760409207,28,61.0730685595973,11,76.0956445181906,19,56.6121423595557,27,56.9111600751016,9,76.6491204018246
"BE","BEL","Belgium",2015,18,71.9829611891374,28,60.4415538545498,12,71.6703400276572,19,59.0080183068293,26,56.76851054214,10,76.9059951931246
"BE","BEL","Belgium",2016,21,69.1990040886013,27,58.5109450625757,12,71.4544918469146,20,50.2814478671412,27,56.9655300136942,10,77.7963299657375
"BE","BEL","Belgium",2017,22,66.5115015037737,28,61.4896891351724,13,69.6966220948923,21,51.0747379049428,27,56.8414642950063,12,75.6737042793735
"BE","BEL","Belgium",2018,23,68.0411671676038,18,67.7777761908493,12,72.0477561533664,22,53.5408471326121,31,45.4995530297705,12,76.0714090272662
"BE","BEL","Belgium",2019,24,69.1963895538381,23,65.9954079383361,14,68.8158551553168,25,52.2512120124836,31,44.9728774217369,10,85.1167871365708
"BE","BEL","Belgium",2020,21,71.0296789179426,14,72.4828274053444,15,68.8750597196234,23,52.3373624759747,26,53.8051322956647,19,77.9692053277203
"BE","BEL","Belgium",2021,26,66.8820015164395,15,68.2483375854479,15,69.3432160912471,24,51.9334971867301,31,45.0974821890647,19,77.9640922903936
"BE","BEL","Belgium",2022,25,66.0849073117944,14,70.6883607285333,12,68.4699994507836,24,49.8653504564004,31,45.1145469480158,19,77.9363242176535
