"ISO_2","ISO_3","Country","Year","Final Rank","Final Score","Corporate Rank","Corporate Score","Income Rank","Income Score","Consumption Rank","Consumption Score","Property Rank","Property Score","Cross-Border Rank","Cross-Border Score"
"BE","BEL","Belgium",2014,19,71.476708568352,30,56.5586851558034,12,81.7972283988742,19,56.6121423595557,27,56.9111600751016,9,76.6491204018246
"BE","BEL","Belgium",2015,20,70.8544688639973,29,56.0246402640525,12,80.1261534303589,19,59.0080183068293,26,56.76851054214,10,76.9059951931246
"BE","BEL","Belgium",2016,22,68.0634371745182,31,55.801705208874,12,77.7732139546686,20,50.2814478671412,27,56.9655300136942,10,77.7963299657375
"BE","BEL","Belgium",2017,23,65.4995239848997,32,56.5703796665592,13,75.6859482527624,21,51.0747379049428,27,56.8414642950063,12,75.6737042793735
"BE","BEL","Belgium",2018,23,66.5301735224601,18,64.6471846014219,13,75.0255426884749,22,53.5408471326121,31,45.4995530297705,12,76.0714090272662
"BE","BEL","Belgium",2019,25,67.7304414682255,22,62.8679759134761,12,73.8831671647634,25,52.2512120124836,31,44.9728774217369,10,85.1167871365708
"BE","BEL","Belgium",2020,20,69.6388087369834,11,68.523633712249,13,73.3988593188542,23,52.3373624759747,26,53.8051322956647,19,77.9692053277203
"BE","BEL","Belgium",2021,25,65.4307670142425,12,65.5350599022634,13,75.0042498566708,24,51.9334971867301,31,45.0974821890647,19,77.9640922903936
"BE","BEL","Belgium",2022,24,64.9777688731969,14,67.8759020341781,13,74.3966720626413,24,49.8653504453003,30,44.9852206293304,19,77.7775914748982
