"ISO_2","ISO_3","Country","Year","Final Rank","Final Score","Corporate Rank","Corporate Score","Income Rank","Income Score","Consumption Rank","Consumption Score","Property Rank","Property Score","Cross-Border Rank","Cross-Border Score"
"CA","CAN","Canada",2014,27,67.287441729746,27,62.7399419335571,31,63.6456681963156,15,63.3438787329193,28,56.3321255672376,21,64.6094864712472
"CA","CAN","Canada",2015,21,71.4270979882754,26,61.5771384998961,23,65.3945041685097,9,82.1581010293738,27,56.5666616666851,19,64.5038240168767
"CA","CAN","Canada",2016,20,70.5804301711467,26,62.8698134644741,27,62.2710187809947,9,78.4925563524757,26,57.1004815829169,21,67.1302686652324
"CA","CAN","Canada",2017,20,70.0103703749104,27,63.3852000703499,29,60.4403170036725,6,84.9248198185543,26,57.3530757080497,21,66.858964961154
"CA","CAN","Canada",2018,19,70.0778905608202,28,60.6274559946988,30,58.8721171282555,6,86.3189192876107,25,54.4261521967889,21,66.2499960562549
"CA","CAN","Canada",2019,18,73.0032100550747,27,63.3612024612571,28,58.2794852877066,8,81.1966560760112,25,53.926482783918,17,79.1683466252719
"CA","CAN","Canada",2020,16,72.7152421282153,26,60.4774173196731,28,58.5498218410012,8,81.8098972369986,25,54.1634698057655,16,79.9113149588796
"CA","CAN","Canada",2021,17,70.7315875875412,27,58.5129805381571,32,56.7958505280617,8,81.5055900965816,25,53.9334279450215,16,79.954449272651
"CA","CAN","Canada",2022,16,70.1193224226683,27,60.9944705128892,31,56.9805677953975,8,79.5132050143647,25,53.3335337521158,16,79.9366646440016
