"ISO_2","ISO_3","Country","Year","Final Rank","Final Score","Corporate Rank","Corporate Score","Income Rank","Income Score","Consumption Rank","Consumption Score","Property Rank","Property Score","Cross-Border Rank","Cross-Border Score"
"CA","CAN","Canada",2022,16,71.5714240281784,27,57.2965458494179,29,70.8108003074245,8,78.7824688569185,26,53.1167161371158,15,80.153943113482
"CA","CAN","Canada",2023,15,71.3070265097262,23,58.0131312648364,24,66.5460325842074,8,78.7824688569185,26,53.2049105553266,15,79.2490815312047
