"ISO_2","ISO_3","Country","Year","Final Rank","Final Score","Corporate Rank","Corporate Score","Income Rank","Income Score","Consumption Rank","Consumption Score","Property Rank","Property Score","Cross-Border Rank","Cross-Border Score"
"CA","CAN","Canada",2022,15,72.1937736850825,27,57.2965458494179,26,64.431801870436,8,78.7824688569185,26,53.1167161371158,15,80.153943113482
"CA","CAN","Canada",2023,15,71.8194221681473,24,58.0131312648364,24,65.4384421111655,8,78.7824688569185,26,53.2049105553266,15,79.2490815312047
