"ISO_2","ISO_3","Country","Year","Final Rank","Final Score","Corporate Rank","Corporate Score","Income Rank","Income Score","Consumption Rank","Consumption Score","Property Rank","Property Score","Cross-Border Rank","Cross-Border Score"
"CA","CAN","Canada",2014,27,66.5150873620003,26,60.1755403625903,31,63.6456681963156,15,63.3438787329193,28,56.3321255672376,21,64.6094864712472
"CA","CAN","Canada",2015,21,70.5278373478244,22,58.7027646515412,23,65.3945041685097,9,82.1581010293738,27,56.5666616666851,19,64.5038240168767
"CA","CAN","Canada",2016,20,69.6707745506827,24,59.0792585793753,27,62.2710187809947,9,78.4925563524757,26,57.1004815829169,21,67.1302686652324
"CA","CAN","Canada",2017,20,68.7347682038456,24,59.25686339414,29,60.4403170036725,6,84.9248198185543,26,57.3530757080497,21,66.858964961154
"CA","CAN","Canada",2018,18,69.1681387299927,27,58.1078646415257,30,58.8721171282555,6,86.3189192876107,25,54.4261521967889,21,66.2499960562549
"CA","CAN","Canada",2019,18,71.9544421239224,26,60.5586074554668,28,58.2794852877066,8,81.1966560760112,25,53.926482783918,17,79.1683466252719
"CA","CAN","Canada",2020,16,71.6557303412754,24,57.7518206269011,28,58.5498218410012,8,81.8098972369986,25,54.1634698057655,16,79.9113149588796
"CA","CAN","Canada",2021,18,69.704481618658,26,55.978735758598,32,56.7958505280617,8,81.5055900965816,25,53.9334279450215,16,79.954449272651
"CA","CAN","Canada",2022,16,71.4144051589085,27,57.0149102274698,31,57.3381927672983,8,79.4522692669509,25,53.333533746908,16,80.5117531356392
