"ISO_2","ISO_3","Country","Year","Final Rank","Final Score","Corporate Rank","Corporate Score","Income Rank","Income Score","Consumption Rank","Consumption Score","Property Rank","Property Score","International Rank","International Score"
"CA","CAN","Canada",2014,25,62.4026232569111,24,60.0525877501979,26,57.6107748571528,9,71.0048419676825,27,56.8350447227177,19,65.332145872318
"CA","CAN","Canada",2015,18,65.8960798035651,24,55.3718310613112,23,62.2711047519963,7,80.5598357218509,25,57.0831230753638,17,65.6372382845097
"CA","CAN","Canada",2016,18,64.8379293189514,24,58.4596220036032,24,59.8247174057051,7,81.3653786964819,25,57.5915892360737,18,68.6762287900824
"CA","CAN","Canada",2017,20,63.1075515118929,22,58.7450629923326,27,56.9266430658678,9,76.6060817718385,25,57.842241364218,18,68.3239373237229
"CA","CAN","Canada",2018,20,61.0228800968272,23,58.6819649943211,27,58.087251221575,8,76.8234021037578,24,55.0246695093823,19,67.6844100406355
"CA","CAN","Canada",2019,18,65.1510586609801,22,58.461531142749,27,57.5386960215198,9,76.8002179126974,24,54.2178359433451,15,80.2350812806589
"CA","CAN","Canada",2020,18,65.4779337499468,21,57.3884925401895,27,56.3888928357275,8,81.924984198484,24,54.2097691202786,14,81.1656369299708
"CA","CAN","Canada",2021,19,64.6427446374094,23,55.3446899799253,27,50.5489330300052,8,81.4565849752614,24,53.9939653256674,16,80.6863077959945
