"ISO_2","ISO_3","Country","Year","Final Rank","Final Score","Corporate Rank","Corporate Score","Income Rank","Income Score","Consumption Rank","Consumption Score","Property Rank","Property Score","Cross-Border Rank","Cross-Border Score"
"CA","CAN","Canada",2014,25,67.3257692249191,30,60.4645736292657,25,62.6579238031204,15,63.3438787329193,28,56.3321255672376,21,64.6094864712472
"CA","CAN","Canada",2015,19,71.4365676920502,30,59.0061718766911,18,61.2196149557341,9,82.1581010293738,27,56.5666616666851,19,64.5038240168767
"CA","CAN","Canada",2016,20,70.9682405576732,32,57.5444464507618,19,62.8314683790512,9,78.4925563524757,26,57.1004815829169,21,67.1302686652324
"CA","CAN","Canada",2017,20,69.6304389580898,29,60.4322465135829,23,58.7028345502823,6,84.9248198185543,26,57.3530757080497,21,66.858964961154
"CA","CAN","Canada",2018,20,70.3742803660218,31,57.4994159824353,24,60.1026470644384,6,86.3189192876107,25,54.4261521967889,21,66.2499960562549
"CA","CAN","Canada",2019,19,73.2950535914443,29,60.055274545103,23,57.9556442017206,8,81.1966560760112,25,53.926482783918,17,79.1683466252719
"CA","CAN","Canada",2020,17,72.928795070722,29,57.4135224129333,23,58.1275221047025,8,81.8098972369986,25,54.1634698057655,16,79.9113149588796
"CA","CAN","Canada",2021,21,70.6440049987876,27,54.5176679580461,29,56.3885907115625,8,81.5055900965816,25,53.9334279450215,16,79.954449272651
"CA","CAN","Canada",2022,19,69.531784412751,28,54.5276539763894,29,55.5717322287093,8,79.5132050143647,25,53.3335337521158,16,79.9366646440016
