"ISO_2","ISO_3","Country","Year","Final Rank","Final Score","Corporate Rank","Corporate Score","Income Rank","Income Score","Consumption Rank","Consumption Score","Property Rank","Property Score","International Rank","International Score"
"CA","CAN","Canada",2014,25,62.410612756514,24,60.0525877501979,26,57.6107748571528,9,71.0048419676825,27,56.8350447227177,20,65.5262786405994
"CA","CAN","Canada",2015,18,65.9063582345289,24,55.3718310613112,23,62.2711047519963,7,80.5598357218509,25,57.0831230753638,17,65.8251426198412
"CA","CAN","Canada",2016,18,64.8480960436364,24,58.4596220036032,24,59.8247174057051,7,81.3653786964819,25,57.5915892360737,18,68.8291721369559
"CA","CAN","Canada",2017,20,63.0890262501602,22,58.7450629923326,27,56.9266430658678,9,76.6060817718385,25,57.842241364218,19,68.4722129965708
"CA","CAN","Canada",2018,19,60.9990162057229,23,58.6819649943211,27,58.087251221575,8,76.8234021037578,24,55.0246695093823,20,67.8931390647581
"CA","CAN","Canada",2019,18,65.1255882356634,22,58.461531142749,27,57.5386960215198,9,76.8002179126974,24,54.2178359433451,16,80.3486943284269
"CA","CAN","Canada",2020,18,65.4425809386542,21,57.3884925401895,27,56.3888928357275,8,81.924984198484,24,54.2097691202786,16,81.2498702972453
"CA","CAN","Canada",2021,20,64.6369886843685,23,55.3446899799253,27,50.5489330300052,8,81.4565849752614,24,53.9939653256674,16,80.4309273604595
