"ISO_2","ISO_3","Country","Year","Final Rank","Final Score","Corporate Rank","Corporate Score","Income Rank","Income Score","Consumption Rank","Consumption Score","Property Rank","Property Score","Cross-Border Rank","Cross-Border Score"
"CL","CHL","Chile",2014,24,68.9484677694408,16,65.8450268985231,16,71.9811210320217,9,73.043101184782,14,70.298270670067,37,35.4066975438037
"CL","CHL","Chile",2015,25,67.1545533242409,23,58.5162664406932,15,72.6405681573564,10,75.7226897648386,13,70.4936809226782,37,34.8112640917158
"CL","CHL","Chile",2016,29,62.4437175673215,21,60.2682725852165,22,65.0121366286504,11,70.178861079468,14,70.7060272357029,38,30.4812262459169
"CL","CHL","Chile",2017,27,60.6004440052418,34,49.5911103135943,16,71.1769154787008,10,75.3261009609831,12,70.833946729243,38,30.3569224548092
"CL","CHL","Chile",2018,27,61.2661807771006,34,48.5945251912839,14,73.0162785689405,11,75.9278013593312,13,68.6605049100736,38,30.422224797432
"CL","CHL","Chile",2019,28,63.1843944759075,34,48.541361909395,15,70.7163034387739,11,74.9466943318394,13,68.1977943985041,38,35.5701122027782
"CL","CHL","Chile",2020,35,58.2542596409833,35,41.0091528842906,26,59.3778791430582,10,75.3959439997686,13,67.869713375004,38,35.2954898346552
"CL","CHL","Chile",2021,26,62.4784887336928,20,60.9187835254884,29,60.5818817264346,10,74.8836155210244,13,67.5636152579758,38,35.3065061000534
"CL","CHL","Chile",2022,27,62.3034569256642,12,68.8588070052404,35,52.8952081252764,11,73.0137129041852,13,67.7318095312036,38,35.5615389226678
