"ISO_2","ISO_3","Country","Year","Final Rank","Final Score","Corporate Rank","Corporate Score","Income Rank","Income Score","Consumption Rank","Consumption Score","Property Rank","Property Score","Cross-Border Rank","Cross-Border Score"
"CL","CHL","Chile",2014,26,67.7337525138443,30,60.3810891605994,16,71.9811210320217,9,73.043101184782,14,70.298270670067,37,35.4066975438037
"CL","CHL","Chile",2015,25,66.9173205245322,30,57.093578046288,15,72.6405681573564,10,75.7226897648386,13,70.4936809226782,37,34.8112640917158
"CL","CHL","Chile",2016,31,61.4721888764895,33,57.5826933307699,22,65.0121366286504,11,70.178861079468,14,70.7060272357029,38,30.4812262459169
"CL","CHL","Chile",2017,27,61.8744462551743,34,53.5154856501982,16,71.1769154787008,10,75.3261009609831,12,70.833946729243,38,30.3569224548092
"CL","CHL","Chile",2018,27,62.498919960741,34,52.2408814688865,14,73.0162785689405,11,75.9278013593312,13,68.6605049100736,38,30.422224797432
"CL","CHL","Chile",2019,27,65.0999494644805,34,54.2884439070989,15,70.7163034387739,11,74.9466943318394,13,68.1977943985041,38,35.5701122027782
"CL","CHL","Chile",2020,26,67.892090653927,8,77.6926058652429,26,59.4272016575386,10,75.3959439997686,13,67.869713375004,38,35.2954898346552
"CL","CHL","Chile",2021,16,72.8544787816265,1,100,29,60.5818817336103,10,74.8836155210244,13,67.5636152579758,38,35.3065061000534
"CL","CHL","Chile",2022,15,72.0105748608677,1,100,35,51.9790624293188,11,72.5122233390635,13,67.6321655431273,38,35.307525924778
