"ISO_2","ISO_3","Country","Year","Final Rank","Final Score","Corporate Rank","Corporate Score","Income Rank","Income Score","Consumption Rank","Consumption Score","Property Rank","Property Score","Cross-Border Rank","Cross-Border Score"
"CL","CHL","Chile",2014,25,66.1311503150611,18,64.1822383140873,21,59.079505627983,8,70.5852476901694,13,70.452625645208,36,34.4151035385384
"CL","CHL","Chile",2015,24,65.455811395859,18,60.5532366111863,19,58.0522027909876,9,73.2913475666928,12,70.6528963377045,36,33.6674227849365
"CL","CHL","Chile",2016,31,59.0936200534517,23,56.491036139294,26,48.4980783876765,10,71.2511288852301,13,70.8716017197746,37,29.9317075953768
"CL","CHL","Chile",2017,30,59.0780577142676,33,51.8605882500712,19,55.9598984838102,9,76.5857969823895,12,70.990148816613,37,29.7908957431998
"CL","CHL","Chile",2018,28,58.7320891456874,34,47.4870829514697,16,57.5260473208022,10,76.4093683092921,12,68.869164128017,37,29.819433851933
"CL","CHL","Chile",2019,29,62.4143664883145,34,55.1843551253833,18,55.0209249640704,10,74.8881117655079,12,68.2359799209559,37,34.621703632742
"CL","CHL","Chile",2020,26,64.2619358718212,4,76.9933317250703,30,41.1460579804401,10,76.1795797243947,12,67.8459075168065,37,34.3686476847197
"CL","CHL","Chile",2021,15,68.4457615421875,3,97.896793722076,30,39.3957185597002,10,74.8632837013566,12,67.7208365794077,37,34.3938457401946
