"ISO_2","ISO_3","Country","Year","Final Rank","Final Score","Corporate Rank","Corporate Score","Income Rank","Income Score","Consumption Rank","Consumption Score","Property Rank","Property Score","Cross-Border Rank","Cross-Border Score"
"CL","CHL","Chile",2014,25,68.1399763557081,28,62.0898060201378,16,71.9811210320217,9,73.043101184782,14,70.298270670067,37,35.4066975438037
"CL","CHL","Chile",2015,25,66.3009843791023,31,54.5898253130585,15,72.6405681573564,10,75.7226897648386,13,70.4936809226782,37,34.8112640917158
"CL","CHL","Chile",2016,31,61.4721888764895,33,57.5826933307699,22,65.0121366286504,11,70.178861079468,14,70.7060272357029,38,30.4812262459169
"CL","CHL","Chile",2017,27,61.6950293215155,35,52.7624215569928,16,71.1769154787008,10,75.3261009609831,12,70.833946729243,38,30.3569224548092
"CL","CHL","Chile",2018,27,62.0308181100023,34,50.3777126784879,14,73.0162785689405,11,75.9278013593312,13,68.6605049100736,38,30.422224797432
"CL","CHL","Chile",2019,28,64.0553543758235,34,50.3508678330559,15,70.7163034387739,11,74.9466943318394,13,68.1977943985041,38,35.5701122027782
"CL","CHL","Chile",2020,35,59.0083424361295,35,42.1583502705021,26,59.3778791430582,10,75.3959439997686,13,67.869713375004,38,35.2954898346552
"CL","CHL","Chile",2021,26,63.3627061809248,21,64.2319779767306,29,60.5818817264346,10,74.8836155210244,13,67.5636152579758,38,35.3065061000534
"CL","CHL","Chile",2022,27,62.6406507339006,15,73.6725173878487,34,52.9197059460678,11,72.5122233390635,13,67.6321655431273,38,35.307525924778
