"ISO_2","ISO_3","Country","Year","Final Rank","Final Score","Corporate Rank","Corporate Score","Income Rank","Income Score","Consumption Rank","Consumption Score","Property Rank","Property Score","International Rank","International Score"
"CL","CHL","Chile",2014,32,53.5577086565913,13,67.2444448692465,25,58.9011549515523,27,50.2232822812635,13,70.452625645208,37,31.858282042131
"CL","CHL","Chile",2015,33,52.7219744839429,15,60.5305665091448,24,60.3579034662808,30,49.8555561299873,12,70.6528963377045,37,31.9356329043344
"CL","CHL","Chile",2016,34,46.5544879345059,20,60.8822057525661,30,52.7236918060427,30,49.5621087100329,13,70.8716017197746,37,29.1330939542596
"CL","CHL","Chile",2017,36,46.2206818550385,33,52.1565560905869,25,57.7232086060845,30,46.6041314441151,12,70.990148816613,37,28.9976530737316
"CL","CHL","Chile",2018,36,43.6400181916654,32,52.9015840629036,25,60.1503625252734,32,47.4009766393792,12,68.869164128017,37,29.0565012571951
"CL","CHL","Chile",2019,36,46.1350551027333,32,51.0982440928589,25,58.7425420774035,31,47.1538624497638,12,68.2359799209559,37,33.5991047220505
"CL","CHL","Chile",2020,33,51.7493813065497,5,77.6215644891531,35,47.6251188313404,28,60.0706612036878,12,67.8459075168065,37,33.3289868991324
"CL","CHL","Chile",2021,28,57.8618660032299,1,100,35,40.6549663642058,29,59.6545777456635,12,67.7208365787431,37,33.9363246993371
