"ISO_2","ISO_3","Country","Year","Final Rank","Final Score","Corporate Rank","Corporate Score","Income Rank","Income Score","Consumption Rank","Consumption Score","Property Rank","Property Score","International Rank","International Score"
"CL","CHL","Chile",2014,33,53.4014783745957,13,67.2444448692465,25,58.9011549515523,27,50.2232822812635,13,70.452625645208,37,31.6549629640431
"CL","CHL","Chile",2015,33,52.562171122505,15,60.5305665091448,24,60.3579034662808,30,49.8555561299873,12,70.6528963377045,37,31.7218170951905
"CL","CHL","Chile",2016,34,46.39024288926,20,60.8822057525661,30,52.7236918060427,30,49.5621087100329,13,70.8716017197746,37,28.955054104539
"CL","CHL","Chile",2017,36,46.04064991873,33,52.1565560905869,25,57.7232086060845,30,46.6041314441151,12,70.990148816613,37,28.8117392454861
"CL","CHL","Chile",2018,36,43.3801899490067,32,52.9015840629036,25,60.1503625252734,32,47.4009766393792,12,68.869164128017,37,28.8010459217133
"CL","CHL","Chile",2019,36,45.8655617735172,32,51.0982440928589,25,58.7425420774035,31,47.1538624497638,12,68.2359799209559,37,33.2580003871263
"CL","CHL","Chile",2020,33,51.4577952824595,5,77.6215644891531,35,47.6251188313404,28,60.0706612036878,12,67.8459075168065,37,32.973160714178
"CL","CHL","Chile",2021,27,58.1805943899735,1,100,35,40.6549663642058,29,59.6545777456635,12,67.7208365787431,37,34.3558998101557
