"ISO_2","ISO_3","Country","Year","Final Rank","Final Score","Corporate Rank","Corporate Score","Income Rank","Income Score","Consumption Rank","Consumption Score","Property Rank","Property Score","Cross-Border Rank","Cross-Border Score"
"CL","CHL","Chile",2022,29,59.5120985237283,12,69.2329651484103,38,36.2582026837466,11,71.4261185786475,13,67.5325012687484,36,38.6604885210011
"CL","CHL","Chile",2023,34,50.9285621793139,35,40.1418470209619,37,38.2858991466054,11,71.4261185786475,13,67.5358883317198,36,40.1962100457333
