"ISO_2","ISO_3","Country","Year","Final Rank","Final Score","Corporate Rank","Corporate Score","Income Rank","Income Score","Consumption Rank","Consumption Score","Property Rank","Property Score","International Rank","International Score"
"CO","COL","Colombia",2014,17,66.3882583897351,33,48.2021910990153,2,97.9455257078857,13,68.2428058290132,8,74.3066564608838,35,37.7126773671237
"CO","COL","Colombia",2015,25,59.7051143994292,35,34.6344695336058,1,100,13,66.8346055291221,23,59.5120081645389,35,38.0256088155757
"CO","COL","Colombia",2016,28,57.1731757460012,37,31.6776967808954,1,100,14,67.7516087939311,23,59.6350121077721,35,44.1896714686841
"CO","COL","Colombia",2017,30,53.322135747183,37,30.8578716206853,1,100,20,58.7991965859242,23,59.54733307853,36,38.4232369482511
"CO","COL","Colombia",2018,30,51.2009250872809,37,30.2600561001772,2,98.9366309843531,21,58.3223704098345,23,55.9928999505044,35,43.7372005452551
"CO","COL","Colombia",2019,30,54.3059726231988,36,33.3231562734381,1,100,22,57.257115271974,23,54.9620128871191,36,44.7303297826025
"CO","COL","Colombia",2020,30,55.3108639762485,37,33.840370481414,1,100,22,64.84843272237,23,54.9510891084902,35,45.4982851657293
"CO","COL","Colombia",2021,31,55.0871525709078,37,33.9633328229435,2,96.9725926389588,20,65.055204781664,23,55.1023386396105,35,44.7058138390903
