"ISO_2","ISO_3","Country","Year","Final Rank","Final Score","Corporate Rank","Corporate Score","Income Rank","Income Score","Consumption Rank","Consumption Score","Property Rank","Property Score","International Rank","International Score"
"CO","COL","Colombia",2014,17,66.3733524508709,33,48.2021910990153,2,97.9455257078857,13,68.2428058290132,8,74.3066564608838,35,37.9939865558512
"CO","COL","Colombia",2015,25,59.6860510394727,35,34.6344695336058,1,100,13,66.8346055291221,23,59.5120081645389,35,38.2941126869416
"CO","COL","Colombia",2016,29,57.1530918895836,37,31.6776967808954,1,100,14,67.7516087939311,23,59.6350121077721,35,44.3970863736099
"CO","COL","Colombia",2017,31,53.2738031463484,37,30.8578716206853,1,100,20,58.7991965859242,23,59.54733307853,36,38.6519986099353
"CO","COL","Colombia",2018,31,51.1396209182253,37,30.2600561001772,2,98.9366309843531,21,58.3223704098345,23,55.9928999505044,35,44.0247002099803
"CO","COL","Colombia",2019,31,54.2419241314142,36,33.3231562734381,1,100,22,57.257115271974,23,54.9620128871191,36,45.0522375146838
"CO","COL","Colombia",2020,31,55.2277514448034,37,33.840370481414,1,100,22,64.84843272237,23,54.9510891084902,35,45.7819094717447
"CO","COL","Colombia",2021,31,55.084153003025,37,33.9633328229435,2,96.9725926389588,20,65.055204781664,23,55.1023386396105,35,44.0221786932213
