"ISO_2","ISO_3","Country","Year","Final Rank","Final Score","Corporate Rank","Corporate Score","Income Rank","Income Score","Consumption Rank","Consumption Score","Property Rank","Property Score","Cross-Border Rank","Cross-Border Score"
"CO","COL","Colombia",2022,36,49.6595294440134,38,32.0182307787773,14,82.7945216413525,18,56.3105773777103,25,54.9763571197653,37,35.7135686713276
"CO","COL","Colombia",2023,38,47.6643050554649,38,31.6696169041842,14,78.9036953128965,18,56.3105773777103,25,55.3292945915392,38,34.2684225279701
