"ISO_2","ISO_3","Country","Year","Final Rank","Final Score","Corporate Rank","Corporate Score","Income Rank","Income Score","Consumption Rank","Consumption Score","Property Rank","Property Score","Cross-Border Rank","Cross-Border Score"
"CO","COL","Colombia",2014,22,70.8051335323239,37,41.2259658157496,3,95.9296398227091,10,72.1157449873884,8,74.0206738734798,36,38.5972158611082
"CO","COL","Colombia",2015,30,63.6787024090029,38,33.1435365453689,3,95.677993877876,12,72.753211312471,24,58.9769747507371,36,38.336444441321
"CO","COL","Colombia",2016,29,63.1138440246595,38,32.0360425135162,3,98.1148238463882,12,69.6134599633333,25,59.0829987628027,36,43.5757351835274
"CO","COL","Colombia",2017,34,58.609667823918,37,33.2510404012437,2,98.7925607695497,17,60.6851675381006,25,58.993740154758,37,37.5828353189832
"CO","COL","Colombia",2018,34,59.3848102532922,37,33.3573394230252,3,97.2874194924075,18,60.2574418165793,24,55.3253984550488,36,43.4041872408544
"CO","COL","Colombia",2019,30,63.5890079313771,37,43.4928026709009,2,99.0441921210304,18,58.4662005747125,24,54.6324343049521,37,45.3902344225381
"CO","COL","Colombia",2020,31,62.042573647912,36,39.6883719900301,3,94.6138790540112,17,59.2930019316959,24,54.6127545198348,36,45.834999819847
"CO","COL","Colombia",2021,35,57.0341532644024,36,38.7112310314077,10,81.7340800107071,16,59.9858539017112,24,54.5568056187221,36,45.8600061683481
"CO","COL","Colombia",2022,34,58.3781597249884,38,34.9180217662183,2,99.1922901587,18,56.4516533023006,24,54.2227545989236,36,46.1966426365956
