"ISO_2","ISO_3","Country","Year","Final Rank","Final Score","Corporate Rank","Corporate Score","Income Rank","Income Score","Consumption Rank","Consumption Score","Property Rank","Property Score","Cross-Border Rank","Cross-Border Score"
"CO","COL","Colombia",2014,17,66.3561700692861,33,48.2021910990153,2,97.9455257078857,13,68.2428058290132,8,74.3066564608838,35,36.9642377688102
"CO","COL","Colombia",2015,25,59.6578898509402,35,34.6344695336058,1,100,13,66.8346055291221,23,59.5120081645389,35,36.5215667773331
"CO","COL","Colombia",2016,29,57.1253749392759,37,31.6776967808954,1,100,14,67.7516087939311,23,59.6350121077721,35,42.3233978705206
"CO","COL","Colombia",2017,31,53.2607556361838,37,30.8578716206853,1,100,20,58.7991965859242,23,59.54733307853,36,36.4352245888629
"CO","COL","Colombia",2018,31,51.1327756460811,37,30.2600561001772,2,98.9366309843531,21,58.3223704098345,23,55.9928999505044,35,41.9199759547984
"CO","COL","Colombia",2019,30,54.3620052622447,36,33.3231562734381,1,100,22,57.257115271974,23,54.9620128871191,36,43.2192833939953
"CO","COL","Colombia",2020,31,55.2813663091635,37,33.840370481414,1,100,22,64.84843272237,23,54.9510891084902,35,43.6960785847198
"CO","COL","Colombia",2021,31,55.0098767815771,37,33.995552976661,2,96.9725926447692,20,64.9254784754363,23,55.1023386369633,35,43.7389251761259
