"ISO_2","ISO_3","Country","Year","Final Rank","Final Score","Corporate Rank","Corporate Score","Income Rank","Income Score","Consumption Rank","Consumption Score","Property Rank","Property Score","Cross-Border Rank","Cross-Border Score"
"CO","COL","Colombia",2022,36,50.6685573079712,38,32.0182307787773,11,79.0344418613862,18,56.445662778638,25,54.9763571197653,37,35.7135686713276
"CO","COL","Colombia",2023,37,48.0938589347382,38,31.6696169041842,13,78.2052410519291,18,58.1545620718667,25,55.3292945915392,38,34.2684225279701
