"ISO_2","ISO_3","Country","Year","Final Rank","Final Score","Corporate Rank","Corporate Score","Income Rank","Income Score","Consumption Rank","Consumption Score","Property Rank","Property Score","Cross-Border Rank","Cross-Border Score"
"CO","COL","Colombia",2014,22,69.8939517154611,37,40.5991857540196,3,95.9296398227091,10,72.1157449873884,8,74.0206738734798,36,38.5972158611082
"CO","COL","Colombia",2015,30,62.9255068488484,37,32.5360566872654,3,95.677993877876,12,72.753211312471,24,58.9769747507371,36,38.336444441321
"CO","COL","Colombia",2016,30,62.3413904775566,38,30.0077352511109,3,98.1148238463882,12,69.6134599633333,25,59.0829987628027,36,43.5757351835274
"CO","COL","Colombia",2017,34,57.607156259237,37,32.309792790648,2,98.7925607695497,17,60.6851675381006,25,58.993740154758,37,37.5828353189832
"CO","COL","Colombia",2018,34,58.6845434164583,37,33.1087107233785,3,97.2874194924075,18,60.2574418165793,24,55.3253984550488,36,43.4041872408544
"CO","COL","Colombia",2019,30,62.7301332996003,36,42.3067710807235,2,99.0441921210304,18,58.4662005747125,24,54.6324343049521,37,45.3902344225381
"CO","COL","Colombia",2020,29,61.2087142988844,36,38.7790968540682,3,94.6138790540112,17,59.2930019316959,24,54.6127545198348,36,45.834999819847
"CO","COL","Colombia",2021,35,56.3209394336279,35,37.9514264884028,10,81.7340800107071,16,59.9858539017112,24,54.5568056187221,36,45.8600061683481
"CO","COL","Colombia",2022,32,57.4528881424287,38,32.0365168973521,2,99.1985233276515,18,56.4516532689139,24,54.2227545966135,36,46.5289952266232
