"ISO_2","ISO_3","Country","Year","Final Rank","Final Score","Corporate Rank","Corporate Score","Income Rank","Income Score","Consumption Rank","Consumption Score","Property Rank","Property Score","Cross-Border Rank","Cross-Border Score"
"CR","CRI","Costa Rica",2014,13,73.5975877552251,32,52.5054429273571,20,70.4558960245379,7,80.8928006516925,11,71.5643327545027,25,61.1050351758744
"CR","CRI","Costa Rica",2015,14,72.6430789701641,33,49.4834508380306,18,69.5820781871036,7,84.7836060117877,10,71.410516866988,25,60.4526321201569
"CR","CRI","Costa Rica",2016,17,71.6160576396128,34,49.902414448614,17,67.6755914395153,8,79.5593992033846,10,71.5098157254391,25,63.4717526887957
"CR","CRI","Costa Rica",2017,16,69.6911410934205,33,50.1898917956062,18,67.2478777607953,9,80.8904729841386,10,71.1227488808665,23,63.9653357578301
"CR","CRI","Costa Rica",2018,20,68.8846055044421,35,46.2385625372113,24,64.1336033522888,9,81.9010216514349,11,68.9600134110493,24,63.3811683517391
"CR","CRI","Costa Rica",2019,20,70.5469420702275,35,45.8162665685188,30,57.4388089347955,9,79.8335228587496,12,68.313021657867,19,77.4635870854996
"CR","CRI","Costa Rica",2020,21,69.0065293723304,34,41.0464340852623,33,54.3039164257516,9,79.6929498061337,12,68.6177161569745,18,78.6434117033528
"CR","CRI","Costa Rica",2021,20,67.854417859921,36,37.9384244759128,35,54.6174044281659,9,81.173388000162,12,68.4281878522656,17,78.7463089763941
"CR","CRI","Costa Rica",2022,19,67.4683213738445,36,37.7797900923305,33,54.0269326295291,7,80.3405292582829,12,68.3308752575952,17,80.043906205565
