"ISO_2","ISO_3","Country","Year","Final Rank","Final Score","Corporate Rank","Corporate Score","Income Rank","Income Score","Consumption Rank","Consumption Score","Property Rank","Property Score","Cross-Border Rank","Cross-Border Score"
"CO","COL","Colombia",2014,16,74.0622904629405,36,45.4963230065505,2,99.8978117744523,10,72.1157449873884,8,74.0206738734798,36,38.5972158611082
"CO","COL","Colombia",2015,24,67.7004681669407,37,37.0967018394024,1,100,12,72.753211312471,24,58.9769747507371,36,38.336444441321
"CO","COL","Colombia",2016,25,66.9893766894005,38,32.2898810687897,1,100,12,69.6134599633333,25,59.0829987628027,36,43.5757351835274
"CO","COL","Colombia",2017,28,61.1958059869894,37,38.1372023576551,1,100,17,60.6851675381006,25,58.993740154758,37,37.5828353189832
"CO","COL","Colombia",2018,28,63.222785114629,37,37.4445880957667,1,100,18,60.2574418165793,24,55.3253984550488,36,43.4041872408544
"CO","COL","Colombia",2019,26,67.5130083840614,36,47.0201707009565,1,100,18,58.4662005747125,24,54.6324343049521,37,45.3902344225381
"CO","COL","Colombia",2020,26,67.0397032713489,36,44.8268977097142,2,99.6802381918151,17,59.2930019316959,24,54.6127545198348,36,45.834999819847
"CO","COL","Colombia",2021,32,60.6830214621773,35,42.9931336411625,5,80.4291848242097,16,59.9858539017112,24,54.5568056187221,36,45.8600061683481
"CO","COL","Colombia",2022,28,63.5879803849939,37,36.1343515757151,1,100,18,56.4516533023006,24,54.2227545989236,36,46.1966426365956
