"ISO_2","ISO_3","Country","Year","Final Rank","Final Score","Corporate Rank","Corporate Score","Income Rank","Income Score","Consumption Rank","Consumption Score","Property Rank","Property Score","Cross-Border Rank","Cross-Border Score"
"CR","CRI","Costa Rica",2022,25,65.7470606757969,37,36.6187762601914,32,54.2907638851835,7,79.9767122986765,9,74.4105308202412,30,64.063704251569
"CR","CRI","Costa Rica",2023,22,66.0921423043816,36,39.233588687444,32,55.9754809961078,5,86.0092763922874,9,74.3969582798986,31,62.4164969788349
