"ISO_2","ISO_3","Country","Year","Final Rank","Final Score","Corporate Rank","Corporate Score","Income Rank","Income Score","Consumption Rank","Consumption Score","Property Rank","Property Score","Cross-Border Rank","Cross-Border Score"
"CR","CRI","Costa Rica",2014,14,74.6052014620027,32,54.4412746867096,20,70.4558960245379,7,80.8928006516925,11,71.5643327545027,25,61.1050351758744
"CR","CRI","Costa Rica",2015,15,73.6488093144177,33,51.6950039000242,18,69.5820781871036,7,84.7836060117877,10,71.410516866988,25,60.4526321201569
"CR","CRI","Costa Rica",2016,18,72.628433901697,34,53.2754590583012,17,67.6755914395153,8,79.5593992033846,10,71.5098157254391,25,63.4717526887957
"CR","CRI","Costa Rica",2017,17,71.065356921869,34,53.438472657207,18,67.2478777607953,9,80.8904729841386,10,71.1227488808665,23,63.9653357578301
"CR","CRI","Costa Rica",2018,20,69.839200492292,36,47.7882871218695,24,64.1336033522888,9,81.9010216514349,11,68.9600134110493,24,63.3811683517391
"CR","CRI","Costa Rica",2019,20,71.6137768687829,35,47.3532562921561,30,57.4388089347955,9,79.8335228587496,12,68.313021657867,19,77.4635870854996
"CR","CRI","Costa Rica",2020,22,70.0509462984392,34,42.1996423974362,33,54.3039164257516,9,79.6929498061337,12,68.6177161569745,18,78.6434117033528
"CR","CRI","Costa Rica",2021,22,68.8879322559235,37,38.6967835235816,35,54.6174044281659,9,81.173388000162,12,68.4281878522656,17,78.7463089763941
"CR","CRI","Costa Rica",2022,22,68.1369219713037,37,40.5649834435289,33,54.0255362954972,7,80.3405292529648,12,68.330875265874,18,78.7578681500544
