"ISO_2","ISO_3","Country","Year","Final Rank","Final Score","Corporate Rank","Corporate Score","Income Rank","Income Score","Consumption Rank","Consumption Score","Property Rank","Property Score","International Rank","International Score"
"CZ","CZE","Czech Republic",2014,8,74.4407422336151,5,74.6228042863277,3,93.8257312663667,33,41.8501261313717,9,72.3933739984812,8,77.0055617005948
"CZ","CZE","Czech Republic",2015,7,73.7049784111009,5,70.8866043590911,3,93.2547034275414,33,41.7442365102809,8,72.3849555511029,9,77.355695303962
"CZ","CZE","Czech Republic",2016,8,73.1799973319989,6,73.3356800037422,4,92.2294822180341,34,41.6907108647448,8,72.728838668194,8,80.2609677714032
"CZ","CZE","Czech Republic",2017,7,72.5437835785679,5,71.4915704999439,4,92.03267985139,34,41.1269747212711,8,72.4398683154396,9,80.715595067609
"CZ","CZE","Czech Republic",2018,7,72.1668359297633,5,74.2019674025582,4,91.7913369193564,34,43.2833551871866,9,70.5085923586973,8,80.5406195956298
"CZ","CZE","Czech Republic",2019,8,71.923633901755,6,73.1976971211323,4,92.5651113646448,35,38.6105963062077,9,69.8654054597768,12,82.5847632735975
"CZ","CZE","Czech Republic",2020,7,75.3286960372766,7,71.6427298039773,4,93.2217620289357,35,52.5798391825567,6,77.0215225859863,11,82.8339863108495
"CZ","CZE","Czech Republic",2021,7,75.501690424588,8,71.1159122280421,4,93.185577337037,35,52.5877669672497,6,76.9406762851724,12,82.5228809955512
