"ISO_2","ISO_3","Country","Year","Final Rank","Final Score","Corporate Rank","Corporate Score","Income Rank","Income Score","Consumption Rank","Consumption Score","Property Rank","Property Score","Cross-Border Rank","Cross-Border Score"
"CZ","CZE","Czech Republic",2014,5,84.141009918358,7,81.1746971489443,1,100,26,47.5140572470149,9,72.220656956927,8,76.9486282550813
"CZ","CZE","Czech Republic",2015,5,83.5917930913572,7,79.5628201746519,1,100,26,49.4716195552155,8,72.2071754357175,8,77.0729866446383
"CZ","CZE","Czech Republic",2016,5,83.4124857788535,8,80.7202676028822,1,100,26,45.8107222402543,8,72.5440188670999,8,79.6300626104813
"CZ","CZE","Czech Republic",2017,4,81.7294144537343,6,80.173782427962,1,100,27,49.2579105439698,8,72.2498843058617,9,80.1400869873696
"CZ","CZE","Czech Republic",2018,4,83.7077628618855,6,81.1467136978892,1,100,25,52.7242289825079,9,70.2640878442994,8,79.9528624518786
"CZ","CZE","Czech Republic",2019,5,85.5947270381757,6,81.6352445719748,1,100,24,52.3917992897048,9,69.858679063782,12,82.6874604062643
"CZ","CZE","Czech Republic",2020,4,86.8379188975814,6,79.7045005142568,1,100,26,51.6794641104414,6,77.0905919456057,12,82.8681493177162
"CZ","CZE","Czech Republic",2021,5,85.6389426001103,7,77.2817347937998,1,100,23,52.068361784873,6,77.0237088115922,12,82.8614379330197
"CZ","CZE","Czech Republic",2022,5,83.2454720902557,7,73.8291357897178,5,90.2738053325611,25,49.675901422065,6,76.9469279149961,10,84.2009718593318
