"ISO_2","ISO_3","Country","Year","Final Rank","Final Score","Corporate Rank","Corporate Score","Income Rank","Income Score","Consumption Rank","Consumption Score","Property Rank","Property Score","Cross-Border Rank","Cross-Border Score"
"CZ","CZE","Czech Republic",2014,8,74.4676524951932,5,74.6228042863277,3,93.8257312663667,33,41.8501261313717,9,72.3933739984812,8,76.792015831563
"CZ","CZE","Czech Republic",2015,7,73.7344312055597,5,70.8866043590911,3,93.2547034275414,33,41.7442365102809,8,72.3849555511029,9,76.8735800763299
"CZ","CZE","Czech Republic",2016,8,73.2099962252153,6,73.3356800037422,4,92.2294822180341,34,41.6907108647448,8,72.728838668194,8,79.6590773205608
"CZ","CZE","Czech Republic",2017,7,72.5487533925403,5,71.4915704999439,4,92.03267985139,34,41.1269747212711,8,72.4398683154396,9,80.1572768974252
"CZ","CZE","Czech Republic",2018,7,72.173817179988,5,74.2019674025582,4,91.7913369193564,34,43.2833551871866,9,70.5085923586973,8,79.9875771104348
"CZ","CZE","Czech Republic",2019,8,71.9254346557638,6,73.1976971211323,4,92.5651113646448,35,38.6105963062077,9,69.8654054597768,12,82.0667617871983
"CZ","CZE","Czech Republic",2020,7,75.3243930846077,7,71.6427298039773,4,93.2217620289357,35,52.5798391825567,6,77.0215225859863,12,82.3317223246723
"CZ","CZE","Czech Republic",2021,7,75.3783268737619,8,71.0833276401194,4,92.6933780752438,35,52.5877669736955,6,76.9406762762738,12,82.3173316894212
