"ISO_2","ISO_3","Country","Year","Final Rank","Final Score","Corporate Rank","Corporate Score","Income Rank","Income Score","Consumption Rank","Consumption Score","Property Rank","Property Score","Cross-Border Rank","Cross-Border Score"
"CZ","CZE","Czech Republic",2014,5,84.1351019418357,7,81.1470706571402,1,100,26,47.5140572470149,9,72.220656956927,8,76.9486282550813
"CZ","CZE","Czech Republic",2015,5,83.5948548589127,7,79.5782251129962,1,100,26,49.4716195552155,8,72.2071754357175,8,77.0729866446383
"CZ","CZE","Czech Republic",2016,5,83.4124857788535,8,80.7202676028822,1,100,26,45.8107222402543,8,72.5440188670999,8,79.6300626104813
"CZ","CZE","Czech Republic",2017,4,81.7291762377028,6,80.1727135457625,1,100,27,49.2579105439698,8,72.2498843058617,9,80.1400869873696
"CZ","CZE","Czech Republic",2018,4,83.706166030341,6,81.1396675113081,1,100,25,52.7242289825079,9,70.2640878442994,8,79.9528624518786
"CZ","CZE","Czech Republic",2019,5,85.5889236964744,6,81.6093817771267,1,100,24,52.3917992897048,9,69.858679063782,12,82.6874604062643
"CZ","CZE","Czech Republic",2020,4,86.9490647230599,6,80.248475416654,1,100,26,51.6794641104414,6,77.0905919456057,12,82.8681493177162
"CZ","CZE","Czech Republic",2021,5,85.7333285429312,6,79.7164542270269,1,100,23,52.068361784873,6,77.0237088115922,12,82.8614379330197
"CZ","CZE","Czech Republic",2022,5,83.3185911066994,6,81.1778558741461,5,91.9642649603693,25,49.675901422065,6,76.9469279149961,10,84.2009718593318
