"ISO_2","ISO_3","Country","Year","Final Rank","Final Score","Corporate Rank","Corporate Score","Income Rank","Income Score","Consumption Rank","Consumption Score","Property Rank","Property Score","Cross-Border Rank","Cross-Border Score"
"CZ","CZE","Czech Republic",2014,3,85.5767829778518,7,79.9175966137842,1,100,26,47.5140572470149,9,72.220656956927,8,76.9486282550813
"CZ","CZE","Czech Republic",2015,4,85.0519378466702,7,78.1909953139614,2,97.4369021667496,26,49.4716195552155,8,72.2071754357175,8,77.0729866446383
"CZ","CZE","Czech Republic",2016,3,85.1550297842671,8,78.2803844785273,2,97.1683184652854,26,45.8107222402543,8,72.5440188670999,8,79.6300626104813
"CZ","CZE","Czech Republic",2017,4,82.3680715411435,7,79.0239051991323,2,97.700609968095,27,49.2579105439698,8,72.2498843058617,9,80.1400869873696
"CZ","CZE","Czech Republic",2018,4,85.4716054361809,7,79.6245060319715,2,99.5114263445561,25,52.7242289825079,9,70.2640878442994,8,79.9528624518786
"CZ","CZE","Czech Republic",2019,3,87.6452380264935,7,80.1398847234195,2,98.7711909047373,24,52.3917992897048,9,69.858679063782,12,82.6874604062643
"CZ","CZE","Czech Republic",2020,3,88.7134881461154,7,78.1656705008686,1,100,26,51.6794641104414,6,77.0905919456057,12,82.8681493177162
"CZ","CZE","Czech Republic",2021,4,88.802070877321,8,75.0232896358643,1,100,23,52.068361784873,6,77.0237088115922,12,82.8614379330197
"CZ","CZE","Czech Republic",2022,4,83.7932129704849,8,75.6327312873183,3,87.876350979212,25,49.675901422065,6,76.9469279149961,10,84.2009718593318
