"ISO_2","ISO_3","Country","Year","Final Rank","Final Score","Corporate Rank","Corporate Score","Income Rank","Income Score","Consumption Rank","Consumption Score","Property Rank","Property Score","Cross-Border Rank","Cross-Border Score"
"CZ","CZE","Czech Republic",2014,5,82.8856540544657,7,76.5658775299367,1,100,26,47.5140572470149,9,72.220656956927,8,76.9486282550813
"CZ","CZE","Czech Republic",2015,5,82.3371991854678,7,74.9557183980754,1,100,26,49.4716195552155,8,72.2071754357175,8,77.0729866446383
"CZ","CZE","Czech Republic",2016,5,82.128175672189,7,75.6096018602848,1,100,26,45.8107222402543,8,72.5440188670999,8,79.6300626104813
"CZ","CZE","Czech Republic",2017,4,80.0367293522192,5,73.868528476533,1,100,27,49.2579105439698,8,72.2498843058617,9,80.1400869873696
"CZ","CZE","Czech Republic",2018,4,82.4142238012971,5,76.5829786794144,1,100,25,52.7242289825079,9,70.2640878442994,8,79.9528624518786
"CZ","CZE","Czech Republic",2019,5,84.15992596367,6,76.9581295757385,1,100,24,52.3917992897048,9,69.858679063782,12,82.6874604062643
"CZ","CZE","Czech Republic",2020,4,85.4603594217734,6,75.3993796914143,1,100,26,51.6794641104414,6,77.0905919456057,12,82.8681493177162
"CZ","CZE","Czech Republic",2021,4,84.2821191086301,6,74.9918509562793,1,100,23,52.068361784873,6,77.0237088115922,12,82.8614379330197
"CZ","CZE","Czech Republic",2022,5,81.8988611034212,6,75.7650539374551,5,91.909795215836,25,49.6759014270468,6,76.9469279102047,11,84.0873088824835
