"ISO_2","ISO_3","Country","Year","Final Rank","Final Score","Corporate Rank","Corporate Score","Income Rank","Income Score","Consumption Rank","Consumption Score","Property Rank","Property Score","Cross-Border Rank","Cross-Border Score"
"DK","DNK","Denmark",2014,26,59.0856077829465,17,62.9292980404489,33,49.6867135146785,17,63.0690609823305,17,66.0818872767728,29,56.0432503196607
"DK","DNK","Denmark",2015,27,58.7781897630146,16,60.4196110535917,33,48.2462796428993,17,62.3934962821566,15,65.7627205630908,27,57.0852234251395
"DK","DNK","Denmark",2016,25,58.9486844514771,13,65.8191475401032,33,48.7534355176673,18,62.8505275560698,17,65.9144407967683,28,60.5437875001571
"DK","DNK","Denmark",2017,26,58.4843157480768,15,64.9478118884304,33,47.264402858742,17,61.1727257193413,16,65.596330582424,27,60.1219065895115
"DK","DNK","Denmark",2018,27,56.9566979889772,16,66.914261890888,35,48.4047828104775,17,62.8490802546444,16,63.4071612707993,28,59.4705572760124
"DK","DNK","Denmark",2019,28,58.6590074168647,15,65.3152491051607,35,48.0229294711244,17,62.685329822382,16,62.9074738556478,28,63.6612651738442
"DK","DNK","Denmark",2020,28,58.2834856003177,16,63.3423867288647,34,47.8616669583572,17,69.1942879915138,16,63.1617955395016,30,63.2456076195179
"DK","DNK","Denmark",2021,27,58.0721805679378,16,61.1038620152125,33,43.3697614290087,17,68.8975981389842,16,62.9335410142285,30,63.2186616997791
