"ISO_2","ISO_3","Country","Year","Final Rank","Final Score","Corporate Rank","Corporate Score","Income Rank","Income Score","Consumption Rank","Consumption Score","Property Rank","Property Score","International Rank","International Score"
"DK","DNK","Denmark",2014,26,59.0690178684324,17,62.9292980404489,33,49.6867135146785,17,63.0690609823305,17,66.0818872767728,28,56.4609535321048
"DK","DNK","Denmark",2015,27,58.3915405946758,16,60.4196110535917,33,48.2462796428993,17,62.3934962821566,15,65.7627205630908,27,56.5728686394097
"DK","DNK","Denmark",2016,26,58.5556571922433,13,65.8191475401032,33,48.7534355176673,18,62.8505275560698,17,65.9144407967683,27,60.4239189498938
"DK","DNK","Denmark",2017,26,58.481587813307,15,64.9478118884304,33,47.264402858742,17,61.1727257193413,16,65.596330582424,26,61.2409374825492
"DK","DNK","Denmark",2018,27,56.9517237060177,16,66.914261890888,35,48.4047828104775,17,62.8490802546444,16,63.4071612707993,27,60.5809469390952
"DK","DNK","Denmark",2019,27,58.3014270501897,15,65.3152491051607,35,48.0229294711244,17,62.685329822382,16,62.9074738556478,28,63.4139243390568
"DK","DNK","Denmark",2020,27,57.9329631211833,16,63.3423867288647,34,47.8616669583572,17,69.1942879915138,16,63.1617955395016,30,63.0370429161079
"DK","DNK","Denmark",2021,27,57.9449118845407,16,61.1465573937677,34,42.9723879800081,17,68.8975981356629,16,62.9335410132757,31,63.6625402390682
