"ISO_2","ISO_3","Country","Year","Final Rank","Final Score","Corporate Rank","Corporate Score","Income Rank","Income Score","Consumption Rank","Consumption Score","Property Rank","Property Score","Cross-Border Rank","Cross-Border Score"
"DK","DNK","Denmark",2014,34,59.7011832498994,21,67.0479319931783,37,40.7394641925233,22,50.4678945664645,18,65.8185530681514,30,56.1923440653567
"DK","DNK","Denmark",2015,32,60.0911928599122,14,70.4261273585754,36,38.3034829717802,24,51.1637020624051,16,65.4844889926083,28,57.3416520563719
"DK","DNK","Denmark",2016,34,59.4864693588101,14,71.261614093028,36,38.6386532042031,25,47.5040286215187,18,65.6248238558956,28,60.5245025191451
"DK","DNK","Denmark",2017,33,59.4425069415042,15,73.9985540740915,36,38.597107994896,23,50.4991904776397,17,65.2971550473521,27,60.1646538921727
"DK","DNK","Denmark",2018,33,59.8013112848375,16,71.8453129960699,36,37.3782844076296,20,54.1632179443996,17,63.0291936757288,29,59.697257694352
"DK","DNK","Denmark",2019,34,61.3076904322451,15,73.2572387364283,36,36.6273729979526,20,53.3493882899078,17,62.8067664665257,30,64.7305166035385
"DK","DNK","Denmark",2020,33,60.8230223508378,14,72.8610235790116,36,37.243095704449,20,53.8645793659462,17,63.0547872635287,31,64.3925987573958
"DK","DNK","Denmark",2021,34,57.7054919989303,21,63.7265307588142,37,37.122787385673,20,53.5732918768422,17,62.8643919538233,31,64.3815803145976
"DK","DNK","Denmark",2022,35,58.0962279573563,21,63.3661052014669,36,37.0056736793018,20,53.6220625571262,19,62.5713881744437,31,64.3743786931627
