"ISO_2","ISO_3","Country","Year","Final Rank","Final Score","Corporate Rank","Corporate Score","Income Rank","Income Score","Consumption Rank","Consumption Score","Property Rank","Property Score","Cross-Border Rank","Cross-Border Score"
"DK","DNK","Denmark",2014,34,59.6969676788681,21,67.0367659511518,37,40.7394641925233,22,50.4678945664645,18,65.8185530681514,30,56.1923440653567
"DK","DNK","Denmark",2015,32,60.0940456098382,14,70.4328124265496,36,38.3034829717802,24,51.1637020624051,16,65.4844889926083,28,57.3416520563719
"DK","DNK","Denmark",2016,34,59.4864693588101,14,71.261614093028,36,38.6386532042031,25,47.5040286215187,18,65.6248238558956,28,60.5245025191451
"DK","DNK","Denmark",2017,33,59.4421621131718,15,73.9977579239145,36,38.597107994896,23,50.4991904776397,17,65.2971550473521,27,60.1646538921727
"DK","DNK","Denmark",2018,33,59.7994998131959,16,71.8414053594985,36,37.3782844076296,20,54.1632179443996,17,63.0291936757288,29,59.697257694352
"DK","DNK","Denmark",2019,34,61.3009345010501,15,73.2440625811851,36,36.6273729979526,20,53.3493882899078,17,62.8067664665257,30,64.7305166035385
"DK","DNK","Denmark",2020,32,60.9123057777403,13,73.0607243845008,36,37.1896717093344,20,53.8645793659462,17,63.0547872635287,31,64.3925987573958
"DK","DNK","Denmark",2021,34,57.7720208131944,20,65.5969308216554,37,37.1227873779198,20,53.5732918768422,17,62.8643919538233,31,64.3815803145976
"DK","DNK","Denmark",2022,35,58.0832722381884,20,69.563880037579,36,37.6322318130694,20,53.6220625571262,19,62.5713881744437,31,64.3743786931627
