"ISO_2","ISO_3","Country","Year","Final Rank","Final Score","Corporate Rank","Corporate Score","Income Rank","Income Score","Consumption Rank","Consumption Score","Property Rank","Property Score","Cross-Border Rank","Cross-Border Score"
"DK","DNK","Denmark",2022,35,50.7092998413175,18,64.9042446834098,38,29.7554549930958,20,52.8375541682305,18,62.6565855363275,32,62.2081560652693
"DK","DNK","Denmark",2023,33,55.6900203394526,17,65.3875343024061,38,36.2581859391717,20,52.8375541682305,18,62.7838362599264,30,63.0192709775608
