"ISO_2","ISO_3","Country","Year","Final Rank","Final Score","Corporate Rank","Corporate Score","Income Rank","Income Score","Consumption Rank","Consumption Score","Property Rank","Property Score","Cross-Border Rank","Cross-Border Score"
"DK","DNK","Denmark",2014,35,57.3372575087591,20,67.3371701275669,38,29.6669737714584,22,50.4678945664645,18,65.8185530681514,30,56.1923440653567
"DK","DNK","Denmark",2015,34,59.0404666355069,16,67.5019263460066,38,31.500090251036,24,51.1637020624051,16,65.4844889926083,28,57.3416520563719
"DK","DNK","Denmark",2016,34,56.8658436605082,15,69.6675904719165,38,28.8922099098095,25,47.5040286215187,18,65.6248238558956,28,60.5245025191451
"DK","DNK","Denmark",2017,34,57.871320684081,17,71.368587153188,38,31.8951025149274,23,50.4991904776397,17,65.2971550473521,27,60.1646538921727
"DK","DNK","Denmark",2018,34,57.9468387984867,17,71.0864323627872,38,30.2646907180188,20,54.1632179443996,17,63.0291936757288,29,59.697257694352
"DK","DNK","Denmark",2019,34,59.7961809184246,16,71.4267096984029,38,30.3062253578645,20,53.3493882899078,17,62.8067664665257,30,64.7305166035385
"DK","DNK","Denmark",2020,34,60.2064616197715,18,68.8091208596827,37,36.0320410673243,20,53.8645793659462,17,63.0547872635287,31,64.3925987573958
"DK","DNK","Denmark",2021,35,54.5996030288815,18,65.3347823141205,38,27.9638075157795,20,53.5732918768422,17,62.8643919538233,31,64.3815803145976
"DK","DNK","Denmark",2022,35,55.0746720169292,19,66.2531228962047,38,28.9180542865694,20,53.6220625571262,19,62.5713881744437,31,64.3743786931627
