"ISO_2","ISO_3","Country","Year","Final Rank","Final Score","Corporate Rank","Corporate Score","Income Rank","Income Score","Consumption Rank","Consumption Score","Property Rank","Property Score","International Rank","International Score"
"EE","EST","Estonia",2014,1,100,1,100,1,100,7,76.6426350796399,1,100,10,75.7999791028764
"EE","EST","Estonia",2015,1,100,1,100,2,99.9233907820423,9,75.7435026749355,1,100,10,76.7075065938359
"EE","EST","Estonia",2016,1,100,1,100,2,99.7386186111253,9,76.9984404504041,1,100,9,79.0654619417786
"EE","EST","Estonia",2017,1,100,1,100,2,99.6540566774713,8,77.9095776192619,1,100,4,84.4896880783824
"EE","EST","Estonia",2018,1,100,1,100,1,100,9,75.4692975632945,1,100,5,84.3654925410711
"EE","EST","Estonia",2019,1,100,2,99.7943103956101,2,97.9325371532979,8,77.581179628253,1,100,14,80.8283317867641
"EE","EST","Estonia",2020,1,100,2,99.712703592764,2,98.6275646543829,9,81.020725694048,1,100,15,81.0878973472596
"EE","EST","Estonia",2021,1,100,3,99.0669027134158,1,100,9,80.3265413901804,1,100,15,80.771470093548
