"ISO_2","ISO_3","Country","Year","Final Rank","Final Score","Corporate Rank","Corporate Score","Income Rank","Income Score","Consumption Rank","Consumption Score","Property Rank","Property Score","Cross-Border Rank","Cross-Border Score"
"EE","EST","Estonia",2014,1,100,1,100,2,97.3259355951646,12,66.950331960049,1,100,10,76.3996800923039
"EE","EST","Estonia",2015,1,100,1,100,2,97.528518397111,14,68.0471474173897,1,100,9,77.0150711529459
"EE","EST","Estonia",2016,1,100,1,100,4,97.8703762233079,14,64.1887928013391,1,100,9,79.0082731098457
"EE","EST","Estonia",2017,1,100,1,100,3,97.9961922916523,12,71.9918536496108,1,100,3,84.8577309727606
"EE","EST","Estonia",2018,1,100,1,100,2,97.6440891538798,14,64.922136265773,1,100,5,84.7799954547693
"EE","EST","Estonia",2019,1,100,2,99.0042220495399,4,94.4235598194333,14,64.1158730048833,1,100,15,82.0779317706172
"EE","EST","Estonia",2020,1,100,2,98.9356360650948,4,94.470984750133,14,64.8680535799384,1,100,13,82.2238384816761
"EE","EST","Estonia",2021,1,100,2,98.8756531595359,3,98.6088743865342,14,63.9693742346732,1,100,13,82.2148452254981
"EE","EST","Estonia",2022,1,100,2,98.8947578815238,1,100,14,61.409129359052,1,100,14,83.1249729308061
