"ISO_2","ISO_3","Country","Year","Final Rank","Final Score","Corporate Rank","Corporate Score","Income Rank","Income Score","Consumption Rank","Consumption Score","Property Rank","Property Score","Cross-Border Rank","Cross-Border Score"
"EE","EST","Estonia",2014,1,100,1,100,4,90.0931110816203,12,66.950331960049,1,100,10,76.3996800923039
"EE","EST","Estonia",2015,1,100,1,100,5,87.2568241016304,14,68.0471474173897,1,100,9,77.0150711529459
"EE","EST","Estonia",2016,1,100,1,100,4,87.4589932042136,14,64.1887928013391,1,100,9,79.0082731098457
"EE","EST","Estonia",2017,1,100,1,100,3,91.7267327279673,12,71.9918536496108,1,100,3,84.8577309727606
"EE","EST","Estonia",2018,1,100,1,100,4,89.565075742434,14,64.922136265773,1,100,5,84.7799954547693
"EE","EST","Estonia",2019,1,100,2,98.9491730631652,3,85.3388522719365,14,64.1158730048833,1,100,15,82.0779317706172
"EE","EST","Estonia",2020,1,100,2,98.849194590006,3,87.3138331014162,14,64.8680535799384,1,100,13,82.2238384816761
"EE","EST","Estonia",2021,1,100,3,97.3141850943906,2,87.0644430674999,14,63.9693742346732,1,100,13,82.2148452254981
"EE","EST","Estonia",2022,1,100,3,97.7591577325669,2,91.1021685215359,14,61.4091293360156,1,100,14,83.245509790154
