"ISO_2","ISO_3","Country","Year","Final Rank","Final Score","Corporate Rank","Corporate Score","Income Rank","Income Score","Consumption Rank","Consumption Score","Property Rank","Property Score","Cross-Border Rank","Cross-Border Score"
"EE","EST","Estonia",2014,1,100,1,100,1,100,7,76.6426350796399,1,100,10,75.4807553736109
"EE","EST","Estonia",2015,1,100,1,100,2,99.9233907820423,9,75.7435026749355,1,100,10,76.1063073663259
"EE","EST","Estonia",2016,1,100,1,100,2,99.7386186111253,9,76.9984404504041,1,100,9,78.3320548797568
"EE","EST","Estonia",2017,1,100,1,100,2,99.6540566774713,8,77.9095776192619,1,100,4,84.0545942623862
"EE","EST","Estonia",2018,1,100,1,100,1,100,9,75.4692975632945,1,100,5,83.9366426324957
"EE","EST","Estonia",2019,1,100,2,99.7943103956101,2,97.9325371532979,8,77.581179628253,1,100,15,80.3339079912691
"EE","EST","Estonia",2020,1,100,2,99.712703592764,2,98.6275646543829,9,81.020725694048,1,100,15,80.5952465520222
"EE","EST","Estonia",2021,1,100,3,98.7873653883484,3,94.9933096458171,17,61.1483899590123,1,100,15,80.577607008343
