"ISO_2","ISO_3","Country","Year","Final Rank","Final Score","Corporate Rank","Corporate Score","Income Rank","Income Score","Consumption Rank","Consumption Score","Property Rank","Property Score","Cross-Border Rank","Cross-Border Score"
"EE","EST","Estonia",2014,1,100,1,100,3,91.204271617628,12,64.1039003346891,1,100,10,75.4807553736109
"EE","EST","Estonia",2015,1,100,1,100,3,88.4042696144048,13,65.3799258245638,1,100,10,76.1063073663259
"EE","EST","Estonia",2016,1,100,1,100,4,87.9527213533672,13,64.9363523421339,1,100,9,78.3320548797568
"EE","EST","Estonia",2017,1,100,1,100,4,87.9558079662188,11,71.9483127932766,1,100,4,84.0545942623862
"EE","EST","Estonia",2018,1,100,1,100,4,87.5602072849476,14,64.0362446712854,1,100,5,83.9366426324957
"EE","EST","Estonia",2019,1,100,1,100,5,83.7360384339604,14,63.1606913984577,1,100,15,80.3339079912691
"EE","EST","Estonia",2020,1,100,1,100,5,84.5463974155247,14,64.5246640999848,1,100,15,80.5952465520222
"EE","EST","Estonia",2021,1,100,1,100,5,86.5096100336786,13,63.139716914085,1,100,15,80.577607008343
