"ISO_2","ISO_3","Country","Year","Final Rank","Final Score","Corporate Rank","Corporate Score","Income Rank","Income Score","Consumption Rank","Consumption Score","Property Rank","Property Score","Cross-Border Rank","Cross-Border Score"
"FI","FIN","Finland",2014,25,67.8266497140166,12,74.3946576012789,27,65.5302837426834,21,51.7133375603063,25,59.840306927504,24,61.7432906390363
"FI","FIN","Finland",2015,24,68.101378439552,12,73.6048347239125,29,62.1903916130195,21,53.3236613028517,18,64.7695624611487,23,61.7715709341963
"FI","FIN","Finland",2016,22,69.4111873098524,11,77.5711059112838,28,60.6588462061506,21,48.7985584949621,12,71.1909647927772,23,64.6095826932352
"FI","FIN","Finland",2017,24,66.0979830371349,11,77.1506234918652,28,60.6458940517921,22,50.6776669773658,19,64.3744478129564,22,64.1195126406238
"FI","FIN","Finland",2018,25,67.2429275657595,11,78.0235585708668,29,59.2826288076961,23,53.3942308235528,19,61.7606788567483,22,64.4862996101084
"FI","FIN","Finland",2019,23,70.2431988188028,10,78.526225277448,29,58.2774489524918,22,52.7563518126275,19,61.1394272316541,22,75.6123535297695
"FI","FIN","Finland",2020,24,69.3541961558463,10,76.2969030150651,30,58.1824245487741,21,53.2717542053925,19,61.4565379553576,21,75.4944758315913
"FI","FIN","Finland",2021,24,68.7298250412074,10,75.6491466132948,31,58.688688573658,21,53.5562521840485,20,61.3974778617982,21,75.4841070393294
"FI","FIN","Finland",2022,23,68.3954194062228,10,72.1435724836575,28,57.9565693608188,21,52.8198089454627,20,61.1552062158815,21,75.4810554594551
