"ISO_2","ISO_3","Country","Year","Final Rank","Final Score","Corporate Rank","Corporate Score","Income Rank","Income Score","Consumption Rank","Consumption Score","Property Rank","Property Score","International Rank","International Score"
"FI","FIN","Finland",2014,20,65.2071993150594,10,70.4347555981506,24,60.7387721075659,12,68.7630297365823,24,60.016083327538,24,61.9937169514889
"FI","FIN","Finland",2015,19,65.7968706937108,9,67.279369716746,28,58.9559711107812,12,68.4642187197426,17,64.9170430798093,23,62.3642130572331
"FI","FIN","Finland",2016,15,67.4774913272443,8,72.5161214341668,26,58.3910907015178,13,68.5093706930716,12,71.2502276357214,23,65.6709030067051
"FI","FIN","Finland",2017,16,64.7274509017785,6,71.3687063845712,26,57.5153193512686,13,66.6845787003189,18,64.5457109703254,22,65.066577132309
"FI","FIN","Finland",2018,17,63.8692223344682,6,73.9662545875979,26,58.3361175749308,13,67.7935253374807,18,62.0020656490296,22,65.3627650434592
"FI","FIN","Finland",2019,17,67.2029637090274,7,73.0055710320301,26,58.2429748554589,13,67.6467197303934,18,61.0833651632976,21,75.5275799601542
"FI","FIN","Finland",2020,17,66.8303977491298,8,71.5955467626524,25,57.9327515691503,14,72.8912630078883,18,61.3951015519147,21,75.4338313729015
"FI","FIN","Finland",2021,15,67.3678782976443,7,72.5258049858058,25,54.0874380746891,15,72.7444314297812,19,61.4018413695062,21,74.2965163962062
