"ISO_2","ISO_3","Country","Year","Final Rank","Final Score","Corporate Rank","Corporate Score","Income Rank","Income Score","Consumption Rank","Consumption Score","Property Rank","Property Score","Cross-Border Rank","Cross-Border Score"
"FI","FIN","Finland",2022,20,68.667300626713,9,74.3743155877786,27,71.1876519126861,23,50.7619284130051,19,61.3541484427286,22,73.7262846202913
"FI","FIN","Finland",2023,17,69.0395663289759,9,74.2410094489515,23,69.990183348342,23,50.7619284130051,19,61.4761520549936,20,73.271762427972
