"ISO_2","ISO_3","Country","Year","Final Rank","Final Score","Corporate Rank","Corporate Score","Income Rank","Income Score","Consumption Rank","Consumption Score","Property Rank","Property Score","Cross-Border Rank","Cross-Border Score"
"FI","FIN","Finland",2014,28,63.4377579490626,17,66.4313167071268,26,52.2583288912422,20,49.9870577417118,24,60.016083327538,24,61.3635204302724
"FI","FIN","Finland",2015,26,63.7627891980249,14,66.4192318850961,30,47.1367416179758,20,51.612545847758,17,64.9170430798093,23,61.3043781068086
"FI","FIN","Finland",2016,23,65.7772193299414,9,70.7882701828253,30,46.1082846127556,20,49.4474305405564,12,71.2502276357214,23,64.4116383240214
"FI","FIN","Finland",2017,24,62.9534279295912,10,71.6235837461006,30,46.4142556866209,22,51.7342992456031,18,64.5457109703254,22,63.7994474591662
"FI","FIN","Finland",2018,24,62.9751764539463,8,71.9084792657374,30,43.9952754276025,22,53.861804671796,18,62.0020656490296,22,64.0429592894435
"FI","FIN","Finland",2019,25,67.3273614504622,8,76.1493712031698,30,43.4360491608384,21,52.7641725665415,18,61.0833651632976,21,74.4581921526516
"FI","FIN","Finland",2020,25,66.0919417110333,8,73.2826923861781,29,43.1604550801315,20,53.9925948586614,18,61.3951015519147,21,74.3511356807333
"FI","FIN","Finland",2021,22,65.855253148645,6,72.4238120444853,29,44.4826191880071,20,53.6497116149861,19,61.4018413618193,21,74.3296143885693
