"ISO_2","ISO_3","Country","Year","Final Rank","Final Score","Corporate Rank","Corporate Score","Income Rank","Income Score","Consumption Rank","Consumption Score","Property Rank","Property Score","Cross-Border Rank","Cross-Border Score"
"FI","FIN","Finland",2014,26,66.9831184077664,12,70.4567091458326,27,65.5302837426834,21,51.7133375603063,25,59.840306927504,24,61.7432906390363
"FI","FIN","Finland",2015,24,67.2404941191761,12,69.513277240618,29,62.1903916130195,21,53.3236613028517,18,64.7695624611487,23,61.7715709341963
"FI","FIN","Finland",2016,21,68.4799380902425,11,72.6598239573321,28,60.6588462061506,21,48.7985584949621,12,71.1909647927772,23,64.6095826932352
"FI","FIN","Finland",2017,24,64.8716538642535,11,71.1909454258081,28,60.6458940517921,22,50.6776669773658,19,64.3744478129564,22,64.1195126406238
"FI","FIN","Finland",2018,24,66.3492953226589,10,73.7423537913297,29,59.2826288076961,23,53.3942308235528,19,61.7606788567483,22,64.4862996101084
"FI","FIN","Finland",2019,23,69.2039973678781,9,74.1353050439665,29,58.2774489524918,22,52.7563518126275,19,61.1394272316541,22,75.6123535297695
"FI","FIN","Finland",2020,24,68.4398001063624,9,72.2385045991883,30,58.0613595881642,21,53.2717542053925,19,61.4565379553576,21,75.4944758315913
"FI","FIN","Finland",2021,21,67.809959794316,9,73.2258938496753,31,58.6886885565782,21,53.5562521840485,20,61.3974778617982,21,75.4841070393294
"FI","FIN","Finland",2022,19,67.3443562087414,9,73.8790267892881,28,58.8624579241283,21,52.8198089316124,20,61.1552062115953,22,75.3046587722132
