"ISO_2","ISO_3","Country","Year","Final Rank","Final Score","Corporate Rank","Corporate Score","Income Rank","Income Score","Consumption Rank","Consumption Score","Property Rank","Property Score","Cross-Border Rank","Cross-Border Score"
"FI","FIN","Finland",2014,26,67.8185106075951,12,74.3662203894814,27,65.5302837426834,21,51.7133375603063,25,59.840306927504,24,61.7432906390363
"FI","FIN","Finland",2015,24,68.1058251350904,12,73.6206561461092,29,62.1903916130195,21,53.3236613028517,18,64.7695624611487,23,61.7715709341963
"FI","FIN","Finland",2016,22,69.4111873098524,11,77.5711059112838,28,60.6588462061506,21,48.7985584949621,12,71.1909647927772,23,64.6095826932352
"FI","FIN","Finland",2017,24,66.0976219104649,11,77.1496024079979,28,60.6458940517921,22,50.6776669773658,19,64.3744478129564,22,64.1195126406238
"FI","FIN","Finland",2018,25,67.2406749354235,11,78.017552366886,29,59.2826288076961,23,53.3942308235528,19,61.7606788567483,22,64.4862996101084
"FI","FIN","Finland",2019,23,70.2351041586915,10,78.5042678871831,29,58.2774489524918,22,52.7563518126275,19,61.1394272316541,22,75.6123535297695
"FI","FIN","Finland",2020,25,69.4689141380092,9,76.7475352074053,30,58.0613595881642,21,53.2717542053925,19,61.4565379553576,21,75.4944758315913
"FI","FIN","Finland",2021,23,68.8422395286653,9,77.9073280705436,31,58.6886885565782,21,53.5562521840485,20,61.3974778617982,21,75.4841070393294
"FI","FIN","Finland",2022,20,68.4126790473727,10,79.2296439787634,28,58.8649275485097,21,52.8198089454627,20,61.1552062158815,21,75.4810554594551
