"ISO_2","ISO_3","Country","Year","Final Rank","Final Score","Corporate Rank","Corporate Score","Income Rank","Income Score","Consumption Rank","Consumption Score","Property Rank","Property Score","Cross-Border Rank","Cross-Border Score"
"FI","FIN","Finland",2014,26,67.2707134369238,14,71.6184064116638,28,62.056376300478,21,51.7133375603063,25,59.840306927504,24,61.7432906390363
"FI","FIN","Finland",2015,25,67.5788386589453,13,70.484393141392,27,56.1094076639638,21,53.3236613028517,18,64.7695624611487,23,61.7715709341963
"FI","FIN","Finland",2016,23,68.8756392256495,13,72.9868728316805,29,57.6580753932602,21,48.7985584949621,12,71.1909647927772,23,64.6095826932352
"FI","FIN","Finland",2017,24,65.0289365319182,15,74.0772640410145,28,55.2107393781494,22,50.6776669773658,19,64.3744478129564,22,64.1195126406238
"FI","FIN","Finland",2018,25,67.0301625272413,13,74.550862169164,29,58.1023482734811,23,53.3942308235528,19,61.7606788567483,22,64.4862996101084
"FI","FIN","Finland",2019,23,69.8671160088883,14,75.093346343854,29,54.9981217211383,22,52.7563518126275,19,61.1394272316541,22,75.6123535297695
"FI","FIN","Finland",2020,24,68.7954908539689,13,72.6796294108682,29,54.9852247698153,21,53.2717542053925,19,61.4565379553576,21,75.4944758315913
"FI","FIN","Finland",2021,24,68.1158355299249,11,72.468669335127,30,56.3516513535747,21,53.5562521840485,20,61.3974778617982,21,75.4841070393294
"FI","FIN","Finland",2022,22,67.1841211235794,11,72.7997258155336,30,55.266589240461,21,52.8198089454627,20,61.1552062158815,21,75.4810554594551
