"ISO_2","ISO_3","Country","Year","Final Rank","Final Score","Corporate Rank","Corporate Score","Income Rank","Income Score","Consumption Rank","Consumption Score","Property Rank","Property Score","Cross-Border Rank","Cross-Border Score"
"FI","FIN","Finland",2022,20,69.3532264614848,9,74.3743155877786,24,64.8910105059094,23,50.7619284130051,19,61.3541484427286,22,73.7262846202913
"FI","FIN","Finland",2023,17,69.5924540177074,9,74.2410094489515,23,68.9966214605098,23,50.7619284130051,19,61.4761520549936,20,73.271762427972
