"ISO_2","ISO_3","Country","Year","Final Rank","Final Score","Corporate Rank","Corporate Score","Income Rank","Income Score","Consumption Rank","Consumption Score","Property Rank","Property Score","Cross-Border Rank","Cross-Border Score"
"FI","FIN","Finland",2014,20,65.20506458228,10,70.4347555981506,24,60.7387721075659,12,68.7630297365823,24,60.016083327538,24,61.3635204302724
"FI","FIN","Finland",2015,19,65.7939832843318,9,67.279369716746,28,58.9559711107812,12,68.4642187197426,17,64.9170430798093,23,61.3043781068086
"FI","FIN","Finland",2016,15,67.4739938061072,8,72.5161214341668,26,58.3910907015178,13,68.5093706930716,12,71.2502276357214,23,64.4116383240214
"FI","FIN","Finland",2017,16,64.7255411203323,6,71.3687063845712,26,57.5153193512686,13,66.6845787003189,18,64.5457109703254,22,63.7994474591662
"FI","FIN","Finland",2018,17,63.8670638404598,6,73.9662545875979,26,58.3361175749308,13,67.7935253374807,18,62.0020656490296,22,64.0429592894435
"FI","FIN","Finland",2019,17,67.1910565761279,7,73.0055710320301,26,58.2429748554589,13,67.6467197303934,18,61.0833651632976,21,74.4581921526516
"FI","FIN","Finland",2020,17,66.8143171589069,8,71.5955467626524,25,57.9327515691503,14,72.8912630078883,18,61.3951015519147,21,74.3511356807333
"FI","FIN","Finland",2021,15,67.3487793066372,7,72.5258049896162,25,54.0368545214699,15,72.7444314257454,19,61.4018413618193,21,74.3296143885693
