"ISO_2","ISO_3","Country","Year","Final Rank","Final Score","Corporate Rank","Corporate Score","Income Rank","Income Score","Consumption Rank","Consumption Score","Property Rank","Property Score","Cross-Border Rank","Cross-Border Score"
"FR","FRA","France",2022,38,46.1679412615503,35,41.8067204355833,36,42.8317441855418,33,39.7519998019972,35,39.3774842313888,16,79.5494803480395
"FR","FRA","France",2023,38,46.6326729884968,34,44.8568521146479,36,43.2697133394821,32,41.1926429428736,34,40.6526593190142,14,80.3473079369859
