"ISO_2","ISO_3","Country","Year","Final Rank","Final Score","Corporate Rank","Corporate Score","Income Rank","Income Score","Consumption Rank","Consumption Score","Property Rank","Property Score","Cross-Border Rank","Cross-Border Score"
"FR","FRA","France",2014,37,38.4701367697306,37,31.1301801844115,37,26.6893181595806,30,39.0563227472402,37,30.2510584867817,17,67.1965670964745
"FR","FRA","France",2015,37,38.9252061286508,37,30.6635197308877,37,27.242800746047,31,41.0369628764245,37,30.0913040574631,15,67.4426561315095
"FR","FRA","France",2016,37,39.619898672873,36,33.4960347778648,37,27.7878835455668,31,39.7316251829542,37,30.141902426696,15,70.0352711342714
"FR","FRA","France",2017,37,37.2512228499795,37,28.6561635978778,37,27.5570528943935,30,42.0475763370612,37,29.9058623147755,16,69.2862733020187
"FR","FRA","France",2018,37,40.4819395004957,36,32.9150933318868,35,30.6986932540069,31,44.0469670005949,37,31.9663689513282,16,69.0198798965074
"FR","FRA","France",2019,37,41.324497408427,37,27.5637197544123,35,30.0983915289404,31,42.7799400442526,35,36.7517296394704,17,79.2993625937499
"FR","FRA","France",2020,37,42.4130410307238,37,30.7467647318921,37,28.9029660664929,32,42.2803565086635,35,37.5154334898655,13,80.7440490939597
"FR","FRA","France",2021,37,43.5432507388122,37,33.2738963680289,36,29.4509030076716,32,42.3645206324462,34,38.4332065396305,13,80.7258334170374
