"ISO_2","ISO_3","Country","Year","Final Rank","Final Score","Corporate Rank","Corporate Score","Income Rank","Income Score","Consumption Rank","Consumption Score","Property Rank","Property Score","International Rank","International Score"
"FR","FRA","France",2014,37,42.0686042171131,36,39.1029508005099,36,36.8513647308083,18,61.3109625185679,37,30.2510584867817,17,67.1965670964745
"FR","FRA","France",2015,37,42.0917031483149,37,33.9445717596238,36,39.86317294644,21,59.9511996757832,37,30.0913040574631,15,67.4426561315095
"FR","FRA","France",2016,37,42.8176881171186,34,44.0237466569271,36,40.6299335964129,22,60.3340291382101,37,30.141902426696,15,70.0352711342714
"FR","FRA","France",2017,37,40.1938847475253,36,32.4842186866855,36,38.8556052898146,21,58.3525965975604,37,29.9058623147755,16,69.2862733020187
"FR","FRA","France",2018,37,42.8158336607746,35,43.9713489325259,36,44.7357808648841,20,59.3146875099291,37,31.9663689513282,16,69.0198798965074
"FR","FRA","France",2019,37,44.3209715235063,37,32.0482978629981,36,44.4760811287333,20,58.9962718258272,35,36.7517296394704,17,79.2993625937499
"FR","FRA","France",2020,35,46.2372645389547,36,37.3831776947801,36,43.3501843227237,21,64.8743170688178,35,37.5154334898655,13,80.7440490939597
"FR","FRA","France",2021,35,48.6891126959078,34,44.0519055908569,37,37.7896287640446,21,64.9339061884036,34,38.4332065384965,13,80.7258334196929
