"ISO_2","ISO_3","Country","Year","Final Rank","Final Score","Corporate Rank","Corporate Score","Income Rank","Income Score","Consumption Rank","Consumption Score","Property Rank","Property Score","Cross-Border Rank","Cross-Border Score"
"FR","FRA","France",2014,38,39.1348993189649,38,30.5523329715277,38,31.7069522747109,31,40.2383988563117,38,30.3994722516684,18,66.3418567767789
"FR","FRA","France",2015,38,39.6508269564885,38,30.2777438919788,38,33.5161138240741,32,42.2440779613653,38,30.2434786413844,16,66.5704894312165
"FR","FRA","France",2016,38,40.3475659619106,37,36.3631026990949,38,34.2181583747081,32,39.2706607372206,38,30.3122458483656,16,69.019936049121
"FR","FRA","France",2017,38,38.0316533086938,38,29.1322923872967,38,34.0311514065007,30,40.9433693556109,38,30.0698134077454,17,68.4061897162583
"FR","FRA","France",2018,38,39.9963824141005,38,29.6462271442666,38,35.0561078726773,32,43.4199602768226,38,32.1866874773847,17,68.2719438293442
"FR","FRA","France",2019,38,42.7000852889207,38,29.9590535857772,38,34.7248159449212,33,42.6151962026957,36,37.3463144976423,16,79.1992692238226
"FR","FRA","France",2020,38,43.3386070026975,38,32.0225368977682,38,34.1803309129753,33,41.4844974721129,36,38.0731352547071,15,80.8256302354172
"FR","FRA","France",2021,38,44.9831403137976,37,37.9244121730151,36,38.2883422700942,33,41.8982084360295,34,38.8832849607111,15,80.8155359518258
"FR","FRA","France",2022,38,45.2572762910928,35,45.2819257119189,38,36.1567272127894,33,39.6039798975794,35,39.2721515171343,15,81.5430339098612
