"ISO_2","ISO_3","Country","Year","Final Rank","Final Score","Corporate Rank","Corporate Score","Income Rank","Income Score","Consumption Rank","Consumption Score","Property Rank","Property Score","Cross-Border Rank","Cross-Border Score"
"FR","FRA","France",2014,38,40.0790058273069,38,31.9082265240225,37,33.4983359551519,31,40.2383988563117,38,30.3994722516684,18,66.3418567767789
"FR","FRA","France",2015,38,40.6036618978453,38,31.6061983281058,37,32.0434096040425,32,42.2440779613653,38,30.2434786413844,16,66.5704894312165
"FR","FRA","France",2016,38,41.2186685614548,37,35.8986485972661,36,37.3659095946581,32,39.2706607372206,38,30.3122458483656,16,69.019936049121
"FR","FRA","France",2017,38,38.7571197334235,38,31.0518180277043,37,32.8576844875677,30,40.9433693556109,38,30.0698134077454,17,68.4061897162583
"FR","FRA","France",2018,38,40.4229338494323,38,31.3492756624626,37,33.9780550944869,32,43.4199602768226,38,32.1866874773847,17,68.2719438293442
"FR","FRA","France",2019,38,43.1609179365292,38,31.6152617111713,37,31.7261970917276,33,42.6151962026957,36,37.3463144976423,16,79.1992692238226
"FR","FRA","France",2020,38,43.8716065014084,38,34.6232219029173,38,30.5474677954521,33,41.4844974721129,36,38.0731352547071,15,80.8256302354172
"FR","FRA","France",2021,38,45.4857974008846,37,39.746593262754,37,38.0691016007152,33,41.8982084360295,34,38.8832849607111,15,80.8155359518258
"FR","FRA","France",2022,38,45.2419065091688,35,45.9146992066289,37,33.6122945148301,33,39.6039798975898,35,39.2721515167777,15,81.674870422862
