"ISO_2","ISO_3","Country","Year","Final Rank","Final Score","Corporate Rank","Corporate Score","Income Rank","Income Score","Consumption Rank","Consumption Score","Property Rank","Property Score","Cross-Border Rank","Cross-Border Score"
"FR","FRA","France",2022,38,47.1511403858176,35,41.8067204355833,36,60.1467648425471,33,39.0978100356858,35,39.3774842313888,16,79.5494803480395
"FR","FRA","France",2023,36,49.3029439396985,34,44.8568521146479,33,58.2360321206955,33,39.0978100356858,34,40.6526593190142,14,80.3473079369859
