"ISO_2","ISO_3","Country","Year","Final Rank","Final Score","Corporate Rank","Corporate Score","Income Rank","Income Score","Consumption Rank","Consumption Score","Property Rank","Property Score","Cross-Border Rank","Cross-Border Score"
"FR","FRA","France",2014,38,40.1538580563871,38,33.911456057855,38,31.7069522747109,31,40.2383988563117,38,30.3994722516684,18,66.3418567767789
"FR","FRA","France",2015,38,40.6812502864931,37,34.2646714782932,38,33.5161138240741,32,42.2440779613653,38,30.2434786413844,16,66.5704894312165
"FR","FRA","France",2016,38,41.3913012679143,37,42.0725987526671,38,34.2181583747081,32,39.2706607372206,38,30.3122458483656,16,69.019936049121
"FR","FRA","France",2017,38,39.2015097663897,38,32.8916623373495,38,34.0311514065007,30,40.9433693556109,38,30.0698134077454,17,68.4061897162583
"FR","FRA","France",2018,38,40.9936514404025,38,32.5840047133084,38,35.0561078726773,32,43.4199602768226,38,32.1866874773847,17,68.2719438293442
"FR","FRA","France",2019,38,43.8360881154847,38,32.9550322280788,38,34.7248159449212,33,42.6151962026957,36,37.3463144976423,16,79.1992692238226
"FR","FRA","France",2020,38,44.5088414848716,38,35.4677055424537,38,34.1803309129753,33,41.4844974721129,36,38.0731352547071,15,80.8256302354172
"FR","FRA","France",2021,38,46.2323840142406,35,42.0640683872004,36,38.2883422700942,33,41.8982084360295,34,38.8832849607111,15,80.8155359518258
"FR","FRA","France",2022,38,46.5724066350351,35,51.6800497383519,38,36.1567272138611,33,39.6039798975898,35,39.2721515167777,15,81.674870422862
