"ISO_2","ISO_3","Country","Year","Final Rank","Final Score","Corporate Rank","Corporate Score","Income Rank","Income Score","Consumption Rank","Consumption Score","Property Rank","Property Score","International Rank","International Score"
"FR","FRA","France",2014,37,42.0797348005067,36,39.1029508005099,36,36.8513647308083,18,61.3109625185679,37,30.2510584867817,17,67.8013620834198
"FR","FRA","France",2015,37,42.1057417848285,37,33.9445717596238,36,39.86317294644,21,59.9511996757832,37,30.0913040574631,15,68.4232391859024
"FR","FRA","France",2016,37,42.8321751058775,34,44.0237466569271,36,40.6299335964129,22,60.3340291382101,37,30.141902426696,15,71.1763824080326
"FR","FRA","France",2017,37,40.2039998462879,36,32.4842186866855,36,38.8556052898146,21,58.3525965975604,37,29.9058623147755,16,70.4245863102917
"FR","FRA","France",2018,37,42.8294535067242,35,43.9713489325259,36,44.7357808648841,20,59.3146875099291,37,31.9663689513282,16,70.2307666631027
"FR","FRA","France",2019,37,44.3467976792873,37,32.0482978629981,36,44.4760811287333,20,58.9962718258272,35,36.7517296394704,17,80.2802275984965
"FR","FRA","France",2020,35,46.2638342987819,36,37.3831776947801,36,43.3501843227237,21,64.8743170688178,35,37.5154334898655,13,81.632526104468
"FR","FRA","France",2021,35,48.7016590714916,34,44.0519055908569,37,37.7896287640446,21,64.9339061884036,34,38.4332065384965,13,80.737998970129
