"ISO_2","ISO_3","Country","Year","Final Rank","Final Score","Corporate Rank","Corporate Score","Income Rank","Income Score","Consumption Rank","Consumption Score","Property Rank","Property Score","Cross-Border Rank","Cross-Border Score"
"DE","DEU","Germany",2014,20,72.624712999204,29,61.9417817717245,32,60.9468498116645,14,63.3790240652545,12,71.0610165375165,13,73.9440301423219
"DE","DEU","Germany",2015,19,72.3255263020935,27,61.0247038165412,31,59.8869865273869,16,65.9915190177385,11,71.0590912060842,12,74.2595927596036
"DE","DEU","Germany",2016,19,71.9251184108865,29,62.1687219049293,29,60.2576014336996,16,61.8528338123973,11,71.3670327459873,12,76.1696307506864
"DE","DEU","Germany",2017,19,70.8903871240667,29,62.2162758245474,30,60.3750069375686,13,65.4288384855163,11,71.0667034136289,11,75.9952145642694
"DE","DEU","Germany",2018,15,71.9111391966492,27,62.3910484808096,28,59.5671598789916,12,66.9126597658198,10,68.9862302163292,11,76.0724513339952
"DE","DEU","Germany",2019,16,74.544795225475,30,59.1108316701006,27,59.1698929430036,12,65.7972361385051,10,68.5813441233983,7,90.3451426975084
"DE","DEU","Germany",2020,15,73.4801692224426,30,55.0668889576352,27,59.2487543180923,13,65.0220678062839,11,68.9159903368231,7,90.4774467900881
"DE","DEU","Germany",2021,15,72.6173215178572,32,52.0541883179356,28,61.9552357943815,13,65.2329666775375,11,68.8013850273708,6,90.4699928197447
"DE","DEU","Germany",2022,15,71.3239219485721,32,55.7375810275388,26,61.2175322021659,15,60.9066880536353,11,68.7106110032204,6,90.46322558997
