"ISO_2","ISO_3","Country","Year","Final Rank","Final Score","Corporate Rank","Corporate Score","Income Rank","Income Score","Consumption Rank","Consumption Score","Property Rank","Property Score","Cross-Border Rank","Cross-Border Score"
"DE","DEU","Germany",2014,20,72.6196145764451,28,61.9299068187144,32,60.9468498116645,14,63.3790240652545,12,71.0610165375165,13,73.9440301423219
"DE","DEU","Germany",2015,19,72.3292434563086,27,61.0322014187714,31,59.8869865273869,16,65.9915190177385,11,71.0590912060842,12,74.2595927596036
"DE","DEU","Germany",2016,19,71.9251184108865,29,62.1687219049293,29,60.2576014336996,16,61.8528338123973,11,71.3670327459873,12,76.1696307506864
"DE","DEU","Germany",2017,19,70.8902660660564,29,62.2161555867628,30,60.3750069375686,13,65.4288384855163,11,71.0667034136289,11,75.9952145642694
"DE","DEU","Germany",2018,15,71.9083555326129,27,62.3825888462886,28,59.5671598789916,12,66.9126597658198,10,68.9862302163292,11,76.0724513339952
"DE","DEU","Germany",2019,16,74.5329930574274,30,59.0822672791455,27,59.1698929430036,12,65.7972361385051,10,68.5813441233983,7,90.3451426975084
"DE","DEU","Germany",2020,15,73.7607406585142,30,55.7806457348729,27,59.3057375387694,13,65.0220678062839,11,68.9159903368231,7,90.4774467900881
"DE","DEU","Germany",2021,15,72.9403764951547,32,51.5636503121636,28,61.9552358028122,13,65.2329666775375,11,68.8013850273708,6,90.4699928197447
"DE","DEU","Germany",2022,16,71.6763256830025,31,51.5065304889714,26,60.1491795580991,15,60.9066880536353,11,68.7106110032204,6,90.46322558997
