"ISO_2","ISO_3","Country","Year","Final Rank","Final Score","Corporate Rank","Corporate Score","Income Rank","Income Score","Consumption Rank","Consumption Score","Property Rank","Property Score","Cross-Border Rank","Cross-Border Score"
"DE","DEU","Germany",2022,15,71.7976969711272,32,51.5661612978033,24,73.2516454530998,14,60.2273969532772,12,68.8342645249398,6,89.1186000105797
"DE","DEU","Germany",2023,19,67.9584240196462,31,50.9144197296628,34,57.6999431154708,14,60.2273969532772,12,68.8666139778139,6,87.7530133066933
