"ISO_2","ISO_3","Country","Year","Final Rank","Final Score","Corporate Rank","Corporate Score","Income Rank","Income Score","Consumption Rank","Consumption Score","Property Rank","Property Score","Cross-Border Rank","Cross-Border Score"
"DE","DEU","Germany",2022,17,70.1698876035197,32,51.5661612978033,30,58.8005612456059,14,60.4071452727581,12,68.8342645249398,6,89.1186000105797
"DE","DEU","Germany",2023,16,69.6199043932152,31,50.9144197296628,31,59.6102668297094,14,65.1438770824411,12,68.8666139778139,6,87.7530133066933
