"ISO_2","ISO_3","Country","Year","Final Rank","Final Score","Corporate Rank","Corporate Score","Income Rank","Income Score","Consumption Rank","Consumption Score","Property Rank","Property Score","Cross-Border Rank","Cross-Border Score"
"DE","DEU","Germany",2014,19,72.4478689864232,31,60.0088093088212,30,59.0986953931817,14,63.3790240652545,12,71.0610165375165,13,73.9440301423219
"DE","DEU","Germany",2015,17,72.1458205612492,31,58.7624661091768,28,55.0340655794548,16,65.9915190177385,11,71.0590912060842,12,74.2595927596036
"DE","DEU","Germany",2016,19,71.7166301391216,30,57.8474460306776,28,58.1578051723518,16,61.8528338123973,11,71.3670327459873,12,76.1696307506864
"DE","DEU","Germany",2017,18,70.1092611416396,30,60.3576529431032,27,55.9749717989753,13,65.4288384855163,11,71.0667034136289,11,75.9952145642694
"DE","DEU","Germany",2018,17,72.039727411151,28,59.8741388821369,27,59.5155662804887,12,66.9126597658198,10,68.9862302163292,11,76.0724513339952
"DE","DEU","Germany",2019,15,74.5859162177448,32,56.7951650089685,25,57.1522473274581,12,65.7972361385051,10,68.5813441233983,7,90.3451426975084
"DE","DEU","Germany",2020,15,73.6331534244905,32,53.4364068816474,26,57.4284120289956,13,65.0220678062839,11,68.9159903368231,7,90.4774467900881
"DE","DEU","Germany",2021,16,72.9504787017539,33,49.6146756764175,26,60.707729232526,13,65.2329666775375,11,68.8013850273708,6,90.4699928197447
"DE","DEU","Germany",2022,17,70.8796060604109,33,50.5645647624534,27,58.3649706516996,15,60.9066880536353,11,68.7106110032204,6,90.46322558997
