"ISO_2","ISO_3","Country","Year","Final Rank","Final Score","Corporate Rank","Corporate Score","Income Rank","Income Score","Consumption Rank","Consumption Score","Property Rank","Property Score","International Rank","International Score"
"DE","DEU","Germany",2014,14,67.8531457850966,27,58.9097839161179,28,56.3558904924519,10,69.9574574494037,11,71.2501474535484,12,74.2682993859927
"DE","DEU","Germany",2015,14,67.1383700962329,25,53.8173188317208,30,55.6283583980839,10,69.9062719876219,10,71.254026179489,12,74.8238963680304
"DE","DEU","Germany",2016,16,66.6389016344147,26,56.834844477321,29,55.8074401794651,10,70.4896835497648,10,71.5696790108322,12,77.0528322646084
"DE","DEU","Germany",2017,15,66.288580144951,25,57.5817186229709,29,54.7568925038882,10,69.236272143083,10,71.2752690940521,12,76.7617537875422
"DE","DEU","Germany",2018,16,64.0550182955642,27,56.8009848406193,29,54.6427609731007,12,69.819112930277,11,69.2544770143212,12,76.7611515942832
"DE","DEU","Germany",2019,16,67.5743238998682,28,54.1121020599883,29,54.8104382017568,12,69.3749259395103,11,68.6050935900278,7,90.1696227034689
"DE","DEU","Germany",2020,15,67.4825860918037,28,51.989292900134,28,54.5353721955002,10,74.541594364627,11,68.9311838514668,7,90.3554285718668
"DE","DEU","Germany",2021,16,67.179258066333,27,49.7538500129262,28,50.4836231511201,11,74.3803728950801,11,68.8345903618865,6,89.9887597702397
