"ISO_2","ISO_3","Country","Year","Final Rank","Final Score","Corporate Rank","Corporate Score","Income Rank","Income Score","Consumption Rank","Consumption Score","Property Rank","Property Score","International Rank","International Score"
"DE","DEU","Germany",2014,14,67.8624272939205,27,58.9097839161179,28,56.3558904924519,10,69.9574574494037,11,71.2501474535484,12,73.9643797623686
"DE","DEU","Germany",2015,14,67.1535034042424,25,53.8173188317208,30,55.6283583980839,10,69.9062719876219,10,71.254026179489,12,74.2383234741773
"DE","DEU","Germany",2016,16,66.6543211043809,26,56.834844477321,29,55.8074401794651,10,70.4896835497648,10,71.5696790108322,12,76.3105498652623
"DE","DEU","Germany",2017,15,66.2778142455612,25,57.5817186229709,29,54.7568925038882,10,69.236272143083,10,71.2752690940521,11,76.0282132102191
"DE","DEU","Germany",2018,16,64.0430257441788,27,56.8009848406193,29,54.6427609731007,12,69.819112930277,11,69.2544770143212,12,76.0287889062709
"DE","DEU","Germany",2019,16,67.5460532091314,28,54.1121020599883,29,54.8104382017568,12,69.3749259395103,11,68.6050935900278,7,89.751992818697
"DE","DEU","Germany",2020,15,67.4507834489124,28,51.989292900134,28,54.5353721955002,10,74.541594364627,11,68.9311838514668,7,89.9671100416359
"DE","DEU","Germany",2021,16,67.1873483454336,27,49.7538500129262,28,50.4836231511201,11,74.3803728950801,11,68.8345903618865,6,89.9552218765382
