"ISO_2","ISO_3","Country","Year","Final Rank","Final Score","Corporate Rank","Corporate Score","Income Rank","Income Score","Consumption Rank","Consumption Score","Property Rank","Property Score","Cross-Border Rank","Cross-Border Score"
"DE","DEU","Germany",2014,18,71.683877292087,27,59.3274688503445,32,60.9468498116645,14,63.3790240652545,12,71.0610165375165,13,73.9440301423219
"DE","DEU","Germany",2015,18,71.3700454995529,25,58.0703308832098,31,59.8869865273869,16,65.9915190177385,11,71.0590912060842,12,74.2595927596036
"DE","DEU","Germany",2016,18,70.9475030181811,26,58.2959288525581,29,60.2576014336996,16,61.8528338123973,11,71.3670327459873,12,76.1696307506864
"DE","DEU","Germany",2017,18,69.5437696380562,27,58.050134858192,30,60.3750069375686,13,65.4288384855163,11,71.0667034136289,11,75.9952145642694
"DE","DEU","Germany",2018,15,70.9230226123471,25,59.5873086575451,28,59.5671598789916,12,66.9126597658198,10,68.9862302163292,11,76.0724513339952
"DE","DEU","Germany",2019,16,73.4200282913751,30,56.568179326197,27,59.1698929430036,12,65.7972361385051,10,68.5813441233983,7,90.3451426975084
"DE","DEU","Germany",2020,14,72.3639089776027,29,52.7314925837793,27,59.2487543180923,13,65.0220678062839,11,68.9159903368231,7,90.4774467900881
"DE","DEU","Germany",2021,15,71.5017773448475,30,50.0283188155367,28,61.9552357943815,13,65.2329666775375,11,68.8013850273708,6,90.4699928197447
"DE","DEU","Germany",2022,15,70.150335535641,30,52.0276190353169,26,61.2175322113014,15,60.9066880295777,11,68.7106109968603,6,90.3946151565103
