"ISO_2","ISO_3","Country","Year","Final Rank","Final Score","Corporate Rank","Corporate Score","Income Rank","Income Score","Consumption Rank","Consumption Score","Property Rank","Property Score","International Rank","International Score"
"GR","GRC","Greece",2014,27,58.4379734490476,22,60.8287368222776,10,80.9902492774851,31,48.0225152472203,28,55.3357011504352,30,53.6209172547606
"GR","GRC","Greece",2015,28,56.4696984300199,30,49.0569801040135,9,80.9772207363153,28,50.7884310273702,28,55.7104258731207,30,52.0400623292357
"GR","GRC","Greece",2016,32,50.9821651191231,33,52.1856349863641,19,66.7578334249232,29,50.2839917128423,29,53.4006691225663,31,56.2768179688171
"GR","GRC","Greece",2017,33,50.8168218309451,32,52.3682994118892,15,70.6322423961156,32,44.9209881052526,29,52.0180280276014,31,54.5165008926084
"GR","GRC","Greece",2018,33,48.1416418647856,33,51.9307193434152,15,71.2492499643187,31,47.9849707615633,29,47.9173441230658,32,54.1106738953078
"GR","GRC","Greece",2019,29,54.3100997485775,21,58.6684514295994,11,73.8526182402432,32,46.5356234499088,29,46.4002964326278,27,64.9152269100937
"GR","GRC","Greece",2020,28,57.1819737978851,22,56.9098024093293,11,75.1079550963831,32,56.9661759953801,30,46.425002759764,24,73.0405479745732
"GR","GRC","Greece",2021,29,57.4726143439759,22,56.6467693554041,10,73.878419749676,32,56.7891162151496,29,45.7973522086176,26,72.505587114191
