"ISO_2","ISO_3","Country","Year","Final Rank","Final Score","Corporate Rank","Corporate Score","Income Rank","Income Score","Consumption Rank","Consumption Score","Property Rank","Property Score","International Rank","International Score"
"GR","GRC","Greece",2014,27,58.4297287102598,22,60.8287368222776,10,80.9902492774851,31,48.0225152472203,28,55.3357011504352,31,53.8316871234268
"GR","GRC","Greece",2015,29,56.4580097033232,30,49.0569801040135,9,80.9772207363153,28,50.7884310273702,28,55.7104258731207,31,52.2457887448959
"GR","GRC","Greece",2016,32,50.9687758010289,33,52.1856349863641,19,66.7578334249232,29,50.2839917128423,29,53.4006691225663,32,56.4387091103782
"GR","GRC","Greece",2017,33,50.7766755688669,32,52.3682994118892,15,70.6322423961156,32,44.9209881052526,29,52.0180280276014,32,54.6702867748807
"GR","GRC","Greece",2018,33,48.0892675161636,33,51.9307193434152,15,71.2492499643187,31,47.9849707615633,29,47.9173441230658,33,54.3351664949046
"GR","GRC","Greece",2019,30,54.2547326517069,21,58.6684514295994,11,73.8526182402432,32,46.5356234499088,29,46.4002964326278,28,65.064769858263
"GR","GRC","Greece",2020,29,57.1883706939923,22,56.9098024093293,11,75.1079550963831,32,56.9661759953801,30,46.425002759764,25,73.3606490767703
"GR","GRC","Greece",2021,29,57.4656911359305,22,56.6467693554041,10,73.878419749676,32,56.7891162151496,29,45.7973522086176,25,72.1490635284459
