"ISO_2","ISO_3","Country","Year","Final Rank","Final Score","Corporate Rank","Corporate Score","Income Rank","Income Score","Consumption Rank","Consumption Score","Property Rank","Property Score","Cross-Border Rank","Cross-Border Score"
"GR","GRC","Greece",2022,27,63.2558683965018,19,64.781155579638,8,87.5986956220576,32,40.0981276992209,28,47.3051732852363,24,72.1683721485763
"GR","GRC","Greece",2023,25,62.3729228558206,20,60.7329560411221,7,91.4329692451278,32,40.0981276992209,28,47.282067795521,23,70.6651226882282
