"ISO_2","ISO_3","Country","Year","Final Rank","Final Score","Corporate Rank","Corporate Score","Income Rank","Income Score","Consumption Rank","Consumption Score","Property Rank","Property Score","Cross-Border Rank","Cross-Border Score"
"GR","GRC","Greece",2014,31,62.9244500616894,18,64.1432157412885,15,75.2779382404226,27,44.8501317914887,29,55.0927261659183,32,53.6688799801272
"GR","GRC","Greece",2015,34,58.5966350347201,30,55.6150338071992,20,68.2351382253519,29,46.7321262553154,29,55.4603000286493,32,51.7108809712439
"GR","GRC","Greece",2016,36,52.7817098127525,32,55.7407632029636,34,50.5046640271557,28,42.9839536480364,30,53.1286894915215,32,55.2882488636966
"GR","GRC","Greece",2017,37,51.6317920851522,29,57.1780958202154,33,55.1292801360735,33,40.1257429217495,30,51.7252855075933,33,53.5503974053126
"GR","GRC","Greece",2018,36,51.8604077895634,31,55.6897398341002,32,54.1836779101754,30,45.8338304469774,29,47.5112288122951,34,53.2161451371707
"GR","GRC","Greece",2019,35,56.9471924094091,20,64.6002418380816,31,56.2916043521453,31,43.1886338833186,30,46.4128882991503,29,64.7585801606786
"GR","GRC","Greece",2020,34,58.7716276467158,20,61.9641382867663,29,58.545137970007,31,44.0645864555765,31,46.4141790243576,25,73.5780780408181
"GR","GRC","Greece",2021,33,58.5804770513285,16,62.5433484517701,27,62.519536434254,32,43.5559940841045,30,47.1408269441161,25,73.5691512921857
"GR","GRC","Greece",2022,28,58.9060120299225,18,63.4465504736628,17,64.6602589030792,30,44.8271436179482,30,46.4070956738046,25,73.3917273490271
