"ISO_2","ISO_3","Country","Year","Final Rank","Final Score","Corporate Rank","Corporate Score","Income Rank","Income Score","Consumption Rank","Consumption Score","Property Rank","Property Score","Cross-Border Rank","Cross-Border Score"
"GR","GRC","Greece",2022,28,61.8710903466707,19,64.781155579638,12,76.2830112051396,32,40.0981276992209,28,47.3051732852363,24,72.1683721485763
"GR","GRC","Greece",2023,27,60.6776354667706,19,64.2100122769283,14,77.5657312048084,32,40.0981276992209,28,47.282067795521,23,70.6651226882282
