"ISO_2","ISO_3","Country","Year","Final Rank","Final Score","Corporate Rank","Corporate Score","Income Rank","Income Score","Consumption Rank","Consumption Score","Property Rank","Property Score","Cross-Border Rank","Cross-Border Score"
"GR","GRC","Greece",2014,26,63.8436308357937,19,63.7242268755549,15,72.3001601757125,26,43.7969074986592,28,55.3357011504352,31,53.0847363007783
"GR","GRC","Greece",2015,30,61.1801538733867,28,55.9024206856308,13,69.4612792415258,27,45.6725810315771,28,55.7104258731207,31,50.9153679997676
"GR","GRC","Greece",2016,34,54.2872349132631,29,53.3012801829659,22,51.6704290081159,27,43.2466257121111,29,53.4006691225663,31,54.8539589495332
"GR","GRC","Greece",2017,34,54.2622506508157,28,57.6231606443754,18,57.4470526743529,31,41.8286277180574,29,52.0180280276014,32,53.0498429484734
"GR","GRC","Greece",2018,34,52.8565363237381,30,52.7898524384326,18,55.7255657492834,29,46.7347949757105,29,47.9173441230658,33,52.6254313858341
"GR","GRC","Greece",2019,33,60.2244961551331,20,67.2043838601589,15,58.3667809427971,30,43.6265430736553,29,46.4002964326278,29,63.5993306585799
"GR","GRC","Greece",2020,28,61.7244059813999,18,64.1105177703448,15,60.0154638223787,30,45.1351607261731,30,46.425002759764,25,72.2224688413611
"GR","GRC","Greece",2021,28,60.3135735892749,19,59.09099054291,15,61.8178924034933,30,44.6322214528816,29,45.7973522019256,25,72.2014241172511
