"ISO_2","ISO_3","Country","Year","Final Rank","Final Score","Corporate Rank","Corporate Score","Income Rank","Income Score","Consumption Rank","Consumption Score","Property Rank","Property Score","Cross-Border Rank","Cross-Border Score"
"GR","GRC","Greece",2014,31,63.654166364927,19,67.358580273773,15,75.2779382404226,27,44.8501317914887,29,55.0927261659183,32,53.6688799801272
"GR","GRC","Greece",2015,35,59.2373343154208,29,58.4069420465596,20,68.2351382253519,29,46.7321262553154,29,55.4603000286493,32,51.7108809712439
"GR","GRC","Greece",2016,36,53.3068677427321,32,59.5084382331009,34,50.5046640271557,28,42.9839536480364,30,53.1286894915215,32,55.2882488636966
"GR","GRC","Greece",2017,37,52.450501007613,30,61.3284678579342,33,55.1292801360735,33,40.1257429217495,30,51.7252855075933,33,53.5503974053126
"GR","GRC","Greece",2018,37,52.3905217605325,31,58.1760239522438,32,54.1836779101754,30,45.8338304469774,29,47.5112288122951,34,53.2161451371707
"GR","GRC","Greece",2019,35,57.6522163602643,23,68.0156750367106,31,56.2916043521453,31,43.1886338833186,30,46.4128882991503,29,64.7585801606786
"GR","GRC","Greece",2020,34,59.5396804774067,21,65.3677934908868,29,58.545137970007,31,44.0645864555765,31,46.4141790243576,25,73.5780780408181
"GR","GRC","Greece",2021,33,59.356441350726,19,66.0371534835569,27,62.519536434254,32,43.5559940841045,30,47.1408269441161,25,73.5691512921857
"GR","GRC","Greece",2022,30,60.017797954087,22,68.9591728561115,17,64.6602588940923,30,44.8271436069487,30,46.4070956800312,25,73.5817879400337
