"ISO_2","ISO_3","Country","Year","Final Rank","Final Score","Corporate Rank","Corporate Score","Income Rank","Income Score","Consumption Rank","Consumption Score","Property Rank","Property Score","Cross-Border Rank","Cross-Border Score"
"HU","HUN","Hungary",2014,12,73.5991856707271,24,59.8323775873026,6,87.5191143878447,35,31.692156742502,16,66.1568961293731,5,80.4883769765183
"HU","HUN","Hungary",2015,11,72.2821195421476,24,57.4419329627246,5,84.0261691169118,36,32.9146764818384,16,65.1997824174139,5,80.7888984367941
"HU","HUN","Hungary",2016,11,72.6432468670415,24,56.3848184204943,5,84.4101889529625,35,33.6419582990536,18,65.5903093692919,5,82.9192601264967
"HU","HUN","Hungary",2017,13,70.2293988914136,32,52.2868612798572,5,84.6103071084888,34,37.9630792718091,17,65.3346833691363,6,83.2853932378223
"HU","HUN","Hungary",2018,10,72.4592339936435,25,56.6072151802716,6,84.2405675489206,35,35.8835407672649,17,62.8602812267956,3,88.16500205864
"HU","HUN","Hungary",2019,9,77.7836481960823,15,69.4954595813853,4,83.9514256683136,35,34.1837903903797,17,62.0985665757962,4,97.1848010277529
"HU","HUN","Hungary",2020,7,77.8964802505058,11,71.6930604176388,4,84.6723424972127,37,31.7442494863881,17,62.6048022385975,4,97.4076095673546
"HU","HUN","Hungary",2021,7,77.8989841266678,11,70.4934665059041,4,86.5708390254318,37,31.5323693957911,17,62.726728622551,4,97.4011905059441
