"ISO_2","ISO_3","Country","Year","Final Rank","Final Score","Corporate Rank","Corporate Score","Income Rank","Income Score","Consumption Rank","Consumption Score","Property Rank","Property Score","Cross-Border Rank","Cross-Border Score"
"HU","HUN","Hungary",2022,10,77.0844579042644,4,82.6861827299543,6,90.8844829115036,38,30.2266919430709,23,57.248770195863,3,97.8147387836851
"HU","HUN","Hungary",2023,10,76.2702898396888,4,82.0754120318329,6,93.0495889222874,38,31.7560234229707,23,57.42164333441,3,95.9587312668468
