"ISO_2","ISO_3","Country","Year","Final Rank","Final Score","Corporate Rank","Corporate Score","Income Rank","Income Score","Consumption Rank","Consumption Score","Property Rank","Property Score","Cross-Border Rank","Cross-Border Score"
"HU","HUN","Hungary",2014,13,75.3940219238325,13,71.679495627477,7,85.9295683534005,36,32.8323554518658,17,65.9285509479667,5,81.0902791596714
"HU","HUN","Hungary",2015,15,74.0949442859514,14,68.8026560554116,7,82.2116780379391,37,34.0788523723607,17,64.950019986685,5,81.4253007393499
"HU","HUN","Hungary",2016,13,74.4020516192453,16,68.6625889938796,7,82.9376094409277,36,33.1496423013181,19,65.3370084807514,5,83.364755950936
"HU","HUN","Hungary",2017,11,74.2087624987653,11,75.2812586937582,7,83.2262851177352,35,37.7612822710889,18,65.0828432886526,5,83.7281942216785
"HU","HUN","Hungary",2018,8,77.7651909674052,6,80.0569273938017,6,85.2213597520381,36,35.8248109931307,18,62.5429873255156,3,88.7695482419676
"HU","HUN","Hungary",2019,8,81.6223018657244,4,85.4892084107865,5,83.4898688519708,36,34.2928912858989,18,62.0739673471271,3,98.606239294984
"HU","HUN","Hungary",2020,7,80.7876722728695,4,86.8628353243025,4,84.2702833135549,38,31.4377631610565,18,62.5896882772228,3,98.7246566676327
"HU","HUN","Hungary",2021,7,80.7799075340356,5,86.0656264235863,3,84.5615944389001,38,31.5380980243115,18,62.6690269493708,3,98.7197669596731
"HU","HUN","Hungary",2022,7,79.5679281119418,5,86.625316871976,4,83.9470595495435,38,30.630583778398,18,62.708682018934,2,99.0906720820447
