"ISO_2","ISO_3","Country","Year","Final Rank","Final Score","Corporate Rank","Corporate Score","Income Rank","Income Score","Consumption Rank","Consumption Score","Property Rank","Property Score","Cross-Border Rank","Cross-Border Score"
"HU","HUN","Hungary",2022,10,76.9914857563545,4,82.6861827299543,6,92.5193104349009,37,31.1691589178623,23,57.248770195863,3,97.8147387836851
"HU","HUN","Hungary",2023,9,76.4770995838979,4,82.0754120318329,6,93.2723279874118,37,31.1691589178623,23,57.42164333441,3,95.9587312668468
