"ISO_2","ISO_3","Country","Year","Final Rank","Final Score","Corporate Rank","Corporate Score","Income Rank","Income Score","Consumption Rank","Consumption Score","Property Rank","Property Score","Cross-Border Rank","Cross-Border Score"
"HU","HUN","Hungary",2022,9,77.4951810859974,4,82.6861827299543,6,90.8844829115036,37,31.1691589178623,23,57.248770195863,3,97.8147387836851
"HU","HUN","Hungary",2023,9,76.8971687011949,4,82.0754120318329,6,93.0495889222874,37,31.1691589178623,23,57.42164333441,3,95.9587312668468
