"ISO_2","ISO_3","Country","Year","Final Rank","Final Score","Corporate Rank","Corporate Score","Income Rank","Income Score","Consumption Rank","Consumption Score","Property Rank","Property Score","International Rank","International Score"
"HU","HUN","Hungary",2014,21,64.5663491321815,16,63.3448048378871,12,77.5164200121676,36,34.8373959333226,16,66.1568961293731,5,80.7635461173337
"HU","HUN","Hungary",2015,22,63.1890271146077,18,57.5545604144821,11,76.7080662065126,36,34.6927999599607,16,65.1997824174139,5,81.2616002619325
"HU","HUN","Hungary",2016,22,63.3234558010096,18,61.6287837499745,10,76.9535471323516,36,35.7580476289277,18,65.5903093692919,5,83.4765943236985
"HU","HUN","Hungary",2017,18,63.6352415740909,16,63.4484324556803,9,76.5911627106593,36,33.1246039700869,17,65.3346833691363,6,83.8347629499315
"HU","HUN","Hungary",2018,15,64.1341265219366,11,71.0348560906302,10,75.6063732659493,36,32.0235585561492,17,62.8602812267956,3,88.5691887751787
"HU","HUN","Hungary",2019,15,67.580740826495,5,74.4055629094356,10,76.2358814688886,36,31.3870416423626,17,62.0985665757962,4,97.1896734532737
"HU","HUN","Hungary",2020,13,68.6425230983353,6,75.6192322734952,9,76.6514548277097,36,43.0817838716516,17,62.6048022385975,4,97.3907422489969
"HU","HUN","Hungary",2021,13,69.0189168537745,6,75.4246559564553,9,74.9344128916089,36,43.0698568985993,17,62.7267286228674,4,97.3483251706661
