"ISO_2","ISO_3","Country","Year","Final Rank","Final Score","Corporate Rank","Corporate Score","Income Rank","Income Score","Consumption Rank","Consumption Score","Property Rank","Property Score","Cross-Border Rank","Cross-Border Score"
"HU","HUN","Hungary",2014,14,73.0697716323101,17,65.2935719958663,8,88.988739968888,36,32.8323554518658,17,65.9285509479667,5,81.0902791596714
"HU","HUN","Hungary",2015,16,71.805490161276,17,62.7644924833756,9,88.0505462230543,37,34.0788523723607,17,64.950019986685,5,81.4253007393499
"HU","HUN","Hungary",2016,16,72.0652630811995,17,63.552373521184,8,88.6654015074928,36,33.1496423013181,19,65.3370084807514,5,83.364755950936
"HU","HUN","Hungary",2017,12,72.2717721552163,14,67.3528363453726,8,89.1469741281403,35,37.7612822710889,18,65.0828432886526,5,83.7281942216785
"HU","HUN","Hungary",2018,10,75.1978059303553,8,74.0922790511408,8,88.667319228995,36,35.8248109931307,18,62.5429873255156,3,88.7695482419676
"HU","HUN","Hungary",2019,9,78.7578388059678,5,79.0772756127982,6,88.1728716599092,36,34.2928912858989,18,62.0739673471271,3,98.606239294984
"HU","HUN","Hungary",2020,7,78.6054221804615,5,81.8092567137385,7,87.9869311146962,38,31.4377631610565,18,62.5896882772228,3,98.7246566676327
"HU","HUN","Hungary",2021,7,78.2618956292592,5,82.3087320621174,6,90.9703806513774,38,31.5380980243115,18,62.6690269493708,3,98.7197669596731
"HU","HUN","Hungary",2022,7,77.94360792132,5,82.5059177918149,6,91.6746324573302,38,30.630583778398,18,62.708682018934,3,99.0841301025529
