"ISO_2","ISO_3","Country","Year","Final Rank","Final Score","Corporate Rank","Corporate Score","Income Rank","Income Score","Consumption Rank","Consumption Score","Property Rank","Property Score","Cross-Border Rank","Cross-Border Score"
"HU","HUN","Hungary",2014,21,64.5870595850588,16,63.3448048378871,12,77.5164200121676,36,34.8373959333226,16,66.1568961293731,5,80.4883769765183
"HU","HUN","Hungary",2015,22,63.2155916075803,18,57.5545604144821,11,76.7080662065126,36,34.6927999599607,16,65.1997824174139,5,80.7888984367941
"HU","HUN","Hungary",2016,22,63.350358295128,18,61.6287837499745,10,76.9535471323516,36,35.7580476289277,18,65.5903093692919,5,82.9192601264967
"HU","HUN","Hungary",2017,18,63.6551748965645,16,63.4484324556803,9,76.5911627106593,36,33.1246039700869,17,65.3346833691363,6,83.2853932378223
"HU","HUN","Hungary",2018,15,64.1591800850429,11,71.0348560906302,10,75.6063732659493,36,32.0235585561492,17,62.8602812267956,3,88.16500205864
"HU","HUN","Hungary",2019,15,67.6137486979674,5,74.4055629094356,10,76.2358814688886,36,31.3870416423626,17,62.0985665757962,4,97.1848010277529
"HU","HUN","Hungary",2020,13,68.6701732763804,6,75.6192322734952,9,76.6514548277097,36,43.0817838716516,17,62.6048022385975,4,97.4076095673546
"HU","HUN","Hungary",2021,13,69.0677999993027,6,75.5464981722512,9,74.9344128941195,36,43.0698568956812,17,62.726728622551,4,97.4011905059441
