"ISO_2","ISO_3","Country","Year","Final Rank","Final Score","Corporate Rank","Corporate Score","Income Rank","Income Score","Consumption Rank","Consumption Score","Property Rank","Property Score","Cross-Border Rank","Cross-Border Score"
"HU","HUN","Hungary",2014,13,74.9971097273318,13,72.5793399456254,8,88.988739968888,36,32.8323554518658,17,65.9285509479667,5,81.0902791596714
"HU","HUN","Hungary",2015,14,73.6842545239089,15,69.8750129694878,9,88.0505462230543,37,34.0788523723607,17,64.950019986685,5,81.4253007393499
"HU","HUN","Hungary",2016,15,73.9469573051768,15,71.167261709547,8,88.6654015074928,36,33.1496423013181,19,65.3370084807514,5,83.364755950936
"HU","HUN","Hungary",2017,11,74.5186733668696,12,76.1442086353052,8,89.1469741281403,35,37.7612822710889,18,65.0828432886526,5,83.7281942216785
"HU","HUN","Hungary",2018,10,77.0969067817588,5,81.5290642047249,8,88.667319228995,36,35.8248109931307,18,62.5429873255156,3,88.7695482419676
"HU","HUN","Hungary",2019,9,80.8975627043123,5,87.145824101528,6,88.1728716599092,36,34.2928912858989,18,62.0739673471271,3,98.606239294984
"HU","HUN","Hungary",2020,7,80.2244653432452,5,88.7321149450156,7,88.0454861535933,38,31.4377631610565,18,62.5896882772228,3,98.7246566676327
"HU","HUN","Hungary",2021,7,79.9120371189098,6,87.2846318320563,6,90.970380659776,38,31.5380980243115,18,62.6690269493708,3,98.7197669596731
"HU","HUN","Hungary",2022,7,79.6963180016359,6,82.467064546704,6,90.0300943447022,38,30.630583778398,18,62.708682018934,2,99.0906720820447
