"ISO_2","ISO_3","Country","Year","Final Rank","Final Score","Corporate Rank","Corporate Score","Income Rank","Income Score","Consumption Rank","Consumption Score","Property Rank","Property Score","Cross-Border Rank","Cross-Border Score"
"IS","ISL","Iceland",2014,33,61.5605984267217,12,73.6097360447819,21,64.5646507044816,30,40.513767852301,36,41.5397323587306,20,64.7437907966393
"IS","ISL","Iceland",2015,27,65.3793445784801,12,72.0710044122607,23,59.0639890601595,28,47.0488756748834,28,55.8950282318534,21,63.9625590358562
"IS","ISL","Iceland",2016,31,62.3649276650884,10,74.2008914132738,31,50.5999779861937,27,44.783131887886,28,55.2822376657798,22,66.6885639542763
"IS","ISL","Iceland",2017,33,58.3632109340614,12,75.2017940289426,32,46.484407845249,26,49.7361748999503,28,55.1689366752396,32,55.4043704575904
"IS","ISL","Iceland",2018,31,61.7057643084469,12,74.6271646345706,28,58.7371526664416,27,51.8058791630099,27,51.2372845356485,31,55.2426807643167
"IS","ISL","Iceland",2019,31,64.2398766318583,13,75.5076800277619,28,55.3799769446538,23,52.5696232053286,28,49.6500383303017,31,64.2869684465181
"IS","ISL","Iceland",2020,33,62.5502618353033,11,73.2387654127848,28,55.870777242291,27,51.1251116777513,29,49.6848531521735,32,63.9382549639734
"IS","ISL","Iceland",2021,33,60.0600353374014,13,69.3864286672261,27,58.475854522459,28,48.6769393215678,28,48.6015584552119,32,63.9257183563941
"IS","ISL","Iceland",2022,32,58.5271831468133,16,70.0088749132425,28,57.8850243539316,28,45.6247380812433,28,47.8785635135224,32,63.9296197165517
