"ISO_2","ISO_3","Country","Year","Final Rank","Final Score","Corporate Rank","Corporate Score","Income Rank","Income Score","Consumption Rank","Consumption Score","Property Rank","Property Score","Cross-Border Rank","Cross-Border Score"
"IS","ISL","Iceland",2014,33,60.3154094353302,13,68.4169045220376,22,67.8826080270882,30,40.513767852301,36,41.5397323587306,20,64.7437907966393
"IS","ISL","Iceland",2015,28,64.1264171076619,13,66.8352052099959,22,65.8975159069414,28,47.0488756748834,28,55.8950282318534,21,63.9625590358562
"IS","ISL","Iceland",2016,26,63.1688767393031,15,65.8904681496228,20,65.8089218615098,27,44.783131887886,28,55.2822376657798,22,66.6885639542763
"IS","ISL","Iceland",2017,30,59.3624893345222,18,64.391178876926,22,65.1270725296935,26,49.7361748999503,28,55.1689366752396,32,55.4043704575904
"IS","ISL","Iceland",2018,28,61.0273574655877,14,69.2214423013036,20,65.2137115379481,27,51.8058791630099,27,51.2372845356485,31,55.2426807643167
"IS","ISL","Iceland",2019,29,63.0103918010435,13,69.6103855354464,23,61.8675673513181,23,52.5696232053286,28,49.6500383303017,31,64.2869684465181
"IS","ISL","Iceland",2020,28,61.5913539611011,13,67.5887016524977,22,61.8894036456096,27,51.1251116777513,29,49.6848531521735,32,63.9382549639734
"IS","ISL","Iceland",2021,31,58.9673205308647,15,65.016741998729,26,63.762984395322,28,48.6769393215678,28,48.6015584552119,32,63.9257183563941
"IS","ISL","Iceland",2022,31,57.9161576046847,17,66.4522524321491,19,64.4689141424112,29,45.502413559718,28,47.8785635047589,31,63.6701185141637
