"ISO_2","ISO_3","Country","Year","Final Rank","Final Score","Corporate Rank","Corporate Score","Income Rank","Income Score","Consumption Rank","Consumption Score","Property Rank","Property Score","International Rank","International Score"
"IS","ISL","Iceland",2014,31,54.6670805274031,12,67.2822597394137,32,52.9051055533454,24,57.1512122404595,35,42.1735830326107,20,64.0375937029359
"IS","ISL","Iceland",2015,26,58.8918355000252,11,64.8022472281941,31,51.9144189094848,20,59.9606540079298,27,56.310028586203,21,63.537395322051
"IS","ISL","Iceland",2016,25,58.6698269681274,11,69.7231613952107,31,51.4759282996337,20,60.7753610454146,27,55.7232703005062,21,66.7895818196936
"IS","ISL","Iceland",2017,28,55.5135643407018,12,67.8696534734777,30,50.0959588173974,18,60.6022342534003,27,55.6048169662504,30,55.6450114744166
"IS","ISL","Iceland",2018,28,53.2997607368969,10,71.318167124033,34,49.1814532932256,18,61.3686876277812,26,51.7874928980267,30,55.3223974054431
"IS","ISL","Iceland",2019,28,56.0784077231362,10,70.0455369474299,34,48.889599506691,18,62.0460757405884,27,49.8527397751993,29,63.3692792764706
"IS","ISL","Iceland",2020,29,55.3530612171163,11,68.3755013621026,33,48.7544241784043,19,67.7870218560694,28,49.9049306589786,31,62.9883361716569
"IS","ISL","Iceland",2021,32,53.7167780649271,13,65.6121896384591,36,40.1526913509557,19,66.9755425374695,27,49.4832764245804,32,62.1746103703786
