"ISO_2","ISO_3","Country","Year","Final Rank","Final Score","Corporate Rank","Corporate Score","Income Rank","Income Score","Consumption Rank","Consumption Score","Property Rank","Property Score","Cross-Border Rank","Cross-Border Score"
"IS","ISL","Iceland",2022,31,57.9148819384268,16,66.7827198473319,17,70.0212479487614,28,45.2724200900424,33,40.8878225800643,33,61.761000018971
"IS","ISL","Iceland",2023,29,58.0668685873495,12,67.1559072644253,17,73.4817455534149,28,45.2724200900424,33,41.1460835879603,32,62.2652641063463
