"ISO_2","ISO_3","Country","Year","Final Rank","Final Score","Corporate Rank","Corporate Score","Income Rank","Income Score","Consumption Rank","Consumption Score","Property Rank","Property Score","Cross-Border Rank","Cross-Border Score"
"IS","ISL","Iceland",2022,32,56.9729469023757,16,66.7827198473319,18,75.3978040447747,28,45.2724200900424,33,40.8878225800643,33,61.761000018971
"IS","ISL","Iceland",2023,30,57.3044160000374,12,67.1559072644253,17,74.3315731590225,28,45.2724200900424,33,41.1460835879603,32,62.2652641063463
