"ISO_2","ISO_3","Country","Year","Final Rank","Final Score","Corporate Rank","Corporate Score","Income Rank","Income Score","Consumption Rank","Consumption Score","Property Rank","Property Score","International Rank","International Score"
"IS","ISL","Iceland",2014,32,54.6807449624773,12,67.2822597394137,32,52.9051055533454,24,57.1512122404595,35,42.1735830326107,21,64.267105240453
"IS","ISL","Iceland",2015,26,58.9114257433863,11,64.8022472281941,31,51.9144189094848,20,59.9606540079298,27,56.310028586203,22,63.7815201636053
"IS","ISL","Iceland",2016,25,58.6896945519607,11,69.7231613952107,31,51.4759282996337,20,60.7753610454146,27,55.7232703005062,22,66.9925392491813
"IS","ISL","Iceland",2017,29,55.5112911730854,12,67.8696534734777,30,50.0959588173974,18,60.6022342534003,27,55.6048169662504,31,55.9293864097816
"IS","ISL","Iceland",2018,29,53.2996909706606,10,71.318167124033,34,49.1814532932256,18,61.3686876277812,26,51.7874928980267,31,55.7151883976652
"IS","ISL","Iceland",2019,29,56.0778231983141,10,70.0455369474299,34,48.889599506691,18,62.0460757405884,27,49.8527397751993,30,63.7411611386083
"IS","ISL","Iceland",2020,30,55.3509630088249,11,68.3755013621026,33,48.7544241784043,19,67.7870218560694,28,49.9049306589786,31,63.3834792697268
"IS","ISL","Iceland",2021,32,53.7135554081416,13,65.6121896384591,36,40.1526913509557,19,66.9755425374695,27,49.4832764245804,31,61.7069524201965
