"ISO_2","ISO_3","Country","Year","Final Rank","Final Score","Corporate Rank","Corporate Score","Income Rank","Income Score","Consumption Rank","Consumption Score","Property Rank","Property Score","International Rank","International Score"
"IE","IRL","Ireland",2014,18,65.7905163788543,4,85.9121098462664,31,52.963282387695,25,55.6646724403522,20,63.2408060361693,18,66.8080245222623
"IE","IRL","Ireland",2015,21,64.7862453428145,4,82.442411685806,32,51.7871057919023,24,55.9235114863306,20,62.5890844751242,16,66.4042646700866
"IE","IRL","Ireland",2016,21,63.4836440051504,4,80.299263893744,32,51.3758259404079,24,56.9436110056799,21,62.5743877143037,16,69.7396165301073
"IE","IRL","Ireland",2017,22,62.5684742867783,4,77.0022794207657,31,49.863769190638,24,54.5432504546455,21,62.9505819503217,15,70.5437996761414
"IE","IRL","Ireland",2018,18,62.1053104500581,4,81.8917282068742,30,51.5134860206944,23,55.7483265998273,20,61.0707086886332,15,69.2758029364451
"IE","IRL","Ireland",2019,19,64.8994132135516,4,82.3191682054811,30,51.6627858178495,24,54.7864445957035,20,60.7319298614264,19,77.4200581405962
"IE","IRL","Ireland",2020,20,64.5843056582911,4,80.7395875731281,29,51.9410389995606,24,62.4835909006356,19,61.3695264278984,19,76.5778009778961
"IE","IRL","Ireland",2021,19,64.6741280923164,5,79.5449523458191,30,47.0999208374108,25,62.5720202212353,18,61.5753844085241,19,76.7036831861737
