"ISO_2","ISO_3","Country","Year","Final Rank","Final Score","Corporate Rank","Corporate Score","Income Rank","Income Score","Consumption Rank","Consumption Score","Property Rank","Property Score","Cross-Border Rank","Cross-Border Score"
"IE","IRL","Ireland",2014,32,62.6698657878957,4,90.3852466578403,36,40.9549396591462,37,32.2831541718365,21,63.07741650296,17,66.9977927682662
"IE","IRL","Ireland",2015,31,61.4899582169886,4,88.3906194201498,37,36.8488895954132,36,34.2085820127314,21,62.4062914838779,15,66.6481354353779
"IE","IRL","Ireland",2016,33,61.1902614255941,4,88.6508965825614,37,36.3642175187775,37,32.7502624243899,22,62.3751944595832,15,69.7096094735437
"IE","IRL","Ireland",2017,32,59.9134970659194,4,87.0107714523986,37,36.271443577843,37,33.754133159813,22,62.7538678379278,15,70.456532541112
"IE","IRL","Ireland",2018,30,61.1642419655948,3,89.7193942377735,37,35.213448383858,35,36.7203517163975,21,60.8118181330116,15,69.1500548267741
"IE","IRL","Ireland",2019,31,63.2643241264608,4,91.6645783271361,37,35.1510577957793,35,34.8858520643875,21,60.7832450825057,20,77.253802646543
"IE","IRL","Ireland",2020,28,62.7695865507128,4,91.681642838036,37,36.0998535319025,35,36.1048374301725,20,61.3487665464239,20,76.1382670430645
"IE","IRL","Ireland",2021,28,62.1345865135743,4,91.90581891999,38,36.3425311170732,35,36.66942001706,19,62.1480255214627,20,76.2283700328745
"IE","IRL","Ireland",2022,29,60.8789595531778,4,92.7934215023511,37,37.0183091304639,36,31.7520650812646,17,63.5582955097059,20,76.2222859800874
