"ISO_2","ISO_3","Country","Year","Final Rank","Final Score","Corporate Rank","Corporate Score","Income Rank","Income Score","Consumption Rank","Consumption Score","Property Rank","Property Score","Cross-Border Rank","Cross-Border Score"
"IE","IRL","Ireland",2014,32,60.5988623192029,4,82.3404272177917,36,37.2203220683306,36,31.5171013560604,20,63.2408060361693,18,66.8080245222623
"IE","IRL","Ireland",2015,32,59.368695595377,4,80.3298916280285,36,32.6424731226815,35,33.2405515033603,20,62.5890844751242,16,66.4042646700866
"IE","IRL","Ireland",2016,33,57.0566976529648,7,72.0586047376867,36,31.6400699672719,36,33.1238735604887,21,62.5743877143037,16,69.7396165301073
"IE","IRL","Ireland",2017,32,56.3428868968512,11,71.5762152765005,36,31.4559787109145,36,34.6218045651983,21,62.9505819503217,15,70.5437996761414
"IE","IRL","Ireland",2018,32,56.266981972203,5,74.2263180555822,37,28.9488014255328,34,37.1911190745442,20,61.0707086886332,15,69.2758029364451
"IE","IRL","Ireland",2019,34,60.00525567118,5,78.9991449957622,37,28.8712260102347,34,34.9717162187636,20,60.7319298614264,19,77.4200581405962
"IE","IRL","Ireland",2020,32,58.8110272068142,5,76.1558696763507,35,29.3697057880594,34,36.8937058656,19,61.3695264278984,19,76.5778009778961
"IE","IRL","Ireland",2021,30,57.8591257638471,5,73.9090274096558,37,29.4103249634065,34,37.0697591952921,18,61.5753844095325,19,76.7428558512067
