"ISO_2","ISO_3","Country","Year","Final Rank","Final Score","Corporate Rank","Corporate Score","Income Rank","Income Score","Consumption Rank","Consumption Score","Property Rank","Property Score","International Rank","International Score"
"IE","IRL","Ireland",2014,18,65.9156892907539,4,85.9121098462664,31,52.963282387695,25,55.6646724403522,20,63.2408060361693,17,67.6771450718308
"IE","IRL","Ireland",2015,21,64.9117491099466,4,82.442411685806,32,51.7871057919023,24,55.9235114863306,20,62.5890844751242,16,67.6651614600517
"IE","IRL","Ireland",2016,20,63.611209107658,4,80.299263893744,32,51.3758259404079,24,56.9436110056799,21,62.5743877143037,15,71.1443229950513
"IE","IRL","Ireland",2017,21,62.7056123408963,4,77.0022794207657,31,49.863769190638,24,54.5432504546455,21,62.9505819503217,14,71.8841039286807
"IE","IRL","Ireland",2018,18,62.3084527055248,4,81.8917282068742,30,51.5134860206944,23,55.7483265998273,20,61.0707086886332,15,70.8324892092241
"IE","IRL","Ireland",2019,19,65.1191875963044,4,82.3191682054811,30,51.6627858178495,24,54.7864445957035,20,60.7319298614264,18,78.9349439275229
"IE","IRL","Ireland",2020,20,64.8149185441603,4,80.7395875731281,29,51.9410389995606,24,62.4835909006356,19,61.3695264278984,18,78.1161379599669
"IE","IRL","Ireland",2021,21,64.3543427685737,5,79.5449523458191,30,47.0999208374108,25,62.5720202212353,18,61.5753844085241,19,75.7669312294247
