"ISO_2","ISO_3","Country","Year","Final Rank","Final Score","Corporate Rank","Corporate Score","Income Rank","Income Score","Consumption Rank","Consumption Score","Property Rank","Property Score","Cross-Border Rank","Cross-Border Score"
"IE","IRL","Ireland",2022,34,57.3772034741147,5,81.2653708588542,35,43.4842355640259,36,32.0403758684594,16,63.789626294159,34,60.799056342782
"IE","IRL","Ireland",2023,32,56.8475633239609,5,80.5514153514581,35,43.8838749007266,34,36.0943709222383,17,63.2618477352297,34,60.3907489698314
