"ISO_2","ISO_3","Country","Year","Final Rank","Final Score","Corporate Rank","Corporate Score","Income Rank","Income Score","Consumption Rank","Consumption Score","Property Rank","Property Score","Cross-Border Rank","Cross-Border Score"
"IE","IRL","Ireland",2014,32,62.0146886872772,4,85.082420019856,36,40.9549396591462,37,32.2831541718365,21,63.07741650296,17,66.9977927682662
"IE","IRL","Ireland",2015,31,60.8089336337165,4,83.0700222372498,37,36.8488895954132,36,34.2085820127314,21,62.4062914838779,15,66.6481354353779
"IE","IRL","Ireland",2016,33,59.6472696790892,4,79.992375232903,37,36.3642175187775,37,32.7502624243899,22,62.3751944595832,15,69.7096094735437
"IE","IRL","Ireland",2017,33,58.1255508397817,4,77.0658292912471,37,36.271443577843,37,33.754133159813,22,62.7538678379278,15,70.456532541112
"IE","IRL","Ireland",2018,31,59.6762748807839,4,81.6302834541598,37,35.213448383858,35,36.7203517163975,21,60.8118181330116,15,69.1500548267741
"IE","IRL","Ireland",2019,31,61.6248427284176,4,83.3312495346461,37,35.1510577957793,35,34.8858520643875,21,60.7832450825057,20,77.253802646543
"IE","IRL","Ireland",2020,30,61.1192372681232,4,82.7761126841111,37,36.0998535319025,35,36.1048374301725,20,61.3487665464239,20,76.1382670430645
"IE","IRL","Ireland",2021,28,60.4556499318526,4,82.7794190539841,38,36.3425311170732,35,36.66942001706,19,62.1480255214627,20,76.2283700328745
"IE","IRL","Ireland",2022,35,55.6818251840228,4,83.4154983227154,37,37.0183091409337,36,31.752065076078,17,63.7747905377233,32,62.0142424894117
