"ISO_2","ISO_3","Country","Year","Final Rank","Final Score","Corporate Rank","Corporate Score","Income Rank","Income Score","Consumption Rank","Consumption Score","Property Rank","Property Score","Cross-Border Rank","Cross-Border Score"
"IL","ISR","Israel",2022,7,80.0057380756597,17,66.6902930866051,23,66.776625532457,10,73.0923450286602,11,70.1287130005792,9,85.6987820593192
"IL","ISR","Israel",2023,7,80.1042512231037,13,66.7058095238715,20,70.3709907771648,10,73.0923450286602,11,69.2575501977666,8,85.1891025932126
