"ISO_2","ISO_3","Country","Year","Final Rank","Final Score","Corporate Rank","Corporate Score","Income Rank","Income Score","Consumption Rank","Consumption Score","Property Rank","Property Score","Cross-Border Rank","Cross-Border Score"
"IL","ISR","Israel",2022,7,79.9550164830976,17,66.6902930866051,23,66.776625532457,10,73.2270548308962,11,70.1287130005792,9,85.6987820593192
"IL","ISR","Israel",2023,7,80.0893626296017,13,66.7058095238715,20,70.3709907771648,11,77.8289365630293,11,69.2575501977666,8,85.1891025932126
