"ISO_2","ISO_3","Country","Year","Final Rank","Final Score","Corporate Rank","Corporate Score","Income Rank","Income Score","Consumption Rank","Consumption Score","Property Rank","Property Score","Cross-Border Rank","Cross-Border Score"
"IL","ISR","Israel",2014,16,73.4002570184797,16,70.277233036858,34,56.7144613521946,11,71.5010040612842,13,70.4943503210247,19,65.8092476193375
"IL","ISR","Israel",2015,17,73.0180316489371,16,69.6863156616753,33,55.6222558648799,11,74.7314007098252,12,70.5325900770324,18,64.6068014639279
"IL","ISR","Israel",2016,16,73.7050999747007,12,73.6569267770305,32,55.7027558455333,10,70.4847203252418,13,70.9631899569204,18,67.9702017766198
"IL","ISR","Israel",2017,13,73.7389389146764,13,75.0943114315258,31,58.0035772430939,11,74.9639071447058,13,70.6065478072941,16,68.7019831832711
"IL","ISR","Israel",2018,14,73.8832725493536,14,73.3083182561356,33,54.1776753376435,10,76.7831303745375,12,68.7176459689593,16,68.4484337621635
"IL","ISR","Israel",2019,12,77.0601964175459,19,71.1237822091364,32,54.3913537428869,10,75.0313140689255,11,68.3544704114748,14,82.3742755822362
"IL","ISR","Israel",2020,11,77.7192365342276,15,71.933455833224,32,54.8654595961424,11,75.2543343209023,10,68.9871573640521,11,83.3396257890102
"IL","ISR","Israel",2021,10,77.3736601153322,14,70.9156042946262,33,56.3374037700263,11,74.6780134631297,10,68.9082670186985,10,83.4444975160862
"IL","ISR","Israel",2022,10,77.902955035002,15,68.0245637492142,30,56.267080393091,10,74.0294460705847,10,70.0688155041587,13,83.4345475080094
