"ISO_2","ISO_3","Country","Year","Final Rank","Final Score","Corporate Rank","Corporate Score","Income Rank","Income Score","Consumption Rank","Consumption Score","Property Rank","Property Score","International Rank","International Score"
"IL","ISR","Israel",2014,28,58.2772175428821,29,57.6826505570014,37,32.9623399036723,14,66.7489071371678,12,70.9689889653545,19,65.7920080114309
"IL","ISR","Israel",2015,28,57.7414827898153,28,53.1540066268067,37,33.3564532911679,14,66.809815641682,11,70.9920315575813,19,64.9648525707573
"IL","ISR","Israel",2016,27,58.3175251466311,21,59.0439572910705,37,33.8315405556184,15,67.6673988176846,11,71.410051643413,19,68.7214542859188
"IL","ISR","Israel",2017,27,57.6825283718168,30,54.3533650515837,37,34.4482153846057,15,65.9681477804275,11,71.0725224638533,17,69.3983020431354
"IL","ISR","Israel",2018,28,55.3499250091259,28,56.2536498098061,37,33.5531359537958,14,66.9777796188353,10,69.2907403239447,17,69.0840055842546
"IL","ISR","Israel",2019,27,59.1866250194179,29,54.0557450054123,37,33.9812842748969,15,66.3010221915362,10,68.6928912922777,13,82.6025464047844
"IL","ISR","Israel",2020,27,59.9966834852921,29,51.5746586892819,37,34.1392110229666,12,73.6511365159471,10,69.3004898634141,10,83.7970364594734
"IL","ISR","Israel",2021,14,67.6433005599507,17,58.9864862327934,29,49.1346303643638,12,74.3526802583162,10,69.2462132521521,10,83.146604877618
