"ISO_2","ISO_3","Country","Year","Final Rank","Final Score","Corporate Rank","Corporate Score","Income Rank","Income Score","Consumption Rank","Consumption Score","Property Rank","Property Score","Cross-Border Rank","Cross-Border Score"
"IL","ISR","Israel",2014,28,58.2712469532441,29,57.6826505570014,37,32.9623399036723,14,66.7489071371678,12,70.9689889653545,19,65.194511122643
"IL","ISR","Israel",2015,28,57.7249792970454,28,53.1540066268067,37,33.3564532911679,14,66.809815641682,11,70.9920315575813,19,63.9076443678072
"IL","ISR","Israel",2016,27,58.3031613663569,21,59.0439572910705,37,33.8315405556184,15,67.6673988176846,11,71.410051643413,19,67.516275555792
"IL","ISR","Israel",2017,27,57.6780773909499,30,54.3533650515837,37,34.4482153846057,15,65.9681477804275,11,71.0725224638533,17,68.2623984723678
"IL","ISR","Israel",2018,28,55.3463812229562,28,56.2536498098061,37,33.5531359537958,14,66.9777796188353,10,69.2907403239447,17,67.8815226470696
"IL","ISR","Israel",2019,27,59.1667083934825,29,54.0557450054123,37,33.9812842748969,15,66.3010221915362,10,68.6928912922777,13,81.7737414111855
"IL","ISR","Israel",2020,27,59.9724374611351,29,51.5746586892819,37,34.1392110229666,12,73.6511365159471,10,69.3004898634141,10,83.0276888053431
"IL","ISR","Israel",2021,14,67.6303997514773,17,58.9864862291187,29,49.0940803978354,12,74.3526802378675,10,69.246213255546,10,83.2099735442222
