"ISO_2","ISO_3","Country","Year","Final Rank","Final Score","Corporate Rank","Corporate Score","Income Rank","Income Score","Consumption Rank","Consumption Score","Property Rank","Property Score","Cross-Border Rank","Cross-Border Score"
"IL","ISR","Israel",2014,16,72.4244196472016,14,66.7748993790063,34,56.7144613521946,11,71.5010040612842,13,70.4943503210247,19,65.8092476193375
"IL","ISR","Israel",2015,15,72.02703801908,15,65.9169900465329,33,55.6222558648799,11,74.7314007098252,12,70.5325900770324,18,64.6068014639279
"IL","ISR","Israel",2016,15,72.6655741821898,12,68.9934643832198,32,55.7027558455333,10,70.4847203252418,13,70.9631899569204,18,67.9702017766198
"IL","ISR","Israel",2017,13,71.5159330119972,15,66.4253260209179,31,58.0035772430939,11,74.9639071447058,13,70.6065478072941,16,68.7019831832711
"IL","ISR","Israel",2018,14,72.0686434928774,16,66.6347918563509,33,54.1776753376435,10,76.7831303745375,12,68.7176459689593,16,68.4484337621635
"IL","ISR","Israel",2019,12,75.0446024529462,21,64.5870873160498,32,54.3913537428869,10,75.0313140689255,11,68.3544704114748,14,82.3742755822362
"IL","ISR","Israel",2020,11,75.6207981903466,16,64.9319540747318,32,54.7821662804027,11,75.2543343209023,10,68.9871573640521,11,83.3396257890102
"IL","ISR","Israel",2021,10,75.2185394757237,13,65.3766033765887,33,56.3374037582132,11,74.6780134631297,10,68.9082670186985,10,83.4444975160862
"IL","ISR","Israel",2022,10,75.8478998110643,16,66.0339986672572,30,57.2124513079324,10,74.0294460748295,10,70.0688155022351,10,84.7542310063191
