"ISO_2","ISO_3","Country","Year","Final Rank","Final Score","Corporate Rank","Corporate Score","Income Rank","Income Score","Consumption Rank","Consumption Score","Property Rank","Property Score","International Rank","International Score"
"IL","ISR","Israel",2014,33,53.4636384075938,29,57.6826505570014,37,32.9623399036723,14,66.7489071371678,12,70.9689889653545,33,47.4014727353459
"IL","ISR","Israel",2015,32,52.8894695575013,28,53.1540066268067,37,33.3564532911679,14,66.809815641682,11,70.9920315575813,34,46.3965295597545
"IL","ISR","Israel",2016,30,53.3816676489562,21,59.0439572910705,37,33.8315405556184,15,67.6673988176846,11,71.410051643413,34,51.8057091651383
"IL","ISR","Israel",2017,31,53.0335138867123,30,54.3533650515837,37,34.4482153846057,15,65.9681477804275,11,71.0725224638533,34,52.4279577229667
"IL","ISR","Israel",2018,31,50.199444893944,28,56.2536498098061,37,33.5531359537958,14,66.9777796188353,10,69.2907403239447,34,51.3403974680258
"IL","ISR","Israel",2019,31,53.854349662727,29,54.0557450054123,37,33.9812842748969,15,66.3010221915362,10,68.6928912922777,31,62.223607853769
"IL","ISR","Israel",2020,31,54.5488553627474,29,51.5746586892819,37,34.1392110229666,12,73.6511365159471,10,69.3004898634141,29,63.3443689956338
"IL","ISR","Israel",2021,14,67.6442559053286,17,58.9864862327934,29,49.1346303643638,12,74.3526802583162,10,69.2462132521521,10,83.3524287729378
