"ISO_2","ISO_3","Country","Year","Final Rank","Final Score","Corporate Rank","Corporate Score","Income Rank","Income Score","Consumption Rank","Consumption Score","Property Rank","Property Score","Cross-Border Rank","Cross-Border Score"
"IL","ISR","Israel",2014,21,68.9908422813744,12,69.4802178932463,33,39.5373595989179,10,69.2765399289817,12,70.9689889653545,19,65.194511122643
"IL","ISR","Israel",2015,21,68.6201285013046,13,68.3247714659474,33,37.2440046563678,10,72.5023019591113,11,70.9920315575813,19,63.9076443678072
"IL","ISR","Israel",2016,17,69.429591926658,12,69.4102296517295,33,37.7465718631712,9,71.7331880303712,11,71.410051643413,19,67.516275555792
"IL","ISR","Israel",2017,17,68.2077490502563,16,66.1035790575837,32,40.450289933493,10,76.4886110173807,11,71.0725224638533,17,68.2623984723678
"IL","ISR","Israel",2018,16,67.5807865157681,15,64.9315683194502,33,34.9561098064707,9,77.3702404949061,10,69.2907403239447,17,67.8815226470696
"IL","ISR","Israel",2019,13,72.6783273968486,14,69.9276032778997,33,35.4563761856968,9,75.1643486137897,10,68.6928912922777,13,81.7737414111855
"IL","ISR","Israel",2020,13,72.22075979628,16,66.4835431457396,33,35.860411045251,9,76.2612133553049,10,69.3004898634141,10,83.0276888053431
"IL","ISR","Israel",2021,14,71.1043150480745,15,63.2272544821478,33,35.8502766643891,9,74.9199061025982,10,69.246213255546,10,83.2099735442222
