"ISO_2","ISO_3","Country","Year","Final Rank","Final Score","Corporate Rank","Corporate Score","Income Rank","Income Score","Consumption Rank","Consumption Score","Property Rank","Property Score","International Rank","International Score"
"IT","ITA","Italy",2014,35,50.803721986998,19,61.8631978108472,34,48.3059663551404,19,60.3084570308809,36,37.9981747505604,25,60.13862923984
"IT","ITA","Italy",2015,35,47.4780769387227,26,53.3839092313278,35,42.5890798516369,19,60.4147326973556,36,39.0069486225986,26,57.7772089974201
"IT","ITA","Italy",2016,36,45.8507791697262,28,55.2233024581426,35,42.3325911171195,21,60.6606294746892,36,37.8281817846433,26,61.8009301937033
"IT","ITA","Italy",2017,34,47.331827730224,19,59.5430310158048,35,40.924548494883,22,58.0952372588791,36,37.7619038271918,25,61.3947782512675
"IT","ITA","Italy",2018,35,44.4095713872312,24,58.5864436022599,32,49.4102990593454,24,52.799127330546,36,34.0563285939591,25,61.8047263821324
"IT","ITA","Italy",2019,35,46.7852460950369,26,56.1800076471564,33,48.9853565748643,25,53.0267808683334,37,32.5569420375225,25,70.6009500057631
"IT","ITA","Italy",2020,37,44.7936967248364,31,49.3782885668889,32,48.7990162741475,29,60.0263621872437,37,32.6312976777858,26,70.1477305460519
"IT","ITA","Italy",2021,37,44.6307663737873,30,47.6144598406491,33,43.6317282977175,28,59.8211005902324,37,32.6988526899041,27,69.4294722573274
