"ISO_2","ISO_3","Country","Year","Final Rank","Final Score","Corporate Rank","Corporate Score","Income Rank","Income Score","Consumption Rank","Consumption Score","Property Rank","Property Score","Cross-Border Rank","Cross-Border Score"
"IT","ITA","Italy",2014,36,56.1709918693606,22,61.6533017729359,24,66.5039943861032,29,41.4178782679849,37,37.5536041466461,27,59.4945394729761
"IT","ITA","Italy",2015,37,52.9565841796844,27,56.7145955303802,30,60.3359366098168,30,43.3428538319094,37,38.5625972891778,29,56.5918110667813
"IT","ITA","Italy",2016,37,51.625507231626,29,56.2116156102556,30,60.0902566010826,30,40.5583139089587,37,37.3626914350956,29,60.0862708145259
"IT","ITA","Italy",2017,36,53.016682844173,20,61.6852789641061,23,65.0587751956167,31,40.4084185543547,37,37.2940515812707,28,59.8251272953842
"IT","ITA","Italy",2018,37,51.8331760938302,22,62.9852868434541,18,66.9279338154143,37,33.0880976151973,37,33.4676270503937,28,60.3398451665366
"IT","ITA","Italy",2019,37,53.3974206322199,23,62.8253036264968,18,65.6494373056817,37,32.2884380536064,38,32.5192477817977,27,69.921078301141
"IT","ITA","Italy",2020,37,50.6281385040434,27,55.0828488529044,17,65.5967073355976,37,31.7176298386614,38,32.5900570254743,28,69.5540422807576
"IT","ITA","Italy",2021,37,48.9797114814281,27,54.1794249943688,18,66.9798105872934,37,31.6389613208072,38,32.6191039397632,28,69.5438804019157
"IT","ITA","Italy",2022,37,49.1133409996135,24,58.5697498797363,15,66.8436787900151,37,30.6985618027071,38,32.5784630419255,27,69.3080741635656
