"ISO_2","ISO_3","Country","Year","Final Rank","Final Score","Corporate Rank","Corporate Score","Income Rank","Income Score","Consumption Rank","Consumption Score","Property Rank","Property Score","Cross-Border Rank","Cross-Border Score"
"IT","ITA","Italy",2014,36,56.7211748980939,22,64.572224462639,24,66.5039943861032,29,41.4178782679849,37,37.5536041466461,27,59.4945394729761
"IT","ITA","Italy",2015,37,54.3523390288703,21,63.2873245152666,30,60.3359366098168,30,43.3428538319094,37,38.5625972891778,29,56.5918110667813
"IT","ITA","Italy",2016,37,52.9784534551307,23,63.3303213157456,30,60.0902566010826,30,40.5583139089587,37,37.3626914350956,29,60.0862708145259
"IT","ITA","Italy",2017,36,54.6706876195439,17,69.7421290964787,23,65.0587751956167,31,40.4084185543547,37,37.2940515812707,28,59.8251272953842
"IT","ITA","Italy",2018,36,53.14239068711,21,69.2891647270706,18,66.9279338154143,37,33.0880976151973,37,33.4676270503937,28,60.3398451665366
"IT","ITA","Italy",2019,37,54.834095434269,21,69.1537795448393,18,65.6494373056817,37,32.2884380536064,38,32.5192477817977,27,69.921078301141
"IT","ITA","Italy",2020,37,52.1164778527051,26,61.5886443133597,17,65.7041657542746,37,31.7176298386614,38,32.5900570254743,28,69.5540422807576
"IT","ITA","Italy",2021,37,50.5152589882934,26,59.3376635329939,18,66.9798106022011,37,31.6389613208072,38,32.6191039397632,28,69.5438804019157
"IT","ITA","Italy",2022,37,49.7248754840517,26,57.4104944135598,15,65.7533098166423,37,30.6985618087646,38,32.5784630421443,28,69.527303936205
