"ISO_2","ISO_3","Country","Year","Final Rank","Final Score","Corporate Rank","Corporate Score","Income Rank","Income Score","Consumption Rank","Consumption Score","Property Rank","Property Score","Cross-Border Rank","Cross-Border Score"
"IT","ITA","Italy",2014,36,53.4895977952634,18,68.7570956633276,33,47.0564315145396,29,41.4178782679849,37,37.5536041466461,27,59.4945394729761
"IT","ITA","Italy",2015,37,51.460285090835,18,66.2187802343331,36,39.5173459353485,30,43.3428538319094,37,38.5625972891778,29,56.5918110667813
"IT","ITA","Italy",2016,36,50.2311941696641,20,63.9758401512805,34,44.4058696822428,30,40.5583139089587,37,37.3626914350956,29,60.0862708145259
"IT","ITA","Italy",2017,36,51.8969897367835,16,72.0940735632134,31,46.6526040692765,31,40.4084185543547,37,37.2940515812707,28,59.8251272953842
"IT","ITA","Italy",2018,36,50.8468883687479,16,71.5126786166861,32,50.9928334839469,37,33.0880976151973,37,33.4676270503937,28,60.3398451665366
"IT","ITA","Italy",2019,37,52.6700010878777,17,70.7198188360688,31,49.9003853746401,37,32.2884380536064,38,32.5192477817977,27,69.921078301141
"IT","ITA","Italy",2020,37,49.8774804206803,22,63.642208240914,30,50.2387552780494,37,31.7176298386614,38,32.5900570254743,28,69.5540422807576
"IT","ITA","Italy",2021,37,48.189673306175,21,61.9708658808219,33,52.2078034633845,37,31.6389613208072,38,32.6191039397632,28,69.5438804019157
"IT","ITA","Italy",2022,37,46.9776065784186,23,61.9359577105579,32,50.5602654685772,37,30.6985618087646,38,32.5784630421443,28,69.527303936205
