"ISO_2","ISO_3","Country","Year","Final Rank","Final Score","Corporate Rank","Corporate Score","Income Rank","Income Score","Consumption Rank","Consumption Score","Property Rank","Property Score","Cross-Border Rank","Cross-Border Score"
"IT","ITA","Italy",2014,36,56.7248678011486,22,64.5949088970465,24,66.5039943861032,29,41.4178782679849,37,37.5536041466461,27,59.4945394729761
"IT","ITA","Italy",2015,37,54.3499566904731,21,63.2737043006269,30,60.3359366098168,30,43.3428538319094,37,38.5625972891778,29,56.5918110667813
"IT","ITA","Italy",2016,37,52.9784534551307,23,63.3303213157456,30,60.0902566010826,30,40.5583139089587,37,37.3626914350956,29,60.0862708145259
"IT","ITA","Italy",2017,36,54.6705450999919,17,69.7422047045467,23,65.0587751956167,31,40.4084185543547,37,37.2940515812707,28,59.8251272953842
"IT","ITA","Italy",2018,36,53.1428877613616,21,69.2955531811925,18,66.9279338154143,37,33.0880976151973,37,33.4676270503937,28,60.3398451665366
"IT","ITA","Italy",2019,37,54.8365219195618,21,69.1775426240454,18,65.6494373056817,37,32.2884380536064,38,32.5192477817977,27,69.921078301141
"IT","ITA","Italy",2020,37,52.0140188916978,25,61.0839361704573,17,65.5967073355976,37,31.7176298386614,38,32.5900570254743,28,69.5540422807576
"IT","ITA","Italy",2021,37,50.359207876646,26,60.2028083898262,18,66.9798105872934,37,31.6389613208072,38,32.6191039397632,28,69.5438804019157
"IT","ITA","Italy",2022,37,49.4948600021995,26,62.3399441146086,15,66.8436787908771,37,30.6985618087646,38,32.5784630421443,28,69.527303936205
