"ISO_2","ISO_3","Country","Year","Final Rank","Final Score","Corporate Rank","Corporate Score","Income Rank","Income Score","Consumption Rank","Consumption Score","Property Rank","Property Score","Cross-Border Rank","Cross-Border Score"
"IT","ITA","Italy",2022,37,48.3685268506551,25,58.4793563468243,23,73.4479977761261,38,30.2935858403364,38,32.6833374381918,27,67.3666596167512
"IT","ITA","Italy",2023,37,48.4372375709586,25,55.5358912850051,16,75.2778916470999,38,30.2935858403364,38,32.5467564598506,24,68.0674135413527
