"ISO_2","ISO_3","Country","Year","Final Rank","Final Score","Corporate Rank","Corporate Score","Income Rank","Income Score","Consumption Rank","Consumption Score","Property Rank","Property Score","Cross-Border Rank","Cross-Border Score"
"IT","ITA","Italy",2014,35,50.8148001643908,19,61.8631978108472,34,48.3059663551404,19,60.3084570308809,36,37.9981747505604,26,59.7266057249057
"IT","ITA","Italy",2015,35,47.4863088640937,26,53.3839092313278,35,42.5890798516369,19,60.4147326973556,36,39.0069486225986,28,56.8470229636555
"IT","ITA","Italy",2016,36,45.8592747691141,28,55.2233024581426,35,42.3325911171195,21,60.6606294746892,36,37.8281817846433,27,60.611617924144
"IT","ITA","Italy",2017,34,47.3288867314416,19,59.5430310158048,35,40.924548494883,22,58.0952372588791,36,37.7619038271918,26,60.2433532426328
"IT","ITA","Italy",2018,36,44.4065953171293,24,58.5864436022599,32,49.4102990593454,24,52.799127330546,36,34.0563285939591,26,60.6771207655705
"IT","ITA","Italy",2019,36,46.7724760454466,26,56.1800076471564,33,48.9853565748643,25,53.0267808683334,37,32.5569420375225,26,69.5860355566162
"IT","ITA","Italy",2020,37,44.7711970843909,31,49.3782885668889,32,48.7990162741475,29,60.0263621872437,37,32.6312976777858,27,69.1210198678099
"IT","ITA","Italy",2021,36,45.8577967620099,25,55.5887108453393,33,43.6317283035268,28,59.821100596861,37,32.6988526897792,26,69.0975925519435
