"ISO_2","ISO_3","Country","Year","Final Rank","Final Score","Corporate Rank","Corporate Score","Income Rank","Income Score","Consumption Rank","Consumption Score","Property Rank","Property Score","International Rank","International Score"
"IT","ITA","Italy",2014,35,50.8159627054555,19,61.8631978108472,34,48.3059663551404,19,60.3084570308809,36,37.9981747505604,26,60.3905514719267
"IT","ITA","Italy",2015,35,47.4935467582602,26,53.3839092313278,35,42.5890798516369,19,60.4147326973556,36,39.0069486225986,27,58.0559231047695
"IT","ITA","Italy",2016,36,45.8660713842098,28,55.2233024581426,35,42.3325911171195,21,60.6606294746892,36,37.8281817846433,27,62.0307449808765
"IT","ITA","Italy",2017,34,47.3291152289057,19,59.5430310158048,35,40.924548494883,22,58.0952372588791,36,37.7619038271918,26,61.6370262063555
"IT","ITA","Italy",2018,35,44.4059764998704,24,58.5864436022599,32,49.4102990593454,24,52.799127330546,36,34.0563285939591,26,62.1233519527669
"IT","ITA","Italy",2019,35,46.781085856785,26,56.1800076471564,33,48.9853565748643,25,53.0267808683334,37,32.5569420375225,26,70.8795819100768
"IT","ITA","Italy",2020,37,44.7870046689519,31,49.3782885668889,32,48.7990162741475,29,60.0263621872437,37,32.6312976777858,27,70.4437211326252
"IT","ITA","Italy",2021,37,44.6380319998319,30,47.6144598406491,33,43.6317282977175,28,59.8211005902324,37,32.6988526899041,26,69.0975645005297
