"ISO_2","ISO_3","Country","Year","Final Rank","Final Score","Corporate Rank","Corporate Score","Income Rank","Income Score","Consumption Rank","Consumption Score","Property Rank","Property Score","Cross-Border Rank","Cross-Border Score"
"IT","ITA","Italy",2014,34,57.3656146559836,14,67.8256363450324,22,58.9519122587366,28,40.4531304741813,36,37.9981747505604,26,59.7266057249057
"IT","ITA","Italy",2015,36,52.4638744607916,22,58.8914905600386,25,49.2529590753785,29,42.3389876182444,36,39.0069486225986,28,56.8470229636555
"IT","ITA","Italy",2016,36,50.742269700905,26,54.991389160085,25,48.914847988395,29,40.7927324945927,36,37.8281817846433,27,60.611617924144
"IT","ITA","Italy",2017,36,51.9891402941932,18,64.1738653226456,26,48.9135499028674,29,42.200076480474,36,37.7619038271918,26,60.2433532426328
"IT","ITA","Italy",2018,36,49.087006563151,20,59.1159287038756,21,52.7898320272608,36,34.0890027311489,36,34.0563285939591,26,60.6771207655705
"IT","ITA","Italy",2019,36,52.5709265980103,22,64.5525647844563,24,51.6056150822249,36,32.709482068186,37,32.5569420375225,26,69.5860355566162
"IT","ITA","Italy",2020,36,48.4526557596102,33,52.5693337586189,21,51.7249771013045,36,32.7730645384814,37,32.6312976777858,27,69.1210198678099
"IT","ITA","Italy",2021,36,46.8833147166712,33,47.931722858289,21,52.1464941386082,36,32.4250542297466,37,32.6988526897792,26,69.0975925519435
