"ISO_2","ISO_3","Country","Year","Final Rank","Final Score","Corporate Rank","Corporate Score","Income Rank","Income Score","Consumption Rank","Consumption Score","Property Rank","Property Score","Cross-Border Rank","Cross-Border Score"
"IT","ITA","Italy",2022,37,49.6901693562949,25,58.4793563468243,21,67.6453316369757,37,31.4213594894655,38,32.6833374381918,27,67.3666596167512
"IT","ITA","Italy",2023,35,50.4616257862219,21,59.0129475208113,16,74.4593946555515,37,32.8822753738463,38,32.5467564598506,24,68.0674135413527
