"ISO_2","ISO_3","Country","Year","Final Rank","Final Score","Corporate Rank","Corporate Score","Income Rank","Income Score","Consumption Rank","Consumption Score","Property Rank","Property Score","Cross-Border Rank","Cross-Border Score"
"JP","JPN","Japan",2014,19,72.8273146118622,33,48.5658095090503,17,71.5552452954784,2,97.1200915536615,26,58.8662497771476,31,55.5482188698541
"JP","JPN","Japan",2015,20,71.9979267634413,32,54.2912635243716,17,70.5224897079861,6,93.4805002834419,25,58.9409855468723,30,55.2585770028641
"JP","JPN","Japan",2016,12,74.5015606745432,31,59.6873869770073,19,65.9575789845793,1,100,24,59.1594552030095,30,58.59530767018
"JP","JPN","Japan",2017,15,72.7146302681384,32,60.7738417028006,20,66.3705007650116,4,94.9536235901001,24,59.1588711061234,24,63.1435241682888
"JP","JPN","Japan",2018,17,71.3422202814444,32,57.5556425259476,19,65.3698718681792,4,94.3630568248372,28,50.8585834323118,23,63.6572389344421
"JP","JPN","Japan",2019,15,74.9278319986892,33,57.6693982416712,20,64.8297046856859,4,93.4950868589924,27,50.1124501084815,21,76.8040526731929
"JP","JPN","Japan",2020,19,71.3152835429978,33,53.9249733081877,18,64.6158530328175,5,89.0983960115183,28,50.4211523923198,27,70.1643860339545
"JP","JPN","Japan",2021,18,71.0081788215696,33,50.6530471469179,17,68.2128836661798,5,90.4215125737019,27,50.2624019068366,27,69.7855906120347
"JP","JPN","Japan",2022,21,68.7142925890226,34,50.5874241565534,16,65.5311498187013,5,82.6113764304304,27,50.0501031683615,27,70.1167480445832
