"ISO_2","ISO_3","Country","Year","Final Rank","Final Score","Corporate Rank","Corporate Score","Income Rank","Income Score","Consumption Rank","Consumption Score","Property Rank","Property Score","Cross-Border Rank","Cross-Border Score"
"JP","JPN","Japan",2014,20,72.0138620287464,33,48.6189141903369,18,65.5387396825988,2,97.1200915536615,26,58.8662497771476,31,55.5482188698541
"JP","JPN","Japan",2015,21,71.1617995886833,33,53.5118197003611,17,61.3255582408443,6,93.4805002834419,25,58.9409855468723,30,55.2585770028641
"JP","JPN","Japan",2016,17,73.3244310444402,33,56.4759503215447,27,58.6027665899763,1,100,24,59.1594552030095,30,58.59530767018
"JP","JPN","Japan",2017,17,71.0646002996125,31,60.1079710991307,26,56.9611346108227,4,94.9536235901001,24,59.1588711061234,24,63.1435241682888
"JP","JPN","Japan",2018,19,70.53504560806,33,56.4048759637979,26,59.8470022659386,4,94.3630568248372,28,50.8585834323118,23,63.6572389344421
"JP","JPN","Japan",2019,17,73.976409852244,33,56.5573642252358,24,57.5140721357876,4,93.4950868589924,27,50.1124501084815,21,76.8040526731929
"JP","JPN","Japan",2020,23,70.2376355744647,33,52.8656962210731,25,57.6322453750503,5,89.0983960115183,28,50.4211523923198,27,70.1643860339545
"JP","JPN","Japan",2021,23,69.9413933955037,32,49.9822297964669,24,61.1095121869142,5,90.4215125737019,27,50.2624019068366,27,69.7855906120347
"JP","JPN","Japan",2022,24,67.0128575335223,32,50.8241778742038,25,58.5352181240105,5,82.6113764304304,27,50.0501031683615,27,70.1167480445832
