"ISO_2","ISO_3","Country","Year","Final Rank","Final Score","Corporate Rank","Corporate Score","Income Rank","Income Score","Consumption Rank","Consumption Score","Property Rank","Property Score","Cross-Border Rank","Cross-Border Score"
"JP","JPN","Japan",2014,19,72.8386381360905,33,48.5917141527754,17,71.5552452954784,2,97.1200915536615,26,58.8662497771476,31,55.5482188698541
"JP","JPN","Japan",2015,20,71.9924516961309,32,54.2804573684871,17,70.5224897079861,6,93.4805002834419,25,58.9409855468723,30,55.2585770028641
"JP","JPN","Japan",2016,12,74.5015606745432,31,59.6873869770073,19,65.9575789845793,1,100,24,59.1594552030095,30,58.59530767018
"JP","JPN","Japan",2017,15,72.7147742792527,32,60.773912253514,20,66.3705007650116,4,94.9536235901001,24,59.1588711061234,24,63.1435241682888
"JP","JPN","Japan",2018,17,71.3448901827174,32,57.562485548107,19,65.3698718681792,4,94.3630568248372,28,50.8585834323118,23,63.6572389344421
"JP","JPN","Japan",2019,15,74.9393688128137,33,57.6951167758819,20,64.8297046856859,4,93.4950868589924,27,50.1124501084815,21,76.8040526731929
"JP","JPN","Japan",2020,20,71.0382581275614,33,53.2607794193054,18,64.5049325388672,5,89.0983960115183,28,50.4211523923198,27,70.1643860339545
"JP","JPN","Japan",2021,18,70.6959324245739,33,51.1552904488012,17,68.2128836504423,5,90.4215125737019,27,50.2624019068366,27,69.7855906120347
"JP","JPN","Japan",2022,21,68.3522521204001,34,54.7702650409991,16,66.6092518147111,5,82.6113764304304,27,50.0501031683615,27,70.1167480445832
