"ISO_2","ISO_3","Country","Year","Final Rank","Final Score","Corporate Rank","Corporate Score","Income Rank","Income Score","Consumption Rank","Consumption Score","Property Rank","Property Score","International Rank","International Score"
"JP","JPN","Japan",2014,24,62.8095134398165,37,32.3800426230415,20,65.8084835926928,3,96.7989202654949,25,59.0892453407136,29,55.6529481979042
"JP","JPN","Japan",2015,24,63.0393742855935,34,34.9337138101337,20,65.4936291636522,4,92.2770913736902,24,59.1755576931744,28,55.8646996389337
"JP","JPN","Japan",2016,24,61.6294405784647,35,41.1273492179974,23,61.4349944934512,5,92.2450816540965,24,59.3807689805196,28,59.7750254382794
"JP","JPN","Japan",2017,19,63.4879676045488,34,41.1477105815937,24,60.9916824149213,2,94.5185921873464,24,59.3855715142676,22,64.1230255986361
"JP","JPN","Japan",2018,19,61.0631532963062,36,43.9645019240958,23,61.8109704371089,3,94.5701050538133,27,51.2029496353164,22,64.6218578814624
"JP","JPN","Japan",2019,20,64.6967238756341,35,40.6365025758085,23,61.9073398583227,3,94.4479258384069,26,50.0505541009644,19,77.3454084407642
"JP","JPN","Japan",2020,23,61.6630430398197,35,37.5690920085987,22,61.4750201875112,3,93.1712988283205,27,50.3655511699137,25,70.7690467717317
"JP","JPN","Japan",2021,25,61.51314233404,36,35.2731126600256,21,57.3567871811996,3,94.5451826842743,26,50.0909865944925,28,69.3638994525315
