"ISO_2","ISO_3","Country","Year","Final Rank","Final Score","Corporate Rank","Corporate Score","Income Rank","Income Score","Consumption Rank","Consumption Score","Property Rank","Property Score","International Rank","International Score"
"JP","JPN","Japan",2014,24,62.7865467066773,37,32.3800426230415,20,65.8084835926928,3,96.7989202654949,25,59.0892453407136,30,55.7921139593999
"JP","JPN","Japan",2015,24,63.013850823889,34,34.9337138101337,20,65.4936291636522,4,92.2770913736902,24,59.1755576931744,29,55.9860597471224
"JP","JPN","Japan",2016,24,61.6030916446381,35,41.1273492179974,23,61.4349944934512,5,92.2450816540965,24,59.3807689805196,29,59.8619035616786
"JP","JPN","Japan",2017,19,63.4313325926778,34,41.1477105815937,24,60.9916824149213,2,94.5185921873464,24,59.3855715142676,23,64.1618516772111
"JP","JPN","Japan",2018,20,60.9896803118575,36,43.9645019240958,23,61.8109704371089,3,94.5701050538133,27,51.2029496353164,23,64.6907356074074
"JP","JPN","Japan",2019,20,64.6199780152241,35,40.6365025758085,23,61.9073398583227,3,94.4479258384069,26,50.0505541009644,20,77.2957731349776
"JP","JPN","Japan",2020,23,61.5680928148126,35,37.5690920085987,22,61.4750201875112,3,93.1712988283205,27,50.3655511699137,26,70.7427934733377
"JP","JPN","Japan",2021,24,61.5274682908094,36,35.2731126600256,21,57.3567871811996,3,94.5451826842743,26,50.0909865944925,27,69.0477746693842
