"ISO_2","ISO_3","Country","Year","Final Rank","Final Score","Corporate Rank","Corporate Score","Income Rank","Income Score","Consumption Rank","Consumption Score","Property Rank","Property Score","Cross-Border Rank","Cross-Border Score"
"JP","JPN","Japan",2014,24,62.7850522649038,37,32.3800426230415,20,65.8084835926928,3,96.7989202654949,25,59.0892453407136,30,55.0732061935112
"JP","JPN","Japan",2015,24,63.005887427162,34,34.9337138101337,20,65.4936291636522,4,92.2770913736902,24,59.1755576931744,29,54.7421327063106
"JP","JPN","Japan",2016,24,61.5954867624629,35,41.1273492179974,23,61.4349944934512,5,92.2450816540965,24,59.3807689805196,29,58.3854005293547
"JP","JPN","Japan",2017,19,63.4292959727457,34,41.1477105815937,24,60.9916824149213,2,94.5185921873464,24,59.3855715142676,23,62.8622967083691
"JP","JPN","Japan",2018,20,60.9884375175731,36,43.9645019240958,23,61.8109704371089,3,94.5701050538133,27,51.2029496353164,23,63.3471672904525
"JP","JPN","Japan",2019,20,64.6095751305318,35,40.6365025758085,23,61.9073398583227,3,94.4479258384069,26,50.0505541009644,20,76.2988879056011
"JP","JPN","Japan",2020,23,61.5538695564397,35,37.5690920085987,22,61.4750201875112,3,93.1712988283205,27,50.3655511699137,26,69.4615641215089
"JP","JPN","Japan",2021,22,61.5263190768648,36,35.2057566032739,22,57.2877606332473,3,94.54518267758,26,50.090986593947,27,69.0819073843676
