"ISO_2","ISO_3","Country","Year","Final Rank","Final Score","Corporate Rank","Corporate Score","Income Rank","Income Score","Consumption Rank","Consumption Score","Property Rank","Property Score","Cross-Border Rank","Cross-Border Score"
"JP","JPN","Japan",2014,17,71.8841135815737,33,47.2675581350114,17,71.5552452954784,2,97.1200915536615,26,58.8662497771476,31,55.5482188698541
"JP","JPN","Japan",2015,19,71.037041481319,32,51.8772916949811,17,70.5224897079861,6,93.4805002834419,25,58.9409855468723,30,55.2585770028641
"JP","JPN","Japan",2016,12,73.4504640221243,30,55.9400387582751,19,65.9575789845793,1,100,24,59.1594552030095,30,58.59530767018
"JP","JPN","Japan",2017,15,71.3025247632121,31,56.729775218348,20,66.3705007650116,4,94.9536235901001,24,59.1588711061234,24,63.1435241682888
"JP","JPN","Japan",2018,17,70.3621073212798,32,55.1628038149917,19,65.3698718681792,4,94.3630568248372,28,50.8585834323118,23,63.6572389344421
"JP","JPN","Japan",2019,15,73.7953643003511,32,55.2495528291754,20,64.8297046856859,4,93.4950868589924,27,50.1124501084815,21,76.8040526731929
"JP","JPN","Japan",2020,19,69.9770418351163,32,51.0669818241403,18,64.5049325388672,5,89.0983960115183,28,50.4211523923198,27,70.1643860339545
"JP","JPN","Japan",2021,17,69.7206970142626,32,49.5443911319436,17,68.2128836504423,5,90.4215125737019,27,50.2624019068366,27,69.7855906120347
"JP","JPN","Japan",2022,21,67.3435305156005,33,51.0440665191606,16,66.7042860552817,5,82.6113764387195,27,50.0501031676966,26,69.9017589107633
