"ISO_2","ISO_3","Country","Year","Final Rank","Final Score","Corporate Rank","Corporate Score","Income Rank","Income Score","Consumption Rank","Consumption Score","Property Rank","Property Score","Cross-Border Rank","Cross-Border Score"
"JP","JPN","Japan",2022,24,66.940053647994,33,51.5647356557792,29,60.0402204349661,5,83.928660073694,27,50.0645298223975,26,68.252386379414
"JP","JPN","Japan",2023,23,64.4935039573869,30,50.9975364812151,30,60.4223963369398,6,85.717842178527,27,50.4927570268403,25,65.2283274707574
