"ISO_2","ISO_3","Country","Year","Final Rank","Final Score","Corporate Rank","Corporate Score","Income Rank","Income Score","Consumption Rank","Consumption Score","Property Rank","Property Score","Cross-Border Rank","Cross-Border Score"
"JP","JPN","Japan",2014,18,69.8431054136039,35,42.9139801004509,19,63.0959206195776,2,93.874176086472,25,59.0892453407136,30,55.0732061935112
"JP","JPN","Japan",2015,18,69.3666135121655,33,49.6065727314506,18,59.8217413098754,6,90.4384767925491,24,59.1755576931744,29,54.7421327063106
"JP","JPN","Japan",2016,18,68.1104185056899,32,51.5907098073762,18,54.6245403598805,6,87.2918488647682,24,59.3807689805196,29,58.3854005293547
"JP","JPN","Japan",2017,14,69.7846136630657,29,56.2608405966761,21,54.9559720776872,5,96.4180915781029,24,59.3855715142676,23,62.8622967083691
"JP","JPN","Japan",2018,15,67.7177838265002,32,50.8220142148738,20,53.1253620670838,5,94.8458922408381,27,51.2029496353164,23,63.3471672904525
"JP","JPN","Japan",2019,14,72.4861377073595,32,57.2355993132134,19,52.6664853817393,4,93.3463711497322,26,50.0505541009644,20,76.2988879056011
"JP","JPN","Japan",2020,17,68.601108081731,32,52.6220792676194,19,52.2540245963952,6,89.9718884241223,27,50.3655511699137,26,69.4615641215089
"JP","JPN","Japan",2021,16,68.3223506621291,32,48.0773085420057,19,52.9892140290628,5,92.2529289857148,26,50.090986593947,27,69.0819073843676
