"ISO_2","ISO_3","Country","Year","Final Rank","Final Score","Corporate Rank","Corporate Score","Income Rank","Income Score","Consumption Rank","Consumption Score","Property Rank","Property Score","International Rank","International Score"
"KR","KOR","Korea",2014,23,64.2060121698293,23,60.714473719287,17,68.9435976117447,5,90.1169174953762,32,48.4064842406597,31,48.574892799158
"KR","KOR","Korea",2015,15,66.6233966789826,19,57.4349266493127,16,71.22751407708,3,94.2676946095729,32,48.4859641195602,31,51.9611622276728
"KR","KOR","Korea",2016,17,66.0009691911798,19,61.0013054182213,15,69.4013769183812,3,95.5127213856346,31,48.475765195067,30,56.8015189820145
"KR","KOR","Korea",2017,17,64.5755066219157,26,57.5572285860764,17,67.7340998344668,3,94.0524385621628,31,48.3065569902251,28,58.1385740633876
"KR","KOR","Korea",2018,21,60.2112492728863,31,53.1792585940052,24,61.5467601967406,2,96.055446562689,32,44.7293704031508,29,57.5260394921517
"KR","KOR","Korea",2019,24,61.5437419907143,33,50.124914247306,24,61.4293058498573,2,96.9085207939417,32,43.2763236294168,33,60.1536657747528
"KR","KOR","Korea",2020,25,60.849077196311,33,47.978836392913,24,60.806774675571,2,97.2511499205588,32,43.3979530835,33,59.9300688055598
"KR","KOR","Korea",2021,20,64.4790267960271,33,46.6323138186815,24,55.2371631649904,2,98.9688853083834,32,43.0331929138734,24,72.631617406485
