"ISO_2","ISO_3","Country","Year","Final Rank","Final Score","Corporate Rank","Corporate Score","Income Rank","Income Score","Consumption Rank","Consumption Score","Property Rank","Property Score","Cross-Border Rank","Cross-Border Score"
"KR","KOR","Korea",2022,24,66.7502959929832,30,53.1170951793076,33,52.7187887389557,3,91.2573836464819,32,42.6873799613851,25,72.0151216018927
"KR","KOR","Korea",2023,24,64.3363560510679,26,54.8147620577105,33,52.608431940091,3,91.2573836464819,32,41.9793779488029,26,64.7658336281921
