"ISO_2","ISO_3","Country","Year","Final Rank","Final Score","Corporate Rank","Corporate Score","Income Rank","Income Score","Consumption Rank","Consumption Score","Property Rank","Property Score","International Rank","International Score"
"KR","KOR","Korea",2014,23,64.0518942121905,23,60.714473719287,17,68.9435976117447,5,90.1169174953762,32,48.4064842406597,32,48.2648885619839
"KR","KOR","Korea",2015,16,66.4673261178901,19,57.4349266493127,16,71.22751407708,3,94.2676946095729,32,48.4859641195602,32,51.613271269036
"KR","KOR","Korea",2016,17,65.8420359905715,19,61.0013054182213,15,69.4013769183812,3,95.5127213856346,31,48.475765195067,31,56.4543902520781
"KR","KOR","Korea",2017,17,64.3931650201645,26,57.5572285860764,17,67.7340998344668,3,94.0524385621628,31,48.3065569902251,29,57.7658278675014
"KR","KOR","Korea",2018,22,59.948470398908,31,53.1792585940052,24,61.5467601967406,2,96.055446562689,32,44.7293704031508,30,57.0202892097163
"KR","KOR","Korea",2019,24,61.2714078295971,33,50.124914247306,24,61.4293058498573,2,96.9085207939417,32,43.2763236294168,33,59.5429746171434
"KR","KOR","Korea",2020,25,60.5561317025213,33,47.978836392913,24,60.806774675571,2,97.2511499205588,32,43.3979530835,33,59.2902447445501
"KR","KOR","Korea",2021,26,60.6221357725009,33,46.6323138186815,24,55.2371631649904,2,98.9688853083834,32,43.0331929138734,33,57.4565211645191
