"ISO_2","ISO_3","Country","Year","Final Rank","Final Score","Corporate Rank","Corporate Score","Income Rank","Income Score","Consumption Rank","Consumption Score","Property Rank","Property Score","Cross-Border Rank","Cross-Border Score"
"KR","KOR","Korea",2014,18,72.9078777237215,20,67.2128299963553,14,76.2077869801521,3,94.6645556036292,32,48.1253347907911,33,47.2014272107767
"KR","KOR","Korea",2015,16,73.5162765880261,20,65.1169004959983,13,78.2949913603971,3,98.270171271411,33,48.194601749621,33,50.0050109998264
"KR","KOR","Korea",2016,17,72.6855692520186,21,66.3890662454346,13,76.2802680003422,4,92.8110646053663,32,48.186040112417,33,54.2726303110977
"KR","KOR","Korea",2017,16,71.2370009965202,23,65.9943774538585,14,75.5253215278681,3,95.0689683130289,32,48.0135629401361,31,55.5798072511362
"KR","KOR","Korea",2018,18,70.6193538923816,26,63.4578584960898,17,67.8888101657812,2,99.1440073239294,33,44.3348579871771,32,54.7522786963074
"KR","KOR","Korea",2019,21,71.1738759469041,32,58.9939520524142,17,67.3394865140176,1,100,33,43.3534883168252,33,57.6492774974923
"KR","KOR","Korea",2020,23,69.7369400225067,29,55.2167390104614,16,66.6838727658595,2,98.8663122263287,33,43.480104343613,33,57.3588865659629
"KR","KOR","Korea",2021,21,68.9664877227783,31,52.9113673361661,15,69.486594920212,1,100,33,43.0687502928522,33,57.3212316540218
"KR","KOR","Korea",2022,25,65.9156096060748,31,56.0001542615722,27,59.7515276706194,2,97.2002512358269,33,42.5518309637552,33,57.6434118377769
