"ISO_2","ISO_3","Country","Year","Final Rank","Final Score","Corporate Rank","Corporate Score","Income Rank","Income Score","Consumption Rank","Consumption Score","Property Rank","Property Score","Cross-Border Rank","Cross-Border Score"
"KR","KOR","Korea",2014,20,71.0494810018729,24,60.5227725199311,14,76.2077869801521,3,94.6645556036292,32,48.1253347907911,33,47.2014272107767
"KR","KOR","Korea",2015,17,71.6458025430288,24,58.43035921274,13,78.2949913603971,3,98.270171271411,33,48.194601749621,33,50.0050109998264
"KR","KOR","Korea",2016,19,70.8441954914821,22,59.1083579791932,13,76.2802680003422,4,92.8110646053663,32,48.186040112417,33,54.2726303110977
"KR","KOR","Korea",2017,19,69.0999488851783,26,58.4086633883629,14,75.5253215278681,3,95.0689683130289,32,48.0135629401361,31,55.5798072511362
"KR","KOR","Korea",2018,19,68.8929268571124,28,57.7052050675441,17,67.8888101657812,2,99.1440073239294,33,44.3348579871771,32,54.7522786963074
"KR","KOR","Korea",2019,21,69.3204079205399,33,53.5991304217868,17,67.3394865140176,1,100,33,43.3534883168252,33,57.6492774974923
"KR","KOR","Korea",2020,25,67.8942446124877,33,49.8194023873176,16,66.6838727658595,2,98.8663122263287,33,43.480104343613,33,57.3588865659629
"KR","KOR","Korea",2021,24,67.0935756045522,34,47.651963010871,15,69.486594920212,1,100,33,43.0687502928522,33,57.3212316540218
"KR","KOR","Korea",2022,25,63.8063004906734,34,49.1141282365607,27,58.859272963057,2,97.2002512321974,33,42.4298509800779,33,57.338685758629
