"ISO_2","ISO_3","Country","Year","Final Rank","Final Score","Corporate Rank","Corporate Score","Income Rank","Income Score","Consumption Rank","Consumption Score","Property Rank","Property Score","Cross-Border Rank","Cross-Border Score"
"KR","KOR","Korea",2014,15,74.1109397249051,24,63.5805098273848,10,79.7773194946933,3,94.6645556036292,32,48.1253347907911,33,47.2014272107767
"KR","KOR","Korea",2015,12,74.6231014804736,24,61.2456037760291,9,78.7485187095288,3,98.270171271411,33,48.194601749621,33,50.0050109998264
"KR","KOR","Korea",2016,16,73.6582300401589,25,60.7254517332849,11,77.0683536380878,4,92.8110646053663,32,48.186040112417,33,54.2726303110977
"KR","KOR","Korea",2017,15,71.7365880603988,26,62.1995003232406,10,77.2320747082758,3,95.0689683130289,32,48.0135629401361,31,55.5798072511362
"KR","KOR","Korea",2018,16,72.2000805334668,30,58.8361310840574,11,74.0615595637689,2,99.1440073239294,33,44.3348579871771,32,54.7522786963074
"KR","KOR","Korea",2019,21,72.6618009820845,34,54.6379990306351,11,71.1398747503371,1,100,33,43.3534883168252,33,57.6492774974923
"KR","KOR","Korea",2020,20,71.1872737920337,34,50.9993569167988,12,70.6826115766432,2,98.8663122263287,33,43.480104343613,33,57.3588865659629
"KR","KOR","Korea",2021,20,70.9383185062004,34,47.1475872229672,11,73.9607886455232,1,100,33,43.0687502928522,33,57.3212316540218
"KR","KOR","Korea",2022,23,67.0600313598573,34,47.5494624286533,17,64.4208817524995,2,97.2002512358269,33,42.5518309637552,33,57.6434118377769
