"ISO_2","ISO_3","Country","Year","Final Rank","Final Score","Corporate Rank","Corporate Score","Income Rank","Income Score","Consumption Rank","Consumption Score","Property Rank","Property Score","Cross-Border Rank","Cross-Border Score"
"KR","KOR","Korea",2014,20,69.4819977555988,23,60.2627084129618,18,64.6264649599453,3,91.6811295654601,32,48.4064842406597,32,47.429653786683
"KR","KOR","Korea",2015,14,70.9481110241369,20,59.7515907236874,16,65.6665124261186,4,95.3493296220588,32,48.4859641195602,32,50.2486961624741
"KR","KOR","Korea",2016,15,70.2932843627193,18,58.935530652673,15,63.2354645604355,2,94.2243012168788,31,48.475765195067,32,54.8534621259241
"KR","KOR","Korea",2017,16,69.0203836865497,20,61.9318608938364,15,62.2093357249752,2,97.3793813291674,31,48.3065569902251,29,56.2425918832332
"KR","KOR","Korea",2018,18,65.8157066001776,28,53.7893373090382,22,52.4548281999386,1,100,32,44.7293704031508,30,55.3959930864136
"KR","KOR","Korea",2019,22,68.5294477657029,29,59.6531059733827,22,51.7041250806644,1,100,32,43.2763236294168,33,57.8005290038841
"KR","KOR","Korea",2020,23,66.9486431018886,27,55.5340770106398,23,51.0716347389581,2,99.8996986562262,32,43.3979530835,33,57.5072912433148
"KR","KOR","Korea",2021,23,65.4949616425806,26,51.1195336622939,24,49.8190968579537,1,100,32,43.0331929059441,33,57.4516623264253
