"ISO_2","ISO_3","Country","Year","Final Rank","Final Score","Corporate Rank","Corporate Score","Income Rank","Income Score","Consumption Rank","Consumption Score","Property Rank","Property Score","Cross-Border Rank","Cross-Border Score"
"KR","KOR","Korea",2022,22,68.2442787916197,30,53.1170951793076,31,68.260611846765,3,91.2573836464819,32,42.6873799613851,25,72.0151216018927
"KR","KOR","Korea",2023,24,62.84533456083,26,54.8147620577105,36,50.9224952642635,3,91.2573836464819,32,41.9793779488029,26,64.7658336281921
