"ISO_2","ISO_3","Country","Year","Final Rank","Final Score","Corporate Rank","Corporate Score","Income Rank","Income Score","Consumption Rank","Consumption Score","Property Rank","Property Score","Cross-Border Rank","Cross-Border Score"
"LV","LVA","Latvia",2014,4,84.0535019126945,2,89.4037786512539,4,87.9062317668644,34,33.3223926561494,5,80.047607680388,9,76.7261928492302
"LV","LVA","Latvia",2015,5,82.5876001962689,3,80.516840650362,4,84.3321867358449,33,36.5853912647702,5,80.049001016088,6,79.2780582248676
"LV","LVA","Latvia",2016,4,82.9096865667453,3,80.3554901328301,6,83.9182076967798,32,38.1500353608144,5,80.095705504645,6,81.2470794966556
"LV","LVA","Latvia",2017,4,80.6572448870055,3,78.5462925972329,6,83.6855269878736,32,41.1423378672231,5,79.811148304818,7,81.407090976778
"LV","LVA","Latvia",2018,3,84.4774281374717,2,85.3359308189059,5,86.4311618484353,27,49.0871887109766,5,77.928920414158,9,76.5002455195977
"LV","LVA","Latvia",2019,3,89.5665816036487,1,100,8,78.6123726743637,27,47.1331897846774,5,77.3954507094101,10,84.2628935731379
"LV","LVA","Latvia",2020,3,89.8282569907793,1,100,7,78.2014102851362,27,50.7725289106153,5,78.0451117999518,9,84.9405258148109
"LV","LVA","Latvia",2021,2,90.7324278765452,1,100,6,83.2102577078652,26,50.3142324633097,5,78.037629606832,9,84.9249662637632
