"ISO_2","ISO_3","Country","Year","Final Rank","Final Score","Corporate Rank","Corporate Score","Income Rank","Income Score","Consumption Rank","Consumption Score","Property Rank","Property Score","Cross-Border Rank","Cross-Border Score"
"LV","LVA","Latvia",2014,5,77.059858567617,2,89.845143219556,7,86.27533660234,35,36.4805784885974,5,80.047607680388,9,76.7261928492302
"LV","LVA","Latvia",2015,5,76.292102244699,3,82.8898030010787,6,85.4823835386642,35,37.5127133188903,5,80.049001016088,6,79.2780582248676
"LV","LVA","Latvia",2016,3,78.9903271215014,3,84.9169056931055,6,85.1952904116382,32,48.1366534129726,5,80.095705504645,6,81.2470794966556
"LV","LVA","Latvia",2017,4,76.917760175755,3,81.4808241222349,6,84.6199575693265,31,45.5541345059611,5,79.811148304818,7,81.407090976778
"LV","LVA","Latvia",2018,2,79.1874534012383,2,90.094618675072,5,89.5657498255027,28,50.4693705820084,5,77.928920414158,9,76.5002455195977
"LV","LVA","Latvia",2019,3,83.109401921137,1,100,7,84.3312011002091,28,49.7589354717358,5,77.3954507094101,10,84.2628935731379
"LV","LVA","Latvia",2020,2,84.2195454165161,1,100,6,83.9605538305468,27,60.733198565565,5,78.0451117999518,9,84.9405258148109
"LV","LVA","Latvia",2021,2,85.0652394046477,2,99.4449440891297,5,86.0298914918713,27,60.5923746091742,5,78.037629606832,9,84.9249662637632
