"ISO_2","ISO_3","Country","Year","Final Rank","Final Score","Corporate Rank","Corporate Score","Income Rank","Income Score","Consumption Rank","Consumption Score","Property Rank","Property Score","Cross-Border Rank","Cross-Border Score"
"LV","LVA","Latvia",2014,4,85.066726064603,2,95.8121209848713,4,94.3174212981324,35,34.5096987766198,5,79.7033152991677,7,77.6875374322533
"LV","LVA","Latvia",2015,4,84.6681788462894,3,89.9612124703603,4,94.1358509271745,34,37.6432958297559,5,79.7003176321871,6,80.3716214877486
"LV","LVA","Latvia",2016,4,85.2345999932985,3,90.9791517102492,5,94.5143704929366,33,37.5949159637739,5,79.7405998739456,6,82.1150061481696
"LV","LVA","Latvia",2017,3,82.7807392610639,3,89.0778716841815,5,94.3461043250326,32,40.2360896316322,5,79.4494252588023,7,82.2994082718648
"LV","LVA","Latvia",2018,3,85.0785061822443,4,89.362294063581,4,96.654280292325,28,48.609951722225,5,77.4978964165404,9,77.4690436369002
"LV","LVA","Latvia",2019,3,88.4595528039217,1,100,8,86.8793891460372,28,46.9939679770728,5,77.1276173651187,9,86.0290266012317
"LV","LVA","Latvia",2020,3,89.6558492236652,1,100,6,88.9634216461053,28,49.9210700119986,5,77.7818383319163,8,86.5671155545401
"LV","LVA","Latvia",2021,3,89.9222652254187,1,100,4,93.5296959547183,27,50.501972996724,5,77.8146900991743,8,86.5584312909553
"LV","LVA","Latvia",2022,3,89.6067548020206,1,100,4,93.3491575745178,26,49.6632628038643,5,77.9318122969067,8,86.599634449959
