"ISO_2","ISO_3","Country","Year","Final Rank","Final Score","Corporate Rank","Corporate Score","Income Rank","Income Score","Consumption Rank","Consumption Score","Property Rank","Property Score","Cross-Border Rank","Cross-Border Score"
"LV","LVA","Latvia",2014,4,83.7936369485731,2,89.7782710022975,4,94.3174212981324,35,34.5096987766198,5,79.7033152991677,7,77.6875374322533
"LV","LVA","Latvia",2015,4,83.3833367400418,3,84.4409292357779,4,94.1358509271745,34,37.6432958297559,5,79.7003176321871,6,80.3716214877486
"LV","LVA","Latvia",2016,3,83.9043429151948,3,85.2189622591486,5,94.5143704929366,33,37.5949159637739,5,79.7405998739456,6,82.1150061481696
"LV","LVA","Latvia",2017,3,81.0569114976273,3,81.7558668537407,5,94.3461043250326,32,40.2360896316322,5,79.4494252588023,7,82.2994082718648
"LV","LVA","Latvia",2018,3,85.4415073565173,2,90.3213908400834,4,96.654280292325,28,48.609951722225,5,77.4978964165404,9,77.4690436369002
"LV","LVA","Latvia",2019,3,88.7586210191333,1,100,8,86.8793891460372,28,46.9939679770728,5,77.1276173651187,9,86.0290266012317
"LV","LVA","Latvia",2020,3,89.9278195002088,1,100,6,88.9634216461053,28,49.9210700119986,5,77.7818383319163,8,86.5671155545401
"LV","LVA","Latvia",2021,2,90.1945753593284,1,100,4,93.5296959547183,27,50.501972996724,5,77.8146900991743,8,86.5584312909553
"LV","LVA","Latvia",2022,2,89.8665447249953,1,100,4,93.3491575713797,26,49.5466711052584,5,77.9318122940415,9,86.5032281757432
