"ISO_2","ISO_3","Country","Year","Final Rank","Final Score","Corporate Rank","Corporate Score","Income Rank","Income Score","Consumption Rank","Consumption Score","Property Rank","Property Score","Cross-Border Rank","Cross-Border Score"
"LV","LVA","Latvia",2014,4,85.4110446040242,2,94.520728622851,5,89.8801708318436,35,34.5096987766198,5,79.7033152991677,7,77.6875374322533
"LV","LVA","Latvia",2015,2,85.3731888495305,3,88.857498518243,4,88.2536032776915,34,37.6432958297559,5,79.7003176321871,6,80.3716214877486
"LV","LVA","Latvia",2016,2,86.20495286529,3,89.3829283586798,3,89.1746558964846,33,37.5949159637739,5,79.7405998739456,6,82.1150061481696
"LV","LVA","Latvia",2017,3,82.9547673348424,3,88.1843139728259,4,89.7640031121461,32,40.2360896316322,5,79.4494252588023,7,82.2994082718648
"LV","LVA","Latvia",2018,2,85.7152245393098,3,89.765396281053,3,90.3164407820253,28,48.609951722225,5,77.4978964165404,9,77.4690436369002
"LV","LVA","Latvia",2019,4,87.1926351604451,1,100,10,73.6826557202035,28,46.9939679770728,5,77.1276173651187,9,86.0290266012317
"LV","LVA","Latvia",2020,4,88.6861573628219,1,100,6,78.5001005076044,28,49.9210700119986,5,77.7818383319163,8,86.5671155545401
"LV","LVA","Latvia",2021,2,89.1582347004953,2,98.5165235467121,6,80.307454848811,27,50.501972996724,5,77.8146900991743,8,86.5584312909553
"LV","LVA","Latvia",2022,3,87.837125123941,2,98.9799895869208,6,79.1782848380518,26,49.6632628038643,5,77.9318122969067,8,86.599634449959
