"ISO_2","ISO_3","Country","Year","Final Rank","Final Score","Corporate Rank","Corporate Score","Income Rank","Income Score","Consumption Rank","Consumption Score","Property Rank","Property Score","International Rank","International Score"
"LV","LVA","Latvia",2014,5,77.0217813142813,2,89.845143219556,7,86.27533660234,35,36.4805784885974,5,80.047607680388,9,76.8973198396771
"LV","LVA","Latvia",2015,5,76.2374078258457,3,82.8898030010787,6,85.4823835386642,35,37.5127133188903,5,80.049001016088,6,79.6204375223609
"LV","LVA","Latvia",2016,3,78.9349276124568,3,84.9169056931055,6,85.1952904116382,32,48.1366534129726,5,80.095705504645,6,81.7189115837791
"LV","LVA","Latvia",2017,4,76.8982574941526,3,81.4808241222349,6,84.6199575693265,31,45.5541345059611,5,79.811148304818,7,81.8737790645696
"LV","LVA","Latvia",2018,2,79.1634702776817,2,90.094618675072,5,89.5657498255027,28,50.4693705820084,5,77.928920414158,10,77.0730454015498
"LV","LVA","Latvia",2019,3,83.0823044394612,1,100,7,84.3312011002091,28,49.7589354717358,5,77.3954507094101,10,84.5877185242001
"LV","LVA","Latvia",2020,2,84.1950241107996,1,100,6,83.9605538305468,27,60.733198565565,5,78.0451117999518,9,85.2400080819126
"LV","LVA","Latvia",2021,2,85.079428107702,2,99.553485872271,5,86.1324405251146,27,60.5923746278644,5,78.0376296126991,9,85.0654930258401
