"ISO_2","ISO_3","Country","Year","Final Rank","Final Score","Corporate Rank","Corporate Score","Income Rank","Income Score","Consumption Rank","Consumption Score","Property Rank","Property Score","International Rank","International Score"
"LV","LVA","Latvia",2014,5,77.0481186074771,2,89.845143219556,7,86.27533660234,35,36.4805784885974,5,80.047607680388,9,77.0757476261604
"LV","LVA","Latvia",2015,5,76.2698990953159,3,82.8898030010787,6,85.4823835386642,35,37.5127133188903,5,80.049001016088,6,79.787935269934
"LV","LVA","Latvia",2016,3,78.9687162734887,3,84.9169056931055,6,85.1952904116382,32,48.1366534129726,5,80.095705504645,6,81.8589759350608
"LV","LVA","Latvia",2017,4,76.901164484386,3,81.4808241222349,6,84.6199575693265,31,45.5541345059611,5,79.811148304818,7,82.0181960552697
"LV","LVA","Latvia",2018,2,79.1671803772446,2,90.094618675072,5,89.5657498255027,28,50.4693705820084,5,77.928920414158,10,77.3028048989877
"LV","LVA","Latvia",2019,3,83.0854234806612,1,100,7,84.3312011002091,28,49.7589354717358,5,77.3954507094101,10,84.7767428913711
"LV","LVA","Latvia",2020,2,84.1973853310078,1,100,6,83.9605538305468,27,60.733198565565,5,78.0451117999518,9,85.4298655807971
"LV","LVA","Latvia",2021,2,85.0769991264285,2,99.553485872271,5,86.1324405251146,27,60.5923746278644,5,78.0376296126991,9,84.8642550805243
