"ISO_2","ISO_3","Country","Year","Final Rank","Final Score","Corporate Rank","Corporate Score","Income Rank","Income Score","Consumption Rank","Consumption Score","Property Rank","Property Score","Cross-Border Rank","Cross-Border Score"
"LT","LTU","Lithuania",2014,6,82.1831494304105,3,91.2996918410708,3,93.269013426829,33,36.2788214705687,6,77.9367300400294,23,64.2814845452384
"LT","LTU","Lithuania",2015,6,82.3173616877937,2,89.706309670452,3,92.4092470781461,33,38.0297360149498,6,77.971204230758,20,64.2771092823533
"LT","LTU","Lithuania",2016,6,81.3986306201335,2,90.3399222133324,5,87.211609805109,34,37.2975987583347,6,77.7340071560436,20,67.8144313210305
"LT","LTU","Lithuania",2017,6,78.2382193630829,2,89.8562113861063,5,86.7675247826223,34,39.5558434133342,6,77.561485768,20,67.5947059581448
"LT","LTU","Lithuania",2018,6,80.8862329014097,2,90.3651546255837,5,88.0292704698151,33,43.3842667720831,6,76.0867962755422,19,67.4732022715188
"LT","LTU","Lithuania",2019,5,83.540360477549,3,92.0220259898674,4,84.3814261149144,32,42.6457638971384,6,75.8272312318157,25,73.6988466651213
"LT","LTU","Lithuania",2020,8,79.5700839920118,3,91.1544816387795,9,74.0221875923222,32,43.14077026495,7,75.6872192876444,24,73.9688975956359
"LT","LTU","Lithuania",2021,8,79.2149309147692,4,89.89731483661,10,74.5622867899995,31,43.5851930862578,7,75.6053145198422,24,73.9582857041409
"LT","LTU","Lithuania",2022,9,78.0854669830017,4,90.4157762867452,9,74.0464485932079,31,42.5057256175266,7,75.6295410189626,24,73.9769242071857
