"ISO_2","ISO_3","Country","Year","Final Rank","Final Score","Corporate Rank","Corporate Score","Income Rank","Income Score","Consumption Rank","Consumption Score","Property Rank","Property Score","Cross-Border Rank","Cross-Border Score"
"LT","LTU","Lithuania",2022,9,78.0408010681941,3,84.8543016231415,9,86.8774079598962,30,42.6022640521151,8,75.7815696976744,23,72.5656380392281
"LT","LTU","Lithuania",2023,8,77.4595519726473,3,84.2799943079926,11,86.2502870979816,30,42.6022640521151,8,75.6789358698379,22,71.5852976129802
