"ISO_2","ISO_3","Country","Year","Final Rank","Final Score","Corporate Rank","Corporate Score","Income Rank","Income Score","Consumption Rank","Consumption Score","Property Rank","Property Score","Cross-Border Rank","Cross-Border Score"
"LT","LTU","Lithuania",2014,7,79.8103105227747,3,87.4451622295004,5,93.7915896774522,33,36.2788214705687,6,77.9367300400294,23,64.2814845452384
"LT","LTU","Lithuania",2015,7,79.4535738117716,2,85.9985553144146,5,93.7366533070453,33,38.0297360149498,6,77.971204230758,20,64.2771092823533
"LT","LTU","Lithuania",2016,7,79.2006269320368,2,86.816809927291,6,91.3859305365712,34,37.2975987583347,6,77.7340071560436,20,67.8144313210305
"LT","LTU","Lithuania",2017,7,76.614444259358,2,84.0305676273316,7,91.1553052293262,34,39.5558434133342,6,77.561485768,20,67.5947059581448
"LT","LTU","Lithuania",2018,7,77.9053585957365,3,83.9118063420177,7,90.1677164917228,33,43.3842667720831,6,76.0867962755422,19,67.4732022715188
"LT","LTU","Lithuania",2019,7,80.2283059941059,3,85.3608681692808,7,87.3499225684818,32,42.6457638971384,6,75.8272312318157,25,73.6988466651213
"LT","LTU","Lithuania",2020,8,77.5205485066076,3,84.9700712695451,11,77.8480401158765,32,43.14077026495,7,75.6872192876444,24,73.9688975956359
"LT","LTU","Lithuania",2021,8,77.3207849774959,3,85.0228214281877,11,81.379979763658,31,43.5851930862578,7,75.6053145198422,24,73.9582857041409
"LT","LTU","Lithuania",2022,8,76.8234186051963,3,85.2628610917573,11,81.6941275463724,31,42.5057256240067,7,75.4127397790736,24,73.7897063457437
