"ISO_2","ISO_3","Country","Year","Final Rank","Final Score","Corporate Rank","Corporate Score","Income Rank","Income Score","Consumption Rank","Consumption Score","Property Rank","Property Score","International Rank","International Score"
"LT","LTU","Lithuania",2014,6,76.13354921886,3,88.2185290812001,6,86.4028735889164,30,48.8747861279787,6,78.0164002137011,22,63.6246296895527
"LT","LTU","Lithuania",2015,6,75.4303559254768,2,85.2133957355714,7,85.4457142234379,31,48.9990597718697,6,78.0551445586767,20,63.9188249121786
"LT","LTU","Lithuania",2016,6,75.583074464732,2,87.2877333928238,7,85.1598946275082,28,50.477939327058,6,77.8338121225467,20,68.0265195264563
"LT","LTU","Lithuania",2017,6,73.6688792355961,2,84.1136372128043,7,84.4172208480799,28,47.9168971359881,6,77.6627340942911,20,67.7412490894649
"LT","LTU","Lithuania",2018,6,72.5805196034879,3,84.3909741558649,7,83.555351316551,29,49.964158548219,6,76.2281044913118,20,67.4750561278472
"LT","LTU","Lithuania",2019,6,76.8586200228961,3,84.7755530374704,5,89.8796396177773,27,49.9867936892648,6,75.7791724234709,23,72.9023652500376
"LT","LTU","Lithuania",2020,6,75.9992413957381,3,83.7482782595477,8,82.542145951936,25,61.750347893055,7,75.6401335249138,22,73.2685493784248
"LT","LTU","Lithuania",2021,6,76.4550303307577,4,83.4293529839313,7,80.9837325200097,24,62.7166828422851,7,75.5426063383766,23,72.7741241383374
