"ISO_2","ISO_3","Country","Year","Final Rank","Final Score","Corporate Rank","Corporate Score","Income Rank","Income Score","Consumption Rank","Consumption Score","Property Rank","Property Score","International Rank","International Score"
"LT","LTU","Lithuania",2014,6,76.1597103117542,3,88.2185290812001,6,86.4028735889164,30,48.8747861279787,6,78.0164002137011,23,63.887763585471
"LT","LTU","Lithuania",2015,6,75.4626304859247,2,85.2133957355714,7,85.4457142234379,31,48.9990597718697,6,78.0551445586767,21,64.1914482733623
"LT","LTU","Lithuania",2016,6,75.6159475604781,2,87.2877333928238,7,85.1598946275082,28,50.477939327058,6,77.8338121225467,21,68.2502616164646
"LT","LTU","Lithuania",2017,6,73.6721925921915,2,84.1136372128043,7,84.4172208480799,28,47.9168971359881,6,77.6627340942911,21,67.9762745422977
"LT","LTU","Lithuania",2018,6,72.5854018465289,3,84.3909741558649,7,83.555351316551,29,49.964158548219,6,76.2281044913118,21,67.7891980341706
"LT","LTU","Lithuania",2019,6,76.8628864974472,3,84.7755530374704,5,89.8796396177773,27,49.9867936892648,6,75.7791724234709,24,73.2100214882038
"LT","LTU","Lithuania",2020,6,76.0028270434876,3,83.7482782595477,8,82.542145951936,25,61.750347893055,7,75.6401335249138,23,73.5862162971304
"LT","LTU","Lithuania",2021,6,76.4511973482941,4,83.4293529839313,7,80.9837325200097,24,62.7166828422851,7,75.5426063383766,23,72.420920636681
