"ISO_2","ISO_3","Country","Year","Final Rank","Final Score","Corporate Rank","Corporate Score","Income Rank","Income Score","Consumption Rank","Consumption Score","Property Rank","Property Score","Cross-Border Rank","Cross-Border Score"
"LT","LTU","Lithuania",2014,6,76.1660163479914,3,88.2185290812001,6,86.4028735889164,30,48.8747861279787,6,78.0164002137011,23,63.3279271330004
"LT","LTU","Lithuania",2015,6,75.4681653285623,2,85.2133957355714,7,85.4457142234379,31,48.9990597718697,6,78.0551445586767,21,63.2226950359933
"LT","LTU","Lithuania",2016,6,75.6215086389801,2,87.2877333928238,7,85.1598946275082,28,50.477939327058,6,77.8338121225467,21,67.1192819091629
"LT","LTU","Lithuania",2017,6,73.6788165194911,2,84.1136372128043,7,84.4172208480799,28,47.9168971359881,6,77.6627340942911,21,66.8479948692729
"LT","LTU","Lithuania",2018,6,72.5941197397787,3,84.3909741558649,7,83.555351316551,29,49.964158548219,6,76.2281044913118,21,66.6027163315896
"LT","LTU","Lithuania",2019,6,76.8637014532775,3,84.7755530374704,5,89.8796396177773,27,49.9867936892648,6,75.7791724234709,24,72.1172674386059
"LT","LTU","Lithuania",2020,6,76.0028929059734,3,83.7482782595477,8,82.542145951936,25,61.750347893055,7,75.6401335249138,23,72.4997262140501
"LT","LTU","Lithuania",2021,5,76.4914573161814,4,83.4126966698861,7,81.0191936034923,24,62.7166828504816,7,75.5426063396312,23,72.4769974553484
