"ISO_2","ISO_3","Country","Year","Final Rank","Final Score","Corporate Rank","Corporate Score","Income Rank","Income Score","Consumption Rank","Consumption Score","Property Rank","Property Score","Cross-Border Rank","Cross-Border Score"
"LT","LTU","Lithuania",2022,8,78.5046402139934,3,84.8543016231415,8,84.0096008601917,30,42.9202322606409,8,75.7815696976744,23,72.5656380392281
"LT","LTU","Lithuania",2023,8,77.8269203689964,3,84.2799943079926,9,85.7950630335811,30,45.7684946487271,8,75.6789358698379,22,71.5852976129802
