"ISO_2","ISO_3","Country","Year","Final Rank","Final Score","Corporate Rank","Corporate Score","Income Rank","Income Score","Consumption Rank","Consumption Score","Property Rank","Property Score","Cross-Border Rank","Cross-Border Score"
"LU","LUX","Luxembourg",2014,2,88.1590490514923,25,59.3177884615685,12,74.9435326758492,1,100,15,67.8422996221568,3,84.732759164268
"LU","LUX","Luxembourg",2015,2,87.2800252356691,23,58.7008422937816,11,71.9742431532406,1,100,14,67.9033785485128,3,86.4182950321904
"LU","LUX","Luxembourg",2016,2,87.2902522983342,21,57.2869951859786,11,70.7200332731872,1,100,15,68.2289157644884,3,87.5205551250015
"LU","LUX","Luxembourg",2017,3,85.4797667566267,15,68.3181389061366,11,70.4176246469853,6,95.2236268878622,14,68.0002064814567,2,88.8631252551278
"LU","LUX","Luxembourg",2018,4,84.2633536302707,19,60.4659146149002,12,67.2351238926827,6,92.4551828577279,13,65.7537878523171,2,89.3298910031621
"LU","LUX","Luxembourg",2019,5,85.8899483281542,19,67.4302600073341,12,66.5051888068511,6,87.7256680893851,13,65.0054549660214,6,93.2643826383747
"LU","LUX","Luxembourg",2020,4,86.0040362412161,19,63.8545000150359,12,66.8384420140687,5,90.3665763700013,13,65.290912121502,6,93.9270210623448
"LU","LUX","Luxembourg",2021,5,85.3249192424347,18,60.4543701769069,12,67.5097381685012,6,89.2119906105414,13,65.1657267593054,5,93.917742948571
