"ISO_2","ISO_3","Country","Year","Final Rank","Final Score","Corporate Rank","Corporate Score","Income Rank","Income Score","Consumption Rank","Consumption Score","Property Rank","Property Score","Cross-Border Rank","Cross-Border Score"
"LU","LUX","Luxembourg",2014,3,86.7373096857818,24,63.5676870421837,18,71.2672854302374,1,100,16,67.6381526204528,3,85.4118519619568
"LU","LUX","Luxembourg",2015,3,86.1942956638553,22,63.126645229336,16,71.4113408456555,1,100,15,67.6946264663831,3,87.0482586662329
"LU","LUX","Luxembourg",2016,3,85.7128519163434,22,64.3795375245045,16,70.8360122642173,2,93.8931394023312,15,68.0161934286587,3,88.0223796174812
"LU","LUX","Luxembourg",2017,6,80.7312117941474,24,65.6433356377719,17,70.6704237271852,8,82.0767468859523,14,67.7908959443507,2,89.3157770292784
"LU","LUX","Luxembourg",2018,5,82.6503922365646,22,68.5846709869669,16,68.5504406768304,8,83.1022591776917,14,65.4908740194217,2,89.7732533117586
"LU","LUX","Luxembourg",2019,6,83.4329586126429,25,67.2893096331804,16,68.1920249066849,7,81.6150724691082,14,65.0201191669701,5,94.5039701351366
"LU","LUX","Luxembourg",2020,6,83.454383696988,23,64.2873257606078,15,68.4924897224791,7,82.651607740228,14,65.3185452460344,5,95.0429729970974
"LU","LUX","Luxembourg",2021,6,83.2979124377343,25,61.2337529145161,14,71.4389680900291,6,83.2353939592704,14,65.2429408953753,5,95.0366928219174
"LU","LUX","Luxembourg",2022,6,83.1140016180723,25,59.7943223416902,14,70.4930340017995,6,81.0258617212467,14,65.2286907780437,5,95.0619272172832
