"ISO_2","ISO_3","Country","Year","Final Rank","Final Score","Corporate Rank","Corporate Score","Income Rank","Income Score","Consumption Rank","Consumption Score","Property Rank","Property Score","Cross-Border Rank","Cross-Border Score"
"LU","LUX","Luxembourg",2014,2,85.6006998251151,26,62.6422637014989,22,64.2559597353564,1,100,16,67.6381526204528,3,85.4118519619568
"LU","LUX","Luxembourg",2015,5,85.039099201528,23,61.833216433599,19,61.1347504812134,1,100,15,67.6946264663831,3,87.0482586662329
"LU","LUX","Luxembourg",2016,4,84.4856751674124,23,61.1059592874264,20,62.7992338814631,2,93.8931394023312,15,68.0161934286587,3,88.0223796174812
"LU","LUX","Luxembourg",2017,5,78.9457200098811,25,64.5375968241424,20,60.9796024416815,8,82.0767468859523,14,67.7908959443507,2,89.3157770292784
"LU","LUX","Luxembourg",2018,5,81.5022980198226,20,66.8532454741122,20,62.0630019143739,8,83.1022591776917,14,65.4908740194217,2,89.7732533117586
"LU","LUX","Luxembourg",2019,6,82.1674975610003,24,65.6015765540563,21,59.9839317121201,7,81.6150724691082,14,65.0201191669701,5,94.5039701351366
"LU","LUX","Luxembourg",2020,6,81.9745150927719,23,62.5761868115454,20,60.6950064697061,7,82.651607740228,14,65.3185452460344,5,95.0429729970974
"LU","LUX","Luxembourg",2021,6,81.9282681902928,24,59.9796334310779,21,63.5831869608077,6,83.2353939592704,14,65.2429408953753,5,95.0366928219174
"LU","LUX","Luxembourg",2022,5,80.8475628915873,24,60.6906544137671,21,62.3999943080797,6,81.0258617212467,14,65.2286907780437,5,95.0619272172832
