"ISO_2","ISO_3","Country","Year","Final Rank","Final Score","Corporate Rank","Corporate Score","Income Rank","Income Score","Consumption Rank","Consumption Score","Property Rank","Property Score","Cross-Border Rank","Cross-Border Score"
"LU","LUX","Luxembourg",2022,5,83.59382289662,24,58.4808067746082,11,86.4101293566133,9,77.4503673723428,14,65.3468363117041,5,93.7642806254303
"LU","LUX","Luxembourg",2023,5,84.389095175866,22,58.0465904012879,9,90.4002834896339,9,77.4503673723428,14,65.4142569070373,5,92.3463787794842
