"ISO_2","ISO_3","Country","Year","Final Rank","Final Score","Corporate Rank","Corporate Score","Income Rank","Income Score","Consumption Rank","Consumption Score","Property Rank","Property Score","Cross-Border Rank","Cross-Border Score"
"LU","LUX","Luxembourg",2022,6,81.7638125911239,24,58.4808067746082,15,74.8346960452623,9,77.4503673723428,14,65.3468363117041,5,93.7642806254303
"LU","LUX","Luxembourg",2023,6,81.2727086280598,23,58.0465904012879,15,76.4988553967501,9,77.4503673723428,14,65.4142569070373,5,92.3463787794842
