"ISO_2","ISO_3","Country","Year","Final Rank","Final Score","Corporate Rank","Corporate Score","Income Rank","Income Score","Consumption Rank","Consumption Score","Property Rank","Property Score","Cross-Border Rank","Cross-Border Score"
"LU","LUX","Luxembourg",2014,3,84.5270265488861,29,57.2161577068582,18,71.2672854302374,1,100,16,67.6381526204528,3,85.4118519619568
"LU","LUX","Luxembourg",2015,3,83.9892478941375,28,56.573871182573,16,71.4113408456555,1,100,15,67.6946264663831,3,87.0482586662329
"LU","LUX","Luxembourg",2016,4,83.5344654107463,28,57.1944024885141,16,70.8360122642173,2,93.8931394023312,15,68.0161934286587,3,88.0223796174812
"LU","LUX","Luxembourg",2017,6,79.0686466154782,21,60.999580569364,17,70.6704237271852,8,82.0767468859523,14,67.7908959443507,2,89.3157770292784
"LU","LUX","Luxembourg",2018,5,80.6244693949234,23,62.341040276931,16,68.5504406768304,8,83.1022591776917,14,65.4908740194217,2,89.7732533117586
"LU","LUX","Luxembourg",2019,6,81.2574661158329,25,61.110140878346,16,68.1920249066849,7,81.6150724691082,14,65.0201191669701,5,94.5039701351366
"LU","LUX","Luxembourg",2020,6,81.1118998150094,22,57.8828108701006,15,68.4313899515371,7,82.651607740228,14,65.3185452460344,5,95.0429729970974
"LU","LUX","Luxembourg",2021,6,80.8812803485435,25,56.3317158534946,14,71.4389680810932,6,83.2353939592704,14,65.2429408953753,5,95.0366928219174
"LU","LUX","Luxembourg",2022,6,80.6507093757217,26,56.7105471956703,14,71.7529293278168,6,80.9115270387726,14,65.2286907754551,5,95.0264012312934
