"ISO_2","ISO_3","Country","Year","Final Rank","Final Score","Corporate Rank","Corporate Score","Income Rank","Income Score","Consumption Rank","Consumption Score","Property Rank","Property Score","Cross-Border Rank","Cross-Border Score"
"LU","LUX","Luxembourg",2014,3,86.7448145605287,24,63.5784528167427,18,71.2672854302374,1,100,16,67.6381526204528,3,85.4118519619568
"LU","LUX","Luxembourg",2015,3,86.1890797687788,22,63.119660373807,16,71.4113408456555,1,100,15,67.6946264663831,3,87.0482586662329
"LU","LUX","Luxembourg",2016,3,85.7128519163434,22,64.3795375245045,16,70.8360122642173,2,93.8931394023312,15,68.0161934286587,3,88.0223796174812
"LU","LUX","Luxembourg",2017,6,80.7313152046577,24,65.6430952248879,17,70.6704237271852,8,82.0767468859523,14,67.7908959443507,2,89.3157770292784
"LU","LUX","Luxembourg",2018,5,82.6520626133182,22,68.5874653338598,16,68.5504406768304,8,83.1022591776917,14,65.4908740194217,2,89.7732533117586
"LU","LUX","Luxembourg",2019,6,83.4377624196119,25,67.2908594055693,16,68.1920249066849,7,81.6150724691082,14,65.0201191669701,5,94.5039701351366
"LU","LUX","Luxembourg",2020,6,83.3209065350408,22,64.1851342008635,15,68.4313899515371,7,82.651607740228,14,65.3185452460344,5,95.0429729970974
"LU","LUX","Luxembourg",2021,6,83.146727205723,25,62.5943796219792,14,71.4389680810932,6,83.2353939592704,14,65.2429408953753,5,95.0366928219174
"LU","LUX","Luxembourg",2022,6,82.9279391663946,24,65.3128214095988,14,71.7529293147164,6,81.0258617212467,14,65.2286907780437,5,95.0619272172832
