"ISO_2","ISO_3","Country","Year","Final Rank","Final Score","Corporate Rank","Corporate Score","Income Rank","Income Score","Consumption Rank","Consumption Score","Property Rank","Property Score","Cross-Border Rank","Cross-Border Score"
"MX","MEX","Mexico",2014,29,65.2198155093779,25,63.0297632862868,17,65.7016009318174,13,64.1149488357379,10,72.1755119126151,38,32.4513088364083
"MX","MEX","Mexico",2015,32,60.1022229502689,22,61.9002865326879,32,43.4160535918958,15,66.2275172172345,9,72.2049608596018,38,32.8803059872486
"MX","MEX","Mexico",2016,27,64.8915481468088,24,61.0907470765408,18,63.5355171564738,13,65.0309871514385,9,72.3734750051673,37,38.1357861573325
"MX","MEX","Mexico",2017,27,62.8205700601953,23,64.6664017661901,18,61.8828142595934,14,64.0636445666394,9,72.2079106353323,36,37.7541311528789
"MX","MEX","Mexico",2018,27,63.587470292545,27,60.4119539076551,18,63.7086362884966,13,66.015416649817,8,70.2896698567917,37,39.1778175173095
"MX","MEX","Mexico",2019,29,65.6603735901574,28,60.1645218122665,19,60.7638344164318,13,64.3001559049594,8,69.861485363475,36,45.8158026118654
"MX","MEX","Mexico",2020,30,63.4334298702513,30,57.0248041006724,18,61.9907528444588,12,65.8222015241968,9,70.1341234481241,37,38.3010341421718
"MX","MEX","Mexico",2021,27,64.558025987428,28,53.7913190113848,13,71.7668448462868,12,65.406061966138,9,70.0143525403749,37,38.2605436418625
"MX","MEX","Mexico",2022,29,62.3742668913494,27,55.2982514221473,19,63.2533711117253,12,66.874973776275,9,70.1178651778926,37,38.2487255456683
