"ISO_2","ISO_3","Country","Year","Final Rank","Final Score","Corporate Rank","Corporate Score","Income Rank","Income Score","Consumption Rank","Consumption Score","Property Rank","Property Score","Cross-Border Rank","Cross-Border Score"
"MX","MEX","Mexico",2022,27,63.1789651182685,28,53.6562642256573,28,62.0178530561723,12,66.5527941698994,3,81.3756515027927,38,35.4978191050766
"MX","MEX","Mexico",2023,26,62.3371753947487,27,53.509747143296,28,61.5563107718003,12,66.5527941698994,3,81.4189598343321,37,37.0950766443159
