"ISO_2","ISO_3","Country","Year","Final Rank","Final Score","Corporate Rank","Corporate Score","Income Rank","Income Score","Consumption Rank","Consumption Score","Property Rank","Property Score","International Rank","International Score"
"MX","MEX","Mexico",2014,28,56.6720788768433,31,53.1919721133377,9,83.1617351051853,29,48.9236347838388,10,72.3488679497391,36,33.4493448618729
"MX","MEX","Mexico",2015,31,53.425057294156,32,48.6961492414325,18,66.9333109034239,27,52.5306161758315,9,72.3827740655374,36,34.6697982417206
"MX","MEX","Mexico",2016,31,53.3044096374562,32,52.2103149669364,16,68.2770492773482,25,53.8970044237798,9,72.5608778392455,36,40.7365864545683
"MX","MEX","Mexico",2017,29,53.8092328790596,29,55.6904277680631,16,68.0495074879308,26,49.4178810640379,9,72.3985538348406,35,40.2816278742371
"MX","MEX","Mexico",2018,29,51.4631136806163,30,53.9684846101265,16,69.6808704494349,27,50.5135724223695,8,70.5337024563119,36,41.7144477906316
"MX","MEX","Mexico",2019,32,53.52952432759,31,51.1070145238879,17,68.0234675152654,29,49.4217128473427,8,69.8681743598525,35,48.1863831380887
"MX","MEX","Mexico",2020,32,52.8623505666461,32,49.1392406093823,16,69.1222093070447,26,61.2901840148003,9,70.1302351122529,36,40.6089706400799
"MX","MEX","Mexico",2021,33,52.14766615832,31,47.4295902036133,16,66.4874689222907,26,61.2651747631735,9,70.041172150243,36,36.9903702135328
