"ISO_2","ISO_3","Country","Year","Final Rank","Final Score","Corporate Rank","Corporate Score","Income Rank","Income Score","Consumption Rank","Consumption Score","Property Rank","Property Score","Cross-Border Rank","Cross-Border Score"
"MX","MEX","Mexico",2014,30,63.2745736066036,31,55.2948701977112,21,69.7157197084047,13,64.1149488357379,10,72.1755119126151,38,32.4513088364083
"MX","MEX","Mexico",2015,33,58.7958515003188,31,53.6299705865477,34,52.3311303253947,15,66.2275172172345,9,72.2049608596018,38,32.8803059872486
"MX","MEX","Mexico",2016,32,60.5923622882406,23,59.1016717669799,33,53.5642374304933,13,65.0309871514385,9,72.3734750051673,37,38.1357861573325
"MX","MEX","Mexico",2017,29,59.4006525699711,23,59.8747408133211,32,55.8879691822442,14,64.0636445666394,9,72.2079106353323,36,37.7541311528789
"MX","MEX","Mexico",2018,30,59.88484718357,29,57.1778350017269,31,56.1512087104717,13,66.015416649817,8,70.2896698567917,37,39.1778175173095
"MX","MEX","Mexico",2019,32,61.479847232958,29,57.0624200019591,33,53.7905262848497,13,64.3001559049594,8,69.861485363475,36,45.8158026118654
"MX","MEX","Mexico",2020,33,59.2061587581717,28,53.0446132897109,31,55.4085966792868,12,65.8222015241968,9,70.1341234481241,37,38.3010341421718
"MX","MEX","Mexico",2021,29,59.6407771542408,29,50.8218475257795,20,65.3607252281263,12,65.406061966138,9,70.0143525403749,37,38.2605436418625
"MX","MEX","Mexico",2022,30,60.1453083225867,28,53.1000297603655,29,57.7747220964608,12,66.8391356654955,9,70.117865175205,37,37.8044682397024
