"ISO_2","ISO_3","Country","Year","Final Rank","Final Score","Corporate Rank","Corporate Score","Income Rank","Income Score","Consumption Rank","Consumption Score","Property Rank","Property Score","Cross-Border Rank","Cross-Border Score"
"MX","MEX","Mexico",2022,28,62.3548490312464,28,53.6562642256573,30,68.82978249678,12,66.5527941698994,3,81.3756515027927,38,35.4978191050766
"MX","MEX","Mexico",2023,27,61.6523680097916,27,53.509747143296,27,62.7883114841146,12,66.5527941698994,3,81.4189598343321,37,37.0950766443159
