"ISO_2","ISO_3","Country","Year","Final Rank","Final Score","Corporate Rank","Corporate Score","Income Rank","Income Score","Consumption Rank","Consumption Score","Property Rank","Property Score","Cross-Border Rank","Cross-Border Score"
"MX","MEX","Mexico",2022,27,63.099153136705,28,53.6562642256573,28,62.0178530561723,12,66.6652628426035,3,81.3756515027927,38,35.4978191050766
"MX","MEX","Mexico",2023,26,61.3978140329873,27,53.509747143296,28,61.5563107718003,12,67.5927490236762,3,81.4189598343321,37,37.0950766443159
