"ISO_2","ISO_3","Country","Year","Final Rank","Final Score","Corporate Rank","Corporate Score","Income Rank","Income Score","Consumption Rank","Consumption Score","Property Rank","Property Score","Cross-Border Rank","Cross-Border Score"
"MX","MEX","Mexico",2014,30,64.0097807461369,31,57.5279349359406,21,69.7157197084047,13,64.1149488357379,10,72.1755119126151,38,32.4513088364083
"MX","MEX","Mexico",2015,34,59.4438188319914,31,56.2393095815071,34,52.3311303253947,15,66.2275172172345,9,72.2049608596018,38,32.8803059872486
"MX","MEX","Mexico",2016,32,61.3195709134043,24,63.0965200639976,33,53.5642374304933,13,65.0309871514385,9,72.3734750051673,37,38.1357861573325
"MX","MEX","Mexico",2017,30,60.4583174494014,25,64.3728639127653,32,55.8879691822442,14,64.0636445666394,9,72.2079106353323,36,37.7541311528789
"MX","MEX","Mexico",2018,31,60.6129864181426,29,59.8036314179489,31,56.1512087104717,13,66.015416649817,8,70.2896698567917,37,39.1778175173095
"MX","MEX","Mexico",2019,33,62.2968680945092,29,59.6944214599495,33,53.7905262848497,13,64.3001559049594,8,69.861485363475,36,45.8158026118654
"MX","MEX","Mexico",2020,34,60.1977374629165,29,56.2379343850776,31,55.4332744545449,12,65.8222015241968,9,70.1341234481241,37,38.3010341421718
"MX","MEX","Mexico",2021,30,60.7326110395302,30,52.5468808379928,20,65.3607252333907,12,65.406061966138,9,70.0143525403749,37,38.2605436418625
"MX","MEX","Mexico",2022,32,59.541446752553,29,52.7564111493816,29,56.7173008863314,12,66.874973776275,9,70.1178651778926,37,38.2487255456683
