"ISO_2","ISO_3","Country","Year","Final Rank","Final Score","Corporate Rank","Corporate Score","Income Rank","Income Score","Consumption Rank","Consumption Score","Property Rank","Property Score","Cross-Border Rank","Cross-Border Score"
"NL","NLD","Netherlands",2022,14,73.2010607987063,26,58.0898608229274,18,68.2025022744778,16,58.4026184293431,21,59.5383162842383,4,96.7848239589671
"NL","NLD","Netherlands",2023,14,71.991262596294,25,57.6390114698917,19,70.3868947509846,16,59.7137831660385,21,59.6182229714256,4,94.9281544879754
