"ISO_2","ISO_3","Country","Year","Final Rank","Final Score","Corporate Rank","Corporate Score","Income Rank","Income Score","Consumption Rank","Consumption Score","Property Rank","Property Score","Cross-Border Rank","Cross-Border Score"
"NL","NLD","Netherlands",2014,11,78.0642697324178,15,70.3911711084445,33,59.6625218983101,17,59.7475874684335,20,64.3541965636267,1,100
"NL","NLD","Netherlands",2015,11,76.3137015960472,19,67.0582312509243,32,57.9233079443941,18,60.0610440395067,20,63.8431128357493,1,100
"NL","NLD","Netherlands",2016,11,77.6026517494718,19,68.3953790769351,21,65.691631945296,18,56.2590695545211,21,63.0927188936433,1,100
"NL","NLD","Netherlands",2017,9,76.0812484814081,21,68.3445210904669,21,65.7291720312378,18,58.84749948038,21,63.0290805748822,1,100
"NL","NLD","Netherlands",2018,11,77.0099993353258,24,66.2072887203025,23,64.5143654764068,17,62.1068547057364,22,60.3654127907448,1,100
"NL","NLD","Netherlands",2019,13,76.4949144699133,24,67.3846121084761,21,63.7160227331209,17,61.1763833742228,22,59.7322621525237,2,99.5434198002422
"NL","NLD","Netherlands",2020,14,74.0824818959796,24,64.1678791166522,21,62.0504783155056,18,57.1501450821767,22,59.8503494019355,2,99.3841666286334
"NL","NLD","Netherlands",2021,14,74.1070117680784,24,61.445761126193,24,64.32291363221,18,59.2858534341052,22,59.8929949105258,2,99.379241406775
"NL","NLD","Netherlands",2022,14,73.4802135103825,24,59.913554761004,22,62.905731596378,16,58.6373568923533,22,59.5034584837334,4,98.0662783223491
