"ISO_2","ISO_3","Country","Year","Final Rank","Final Score","Corporate Rank","Corporate Score","Income Rank","Income Score","Consumption Rank","Consumption Score","Property Rank","Property Score","International Rank","International Score"
"NL","NLD","Netherlands",2014,7,75.0441196991277,18,61.9755286113487,23,62.5557834354313,11,69.3616077653545,19,64.6048255968336,1,100
"NL","NLD","Netherlands",2015,8,73.1602182979135,23,55.4756790376116,25,59.9044248798238,11,69.3760720290286,19,64.1094148500078,1,100
"NL","NLD","Netherlands",2016,7,73.253227838784,22,58.8618938893654,22,62.9001127419064,12,69.8211826023831,20,63.3800114718505,1,100
"NL","NLD","Netherlands",2017,8,72.1955349613642,24,58.1226453161056,23,61.7662216117692,12,68.5326649575144,20,63.3131746775465,1,100
"NL","NLD","Netherlands",2018,8,71.2910562053476,22,59.14359478106,22,62.2191015075117,11,70.0014490232623,21,60.7228767068216,1,100
"NL","NLD","Netherlands",2019,10,70.2714956167663,24,57.1014534963038,22,62.2517588147241,10,69.624750497244,21,59.7880693374409,2,98.6728819542091
"NL","NLD","Netherlands",2020,12,68.9500152382191,24,54.6464660837659,23,61.0587654634886,15,72.5961002021351,21,59.9083746465211,3,98.5784541013566
"NL","NLD","Netherlands",2021,12,69.1846375377435,24,53.2376045275615,22,57.0772619935301,14,73.4392870147346,21,60.0782673147343,3,98.5354895499903
