"ISO_2","ISO_3","Country","Year","Final Rank","Final Score","Corporate Rank","Corporate Score","Income Rank","Income Score","Consumption Rank","Consumption Score","Property Rank","Property Score","Cross-Border Rank","Cross-Border Score"
"NL","NLD","Netherlands",2014,11,78.0646105786565,15,70.3856806566799,33,59.6625218983101,17,59.7475874684335,20,64.3541965636267,1,100
"NL","NLD","Netherlands",2015,11,76.3131312402705,19,67.0622029030995,32,57.9233079443941,18,60.0610440395067,20,63.8431128357493,1,100
"NL","NLD","Netherlands",2016,11,77.6026517494718,19,68.3953790769351,21,65.691631945296,18,56.2590695545211,21,63.0927188936433,1,100
"NL","NLD","Netherlands",2017,9,76.0812116795272,21,68.3440209632842,21,65.7291720312378,18,58.84749948038,21,63.0290805748822,1,100
"NL","NLD","Netherlands",2018,11,77.0108006194414,24,66.2075208416089,23,64.5143654764068,17,62.1068547057364,22,60.3654127907448,1,100
"NL","NLD","Netherlands",2019,13,76.4979440228875,24,67.3866843962346,21,63.7160227331209,17,61.1763833742228,22,59.7322621525237,2,99.5434198002422
"NL","NLD","Netherlands",2020,14,73.9795761077351,23,64.0584708390446,21,61.9424767853764,18,57.1501450821767,22,59.8503494019355,2,99.3841666286334
"NL","NLD","Netherlands",2021,14,73.9863017717773,24,62.7970381188492,24,64.3229136183887,18,59.2858534341052,22,59.8929949105258,2,99.379241406775
"NL","NLD","Netherlands",2022,14,73.2666612055667,25,65.3115115621101,22,63.9564992506352,16,58.6373568923533,22,59.5034584837334,4,98.0662783223491
