"ISO_2","ISO_3","Country","Year","Final Rank","Final Score","Corporate Rank","Corporate Score","Income Rank","Income Score","Consumption Rank","Consumption Score","Property Rank","Property Score","Cross-Border Rank","Cross-Border Score"
"NL","NLD","Netherlands",2022,14,72.6139161227325,26,58.0898608229274,20,73.9052423332343,16,58.0856343425301,21,59.5383162842383,4,96.7848239589671
"NL","NLD","Netherlands",2023,14,72.1808951842948,24,57.6390114698917,19,71.3359027024344,16,58.0856343425301,21,59.6182229714256,4,94.9281544879754
