"ISO_2","ISO_3","Country","Year","Final Rank","Final Score","Corporate Rank","Corporate Score","Income Rank","Income Score","Consumption Rank","Consumption Score","Property Rank","Property Score","Cross-Border Rank","Cross-Border Score"
"NZ","NZL","New Zealand",2014,2,88.4543688676761,30,60.820648669808,6,92.372697752073,5,92.2091355149912,2,88.0312212772057,28,59.4844898130282
"NZ","NZL","New Zealand",2015,2,88.1614410208326,28,60.110352761577,6,92.1035174916045,5,96.0642661651669,2,87.7420214738242,26,59.7876116296898
"NZ","NZL","New Zealand",2016,2,87.0403519767077,30,61.4739544610346,7,91.3611318009016,6,88.4801254809509,2,87.6592774230761,26,62.8350473301461
"NZ","NZL","New Zealand",2017,2,87.6452748717431,28,62.3101236871852,6,91.9813885511934,1,100,2,87.8766380391881,25,62.9253748620807
"NZ","NZL","New Zealand",2018,2,88.5328540668246,30,59.6192445815806,6,91.7497095343968,1,100,2,87.366880836638,25,62.5867454091592
"NZ","NZL","New Zealand",2019,2,93.6894850326419,28,60.5714338449171,5,91.5379252174594,2,99.8356762231001,2,87.3783794743763,24,74.5379991031827
"NZ","NZL","New Zealand",2020,2,92.4288596679789,32,53.3305992188117,5,91.4982442675142,1,100,2,87.277417625441,23,74.8794073504718
"NZ","NZL","New Zealand",2021,2,90.4716133365833,34,50.5096358140558,5,91.1785891853827,2,98.1226372889174,2,87.2726441928246,23,74.9249015255677
"NZ","NZL","New Zealand",2022,2,91.1531298395323,33,55.2506836790324,7,88.3230789295755,1,100,2,86.8507683840601,23,74.9291794617297
