"ISO_2","ISO_3","Country","Year","Final Rank","Final Score","Corporate Rank","Corporate Score","Income Rank","Income Score","Consumption Rank","Consumption Score","Property Rank","Property Score","International Rank","International Score"
"NZ","NZL","New Zealand",2014,2,80.2258194792288,25,59.9880033869269,5,87.7675627468337,6,81.9084106425559,2,88.2006307150962,27,58.9927585270484
"NZ","NZL","New Zealand",2015,2,79.7141360895153,22,55.6553591825054,5,87.494627807673,6,81.8569276080222,2,87.9251821477488,25,59.6584038053686
"NZ","NZL","New Zealand",2016,4,78.8340079677893,23,58.5326232485939,5,86.5008233203543,6,82.2637827752032,2,87.8461882453276,25,63.2540787874283
"NZ","NZL","New Zealand",2017,2,78.6839619172891,21,59.04993817091,5,86.6405917847481,6,83.7450060459515,2,88.0670335425074,24,63.2887319461829
"NZ","NZL","New Zealand",2018,3,77.9100394156689,21,59.6116315305915,6,86.7696907647205,6,83.9570307878716,2,87.5999257109323,25,62.8936693138102
"NZ","NZL","New Zealand",2019,2,83.5957528840773,23,57.5588260295553,6,87.2958706634707,6,88.6555687060373,2,87.5465880866522,23,74.1828029001489
"NZ","NZL","New Zealand",2020,3,83.1934875795968,27,52.4268491071482,5,87.7772026626217,6,91.8405535086163,2,87.4767147406587,22,74.6865193007319
"NZ","NZL","New Zealand",2021,3,81.3371803157375,28,49.7513845487074,6,83.0717430253341,6,90.4225149106578,2,87.4244071911697,22,73.5854314429194
