"ISO_2","ISO_3","Country","Year","Final Rank","Final Score","Corporate Rank","Corporate Score","Income Rank","Income Score","Consumption Rank","Consumption Score","Property Rank","Property Score","Cross-Border Rank","Cross-Border Score"
"NZ","NZL","New Zealand",2014,2,87.0953137100119,28,58.2529035421122,6,92.372697752073,5,92.2091355149912,2,88.0312212772057,28,59.4844898130282
"NZ","NZL","New Zealand",2015,2,86.7881173950367,26,57.1711572251559,6,92.1035174916045,5,96.0642661651669,2,87.7420214738242,26,59.7876116296898
"NZ","NZL","New Zealand",2016,2,85.6645605220264,27,57.5818361312041,7,91.3611318009016,6,88.4801254809509,2,87.6592774230761,26,62.8350473301461
"NZ","NZL","New Zealand",2017,2,85.776279015757,28,58.0475527770613,6,91.9813885511934,1,100,2,87.8766380391881,25,62.9253748620807
"NZ","NZL","New Zealand",2018,2,87.1234910589704,30,57.0028395274334,6,91.7497095343968,1,100,2,87.366880836638,25,62.5867454091592
"NZ","NZL","New Zealand",2019,2,92.0505629892923,28,57.8327648947463,5,91.5379252174594,2,99.8356762231001,2,87.3783794743763,24,74.5379991031827
"NZ","NZL","New Zealand",2020,2,90.8143970388117,31,51.1638579884109,5,91.4982442675142,1,100,2,87.277417625441,23,74.8794073504718
"NZ","NZL","New Zealand",2021,3,88.8736289421577,33,48.6383011606799,5,91.1785891853827,2,98.1226372889174,2,87.2726441928246,23,74.9249015255677
"NZ","NZL","New Zealand",2022,3,89.3431288617803,33,50.819699943758,7,88.3931837108427,1,100,2,86.8507683801714,21,75.4682425936253
