"ISO_2","ISO_3","Country","Year","Final Rank","Final Score","Corporate Rank","Corporate Score","Income Rank","Income Score","Consumption Rank","Consumption Score","Property Rank","Property Score","Cross-Border Rank","Cross-Border Score"
"NZ","NZL","New Zealand",2014,2,88.4480329714317,29,60.8188466560859,6,92.372697752073,5,92.2091355149912,2,88.0312212772057,28,59.4844898130282
"NZ","NZL","New Zealand",2015,2,88.1659869432789,28,60.1116816117213,6,92.1035174916045,5,96.0642661651669,2,87.7420214738242,26,59.7876116296898
"NZ","NZL","New Zealand",2016,2,87.0403519767077,30,61.4739544610346,7,91.3611318009016,6,88.4801254809509,2,87.6592774230761,26,62.8350473301461
"NZ","NZL","New Zealand",2017,2,87.6450577057086,28,62.3103447790677,6,91.9813885511934,1,100,2,87.8766380391881,25,62.9253748620807
"NZ","NZL","New Zealand",2018,2,88.5298312368186,30,59.6151334682391,6,91.7497095343968,1,100,2,87.366880836638,25,62.5867454091592
"NZ","NZL","New Zealand",2019,2,93.6761275761815,28,60.5550915584947,5,91.5379252174594,2,99.8356762231001,2,87.3783794743763,24,74.5379991031827
"NZ","NZL","New Zealand",2020,2,92.7230807505276,34,53.7156741439242,5,91.5591112615229,1,100,2,87.277417625441,23,74.8794073504718
"NZ","NZL","New Zealand",2021,2,90.7805399953494,34,49.7153630153948,5,91.1785891935489,2,98.1226372889174,2,87.2726441928246,23,74.9249015255677
"NZ","NZL","New Zealand",2022,2,91.482402877988,33,50.7938943725612,7,86.7731504185799,1,100,2,86.8507683840601,23,74.9291794617297
