"ISO_2","ISO_3","Country","Year","Final Rank","Final Score","Corporate Rank","Corporate Score","Income Rank","Income Score","Consumption Rank","Consumption Score","Property Rank","Property Score","Cross-Border Rank","Cross-Border Score"
"NZ","NZL","New Zealand",2014,3,87.4828342642539,21,61.0638821112061,7,84.8887312753081,6,88.5449757249155,2,88.2006307150962,27,58.3412678714016
"NZ","NZL","New Zealand",2015,3,87.1353285840633,19,59.983591976883,7,81.8895621826775,5,92.4426533673966,2,87.9251821477488,25,58.5425815942192
"NZ","NZL","New Zealand",2016,3,86.290226365112,19,58.0937936254362,8,80.5258091647587,5,90.3935923948387,2,87.8461882453276,25,61.9245471356067
"NZ","NZL","New Zealand",2017,2,86.0362500968498,22,61.8017809388713,8,81.1498945859708,1,100,2,88.0670335425074,24,61.9811653448884
"NZ","NZL","New Zealand",2018,2,87.1484505578877,23,58.0366149096287,8,80.7732006019342,2,99.2413159115753,2,87.5999257109323,25,61.5103212055932
"NZ","NZL","New Zealand",2019,2,92.5761219483864,25,63.8295094622623,6,80.4128834833457,2,98.8324746080774,2,87.5465880866522,23,73.0529013371021
"NZ","NZL","New Zealand",2020,2,90.8484060300688,29,54.2785718249735,6,81.0334326687034,1,100,2,87.4767147406587,22,73.5825156368779
"NZ","NZL","New Zealand",2021,3,88.2475222603294,30,48.6080325460251,7,77.9357901677211,2,96.9510456675941,2,87.424407184552,22,73.6587356281299
