"ISO_2","ISO_3","Country","Year","Final Rank","Final Score","Corporate Rank","Corporate Score","Income Rank","Income Score","Consumption Rank","Consumption Score","Property Rank","Property Score","International Rank","International Score"
"NZ","NZL","New Zealand",2014,2,80.2070886238458,25,59.9880033869269,5,87.7675627468337,6,81.9084106425559,2,88.2006307150962,26,58.7293699853944
"NZ","NZL","New Zealand",2015,2,79.6889614161791,22,55.6553591825054,5,87.494627807673,6,81.8569276080222,2,87.9251821477488,24,59.3864877607541
"NZ","NZL","New Zealand",2016,4,78.8086394276875,23,58.5326232485939,5,86.5008233203543,6,82.2637827752032,2,87.8461882453276,24,63.0281341814569
"NZ","NZL","New Zealand",2017,2,78.6891513673081,21,59.04993817091,5,86.6405917847481,6,83.7450060459515,2,88.0670335425074,23,63.0518447410933
"NZ","NZL","New Zealand",2018,3,77.9144920184421,21,59.6116315305915,6,86.7696907647205,6,83.9570307878716,2,87.5999257109323,24,62.5645489693718
"NZ","NZL","New Zealand",2019,2,83.6014117042169,23,57.5588260295553,6,87.2958706634707,6,88.6555687060373,2,87.5465880866522,22,73.9180137443415
"NZ","NZL","New Zealand",2020,3,83.1997460065,27,52.4268491071482,5,87.7772026626217,6,91.8405535086163,2,87.4767147406587,21,74.4133516980499
"NZ","NZL","New Zealand",2021,3,81.3359067409558,28,49.7513845487074,6,83.0717430253341,6,90.4225149106578,2,87.4244071911697,22,73.9080221941675
