"ISO_2","ISO_3","Country","Year","Final Rank","Final Score","Corporate Rank","Corporate Score","Income Rank","Income Score","Consumption Rank","Consumption Score","Property Rank","Property Score","Cross-Border Rank","Cross-Border Score"
"NZ","NZL","New Zealand",2014,5,85.389754686241,22,65.6286008602294,14,71.7181866280803,5,92.2091355149912,2,88.0312212772057,28,59.4844898130282
"NZ","NZL","New Zealand",2015,3,85.1919105346996,21,64.3002489888044,13,68.2200446624808,5,96.0642661651669,2,87.7420214738242,26,59.7876116296898
"NZ","NZL","New Zealand",2016,5,84.2226101746122,21,63.4809756277301,14,69.8290046336315,6,88.4801254809509,2,87.6592774230761,26,62.8350473301461
"NZ","NZL","New Zealand",2017,2,84.074930926217,20,66.7322632391563,14,68.445397991736,1,100,2,87.8766380391881,25,62.9253748620807
"NZ","NZL","New Zealand",2018,3,85.5189493987949,24,64.1167179363863,15,69.7314884225099,1,100,2,87.366880836638,25,62.5867454091592
"NZ","NZL","New Zealand",2019,2,90.9334361793572,26,64.2989369166931,12,70.7665284456319,2,99.8356762231001,2,87.3783794743763,24,74.5379991031827
"NZ","NZL","New Zealand",2020,2,89.7738183867737,28,58.0561383039227,11,71.8473744950326,1,100,2,87.277417625441,23,74.8794073504718
"NZ","NZL","New Zealand",2021,3,88.9652503798628,29,52.9240403595678,9,74.6346413755213,2,98.1226372889174,2,87.2726441928246,23,74.9249015255677
"NZ","NZL","New Zealand",2022,2,88.4374591482009,29,54.3545730161639,10,71.1409630539552,1,100,2,86.8507683840601,23,74.9291794617297
