"ISO_2","ISO_3","Country","Year","Final Rank","Final Score","Corporate Rank","Corporate Score","Income Rank","Income Score","Consumption Rank","Consumption Score","Property Rank","Property Score","Cross-Border Rank","Cross-Border Score"
"NZ","NZL","New Zealand",2014,2,80.2253810635845,25,59.9880033869269,5,87.7675627468337,6,81.9084106425559,2,88.2006307150962,27,58.3412678714016
"NZ","NZL","New Zealand",2015,2,79.7097846907674,22,55.6553591825054,5,87.494627807673,6,81.8569276080222,2,87.9251821477488,25,58.5425815942192
"NZ","NZL","New Zealand",2016,4,78.8298887292331,23,58.5326232485939,5,86.5008233203543,6,82.2637827752032,2,87.8461882453276,25,61.9245471356067
"NZ","NZL","New Zealand",2017,2,78.6839328342395,21,59.04993817091,5,86.6405917847481,6,83.7450060459515,2,88.0670335425074,24,61.9811653448884
"NZ","NZL","New Zealand",2018,3,77.9102399899742,21,59.6116315305915,6,86.7696907647205,6,83.9570307878716,2,87.5999257109323,25,61.5103212055932
"NZ","NZL","New Zealand",2019,2,83.5729235091445,23,57.5588260295553,6,87.2958706634707,6,88.6555687060373,2,87.5465880866522,23,73.0529013371021
"NZ","NZL","New Zealand",2020,3,83.1743202765506,27,52.4268491071482,5,87.7772026626217,6,91.8405535086163,2,87.4767147406587,22,73.5825156368779
"NZ","NZL","New Zealand",2021,4,85.9068178477187,30,49.4761420452096,6,88.4577363598074,2,97.3662824421808,2,87.424407184552,22,73.6587356281299
