"ISO_2","ISO_3","Country","Year","Final Rank","Final Score","Corporate Rank","Corporate Score","Income Rank","Income Score","Consumption Rank","Consumption Score","Property Rank","Property Score","Cross-Border Rank","Cross-Border Score"
"NO","NOR","Norway",2014,23,69.1760571379255,23,60.7513799653007,19,70.6866240456137,24,49.9183400171955,15,67.8036916363731,15,69.1848839050973
"NO","NOR","Norway",2015,23,68.5171787333439,20,59.8773189518803,19,68.8184532346845,23,51.8020181732505,14,67.7390432280645,14,69.2978931203379
"NO","NOR","Norway",2016,23,67.9982616106648,19,63.2892545973119,18,66.5409981012995,24,47.732183035977,16,68.0140874425218,14,71.2870636604544
"NO","NOR","Norway",2017,21,66.8984807957283,16,64.597404931517,19,66.4737778941743,24,50.3755055794301,15,67.6021755114748,14,70.9078320157022
"NO","NOR","Norway",2018,21,67.8759427089406,17,66.5938188855412,22,64.6087925310574,24,52.8971441821447,16,64.2200943230586,14,71.168749580787
"NO","NOR","Norway",2019,19,71.0314851147,16,68.7509370428784,22,62.9287353292093,26,51.6510635162467,16,63.5760779160759,11,83.4271053519284
"NO","NOR","Norway",2020,18,70.2953529851217,15,66.4030633287724,20,63.1122904590647,25,51.9248376986954,16,63.6092108235093,10,83.4473694403128
"NO","NOR","Norway",2021,19,69.3432882723939,14,65.2552430377822,22,64.9240544731732,26,51.7460005548875,16,63.7440994395203,11,83.4369513605268
"NO","NOR","Norway",2022,17,68.8563899342386,15,66.7890727073495,24,62.8198517895408,23,51.7158497872646,16,63.8422985005908,13,83.3343508845347
