"ISO_2","ISO_3","Country","Year","Final Rank","Final Score","Corporate Rank","Corporate Score","Income Rank","Income Score","Consumption Rank","Consumption Score","Property Rank","Property Score","Cross-Border Rank","Cross-Border Score"
"NO","NOR","Norway",2014,13,68.3475935691851,21,61.2301054487912,13,75.1796189522496,20,60.1542051662347,14,68.3439864653822,15,69.0460026314463
"NO","NOR","Norway",2015,13,68.0772772848227,20,56.9124303905496,12,74.7043912622502,18,61.2711564161554,13,68.284585912825,14,69.1024516515179
"NO","NOR","Norway",2016,14,67.731006991485,16,62.9481496173846,11,73.0252736982849,19,61.4490950699871,14,68.5704739024852,14,71.2721962722042
"NO","NOR","Norway",2017,12,67.1786522537363,14,65.0617471466713,14,71.1733787423383,19,59.3870407509728,13,68.1629776549515,14,70.7595503466469
"NO","NOR","Norway",2018,12,66.3295451748932,14,67.7851303119301,12,72.3821782394285,19,60.5674195704547,15,64.8834954181158,14,70.8845351648309
"NO","NOR","Norway",2019,11,69.7536678136642,12,68.4170622793286,15,70.708950136146,19,60.086738915126,15,63.965454488457,11,82.4151334211394
"NO","NOR","Norway",2020,11,69.9354540871065,14,66.0345558855714,15,71.0161879443207,18,68.1545769499504,15,64.0000984220611,11,82.4415263131715
"NO","NOR","Norway",2021,10,69.9820203935609,14,66.0035997202339,13,69.8627648616381,18,67.7761502010309,15,64.0768369128621,11,82.4232648154881
