"ISO_2","ISO_3","Country","Year","Final Rank","Final Score","Corporate Rank","Corporate Score","Income Rank","Income Score","Consumption Rank","Consumption Score","Property Rank","Property Score","Cross-Border Rank","Cross-Border Score"
"NO","NOR","Norway",2022,16,70.7232395771668,15,67.4759315311249,22,67.2782227572583,22,50.8561357657538,17,63.6173526337002,13,81.7412224630665
"NO","NOR","Norway",2023,19,68.9065250122553,14,66.599441466426,26,64.0919244944247,22,50.8561357657538,16,63.6548142669859,11,81.1163136159521
