"ISO_2","ISO_3","Country","Year","Final Rank","Final Score","Corporate Rank","Corporate Score","Income Rank","Income Score","Consumption Rank","Consumption Score","Property Rank","Property Score","International Rank","International Score"
"NO","NOR","Norway",2014,13,68.3278780848336,21,61.2301054487912,13,75.1796189522496,20,60.1542051662347,14,68.3439864653822,15,69.4825416549021
"NO","NOR","Norway",2015,13,68.0523342857066,20,56.9124303905496,12,74.7043912622502,18,61.2711564161554,13,68.284585912825,14,69.8627062079044
"NO","NOR","Norway",2016,14,67.7055866513832,16,62.9481496173846,11,73.0252736982849,19,61.4490950699871,14,68.5704739024852,14,72.2095671089816
"NO","NOR","Norway",2017,13,67.1596056413103,14,65.0617471466713,14,71.1733787423383,19,59.3870407509728,13,68.1629776549515,14,71.7206149793103
"NO","NOR","Norway",2018,12,66.3051820114743,14,67.7851303119301,12,72.3821782394285,19,60.5674195704547,15,64.8834954181158,14,71.8788812720743
"NO","NOR","Norway",2019,11,69.7430181143522,12,68.4170622793286,15,70.708950136146,19,60.086738915126,15,63.965454488457,11,83.0809256772932
"NO","NOR","Norway",2020,11,69.9222621695285,14,66.0345558855714,15,71.0161879443207,18,68.1545769499504,15,64.0000984220611,11,83.083912100233
"NO","NOR","Norway",2021,10,70.6383146432182,11,66.6227616887283,13,69.8627648524919,18,67.7761502219036,15,64.0768369204779,11,82.3937486729545
