"ISO_2","ISO_3","Country","Year","Final Rank","Final Score","Corporate Rank","Corporate Score","Income Rank","Income Score","Consumption Rank","Consumption Score","Property Rank","Property Score","Cross-Border Rank","Cross-Border Score"
"NO","NOR","Norway",2022,16,70.6648404366075,15,67.4759315311249,22,67.2782227572583,23,51.0471120815304,17,63.6173526337002,13,81.7412224630665
"NO","NOR","Norway",2023,19,68.0910482642992,14,66.599441466426,26,64.0919244944247,23,51.6463641661654,16,63.6548142669859,11,81.1163136159521
