"ISO_2","ISO_3","Country","Year","Final Rank","Final Score","Corporate Rank","Corporate Score","Income Rank","Income Score","Consumption Rank","Consumption Score","Property Rank","Property Score","Cross-Border Rank","Cross-Border Score"
"NO","NOR","Norway",2014,24,66.8160618169067,28,56.9782396671724,20,59.8693262785107,23,48.2112298146491,14,68.3439864653822,15,69.0460026314463
"NO","NOR","Norway",2015,23,66.0681452126186,29,55.838144527078,20,56.306699177014,22,50.0825717738241,13,68.284585912825,14,69.1024516515179
"NO","NOR","Norway",2016,24,65.4257805767046,22,57.0187093897621,21,53.8167973824541,23,48.3956119543825,14,68.5704739024852,14,71.2721962722042
"NO","NOR","Norway",2017,22,64.6006457598785,21,61.8247999866861,23,52.5665995850504,24,51.2431527621949,13,68.1629776549515,14,70.7595503466469
"NO","NOR","Norway",2018,22,64.489700270095,18,60.9170128373125,25,50.8084272169011,23,53.2390726092234,15,64.8834954181158,14,70.8845351648309
"NO","NOR","Norway",2019,21,68.6263653792771,17,68.2752078396887,25,48.0771001781139,26,51.6113622032234,15,63.965454488457,11,82.4151334211394
"NO","NOR","Norway",2020,21,67.5937449766961,17,64.7443073624899,24,48.4881301855915,24,52.5699447290183,15,64.0000984220611,11,82.4415263131715
"NO","NOR","Norway",2021,19,67.4615822971878,16,63.0149674108646,23,50.6682971575613,25,51.7504756782321,15,64.0768369128621,11,82.4232648154881
