"ISO_2","ISO_3","Country","Year","Final Rank","Final Score","Corporate Rank","Corporate Score","Income Rank","Income Score","Consumption Rank","Consumption Score","Property Rank","Property Score","Cross-Border Rank","Cross-Border Score"
"NO","NOR","Norway",2014,23,70.0685470719662,23,63.5938239135939,19,70.6866240456137,24,49.9183400171955,15,67.8036916363731,15,69.1848839050973
"NO","NOR","Norway",2015,23,69.4156875090296,23,63.0726530705881,19,68.8184532346845,23,51.8020181732505,14,67.7390432280645,14,69.2978931203379
"NO","NOR","Norway",2016,23,68.9170505309774,20,67.5671534009942,18,66.5409981012995,24,47.732183035977,16,68.0140874425218,14,71.2870636604544
"NO","NOR","Norway",2017,21,68.1867941876751,18,69.7052000018064,19,66.4737778941743,24,50.3755055794301,15,67.6021755114748,14,70.9078320157022
"NO","NOR","Norway",2018,21,68.8053877181368,20,70.1606370862342,22,64.6087925310574,24,52.8971441821447,16,64.2200943230586,14,71.168749580787
"NO","NOR","Norway",2019,19,72.1112108071351,16,72.581449915125,22,62.9287353292093,26,51.6510635162467,16,63.5760779160759,11,83.4271053519284
"NO","NOR","Norway",2020,19,71.3369447576203,18,70.1343681739609,20,63.1122904590647,25,51.9248376986954,16,63.6092108235093,10,83.4473694403128
"NO","NOR","Norway",2021,19,70.4181506483414,14,69.0505422404893,22,64.9240544731732,26,51.7460005548875,16,63.7440994395203,11,83.4369513605268
"NO","NOR","Norway",2022,17,70.1054904531467,16,71.7128819971449,23,63.4916376425418,23,51.7158497582163,16,63.7383501005183,12,83.4533921752619
