"ISO_2","ISO_3","Country","Year","Final Rank","Final Score","Corporate Rank","Corporate Score","Income Rank","Income Score","Consumption Rank","Consumption Score","Property Rank","Property Score","Cross-Border Rank","Cross-Border Score"
"NO","NOR","Norway",2022,17,70.0679769177157,15,67.4759315311249,25,73.1467282442832,22,50.8561357657538,17,63.6173526337002,13,81.7412224630665
"NO","NOR","Norway",2023,18,68.3411653633506,14,66.599441466426,26,65.2426666705491,22,50.8561357657538,16,63.6548142669859,11,81.1163136159521
