"ISO_2","ISO_3","Country","Year","Final Rank","Final Score","Corporate Rank","Corporate Score","Income Rank","Income Score","Consumption Rank","Consumption Score","Property Rank","Property Score","Cross-Border Rank","Cross-Border Score"
"PL","POL","Poland",2014,24,68.686821500196,6,81.3497252752527,11,82.9167856669656,38,32.0196592433742,30,53.26582922696,16,67.7409890187848
"PL","POL","Poland",2015,29,64.4826987028691,6,79.8332892897623,11,82.10820114542,38,33.3687908578848,31,52.8423616215412,31,54.0643569411332
"PL","POL","Poland",2016,30,62.645132573995,7,80.9036858235623,11,81.8753929660778,38,31.7523501661339,33,47.8569817146338,31,57.4539422720727
"PL","POL","Poland",2017,29,60.6469915815838,8,78.5891991895551,11,82.0668061288805,38,32.1016534627753,33,47.8330078803923,29,56.843394838688
"PL","POL","Poland",2018,32,59.9996540219744,9,78.5892093246286,11,81.1080318797308,38,31.0210326020672,32,44.4430969936239,30,56.4484218988234
"PL","POL","Poland",2019,32,62.919033276093,11,77.8780916748908,11,80.682785482696,38,31.7054601711362,32,43.4977181980587,28,66.5520440441478
"PL","POL","Poland",2020,32,62.0446252455043,12,74.6913218111928,10,80.638783097965,36,33.6106970788439,32,43.8621114204696,30,66.1934338751752
"PL","POL","Poland",2021,29,60.9516642776092,12,72.5309505941809,9,83.4217521619539,36,33.4454099625547,32,44.0410171803978,30,66.1700632541449
"PL","POL","Poland",2022,28,60.8319534198389,14,70.1989315542058,10,82.3933979755717,35,32.8624444585738,32,43.8255066296896,30,66.4991957341977
