"ISO_2","ISO_3","Country","Year","Final Rank","Final Score","Corporate Rank","Corporate Score","Income Rank","Income Score","Consumption Rank","Consumption Score","Property Rank","Property Score","International Rank","International Score"
"PL","POL","Poland",2014,29,56.3680547190066,11,68.3308897056094,14,73.4940635185833,37,29.1927170310061,29,53.4293512194668,16,68.2043606878951
"PL","POL","Poland",2015,34,52.0655858987224,12,64.3346447700439,14,73.1369077942099,37,29.1007758139673,30,53.0266268827786,29,55.1153233119329
"PL","POL","Poland",2016,33,49.7627402861798,12,67.1728093449277,12,72.8651149678847,37,29.3189841500234,32,48.0691637699842,29,59.0713622071621
"PL","POL","Poland",2017,32,52.0564599910414,7,70.744308066729,11,72.2051421030237,37,30.2149507277721,32,48.0444746612312,27,58.3606381262293
"PL","POL","Poland",2018,32,49.108873378638,7,72.9157711193137,14,72.0776962347176,37,29.3313918717331,31,44.7458292821413,28,57.8848063143857
"PL","POL","Poland",2019,33,51.405782498469,13,67.910691340744,12,72.5872162517372,37,29.8900474699474,31,43.3449867432519,26,67.3409953794182
"PL","POL","Poland",2020,36,45.4059152567652,15,65.2876171393654,12,72.7875865360876,37,25.5245126524508,31,43.7153651321227,28,67.0674029755209
"PL","POL","Poland",2021,36,45.7058794378671,14,65.1399390702548,12,70.4324219562071,37,25.5031857894428,31,43.7766649236468,30,66.106272562218
