"ISO_2","ISO_3","Country","Year","Final Rank","Final Score","Corporate Rank","Corporate Score","Income Rank","Income Score","Consumption Rank","Consumption Score","Property Rank","Property Score","Cross-Border Rank","Cross-Border Score"
"PL","POL","Poland",2022,33,56.8815232340627,13,69.1447591334033,15,80.117044335626,35,32.966674179548,31,43.9478822069345,29,64.2643564766251
"PL","POL","Poland",2023,29,58.6707446273893,16,66.0291608087583,10,90.0134801851768,35,32.966674179548,31,43.9702685570005,28,64.5215940946977
