"ISO_2","ISO_3","Country","Year","Final Rank","Final Score","Corporate Rank","Corporate Score","Income Rank","Income Score","Consumption Rank","Consumption Score","Property Rank","Property Score","Cross-Border Rank","Cross-Border Score"
"PL","POL","Poland",2022,33,57.5479898290538,13,69.1447591334033,13,75.7718295150218,35,32.5248897332075,31,43.9478822069345,29,64.2643564766251
"PL","POL","Poland",2023,27,59.310051429208,16,66.0291608087583,8,89.6828475260285,36,35.20902905877,31,43.9702685570005,28,64.5215940946977
