"ISO_2","ISO_3","Country","Year","Final Rank","Final Score","Corporate Rank","Corporate Score","Income Rank","Income Score","Consumption Rank","Consumption Score","Property Rank","Property Score","Cross-Border Rank","Cross-Border Score"
"PL","POL","Poland",2014,24,68.9428880138246,8,79.4549252775295,9,80.1387474823374,38,32.0196592433742,30,53.26582922696,16,67.7409890187848
"PL","POL","Poland",2015,29,64.7679567923596,8,77.8270389452575,10,76.5319129784879,38,33.3687908578848,31,52.8423616215412,31,54.0643569411332
"PL","POL","Poland",2016,30,63.0568641987243,9,77.8553574645153,10,77.442744629096,38,31.7523501661339,33,47.8569817146338,31,57.4539422720727
"PL","POL","Poland",2017,30,60.4232400827438,8,76.9257444966021,11,76.9804747943016,38,32.1016534627753,33,47.8330078803923,29,56.843394838688
"PL","POL","Poland",2018,32,60.7357688952382,10,76.568130154996,9,78.6992165521195,38,31.0210326020672,32,44.4430969936239,30,56.4484218988234
"PL","POL","Poland",2019,32,63.6992603919643,12,75.9387367777576,7,76.815892596376,38,31.7054601711362,32,43.4977181980587,28,66.5520440441478
"PL","POL","Poland",2020,32,62.7304046412537,12,72.7252339042573,7,77.4754287034818,36,33.6106970788439,32,43.8621114204696,30,66.1934338751752
"PL","POL","Poland",2021,30,61.8923955734825,12,71.0954102240073,8,78.3948978960562,36,33.4454099625547,32,44.0410171803978,30,66.1700632541449
"PL","POL","Poland",2022,30,61.1217230070355,12,72.3135840677105,7,77.8635107607866,35,32.8624444585738,32,43.8255066296896,30,66.4991957341977
