"ISO_2","ISO_3","Country","Year","Final Rank","Final Score","Corporate Rank","Corporate Score","Income Rank","Income Score","Consumption Rank","Consumption Score","Property Rank","Property Score","Cross-Border Rank","Cross-Border Score"
"PL","POL","Poland",2014,30,56.3596049805567,11,68.3308897056094,14,73.4940635185833,37,29.1927170310061,29,53.4293512194668,16,67.7823869135231
"PL","POL","Poland",2015,34,52.0491171537821,12,64.3346447700439,14,73.1369077942099,37,29.1007758139673,30,53.0266268827786,30,54.04198618017
"PL","POL","Poland",2016,33,49.7461440810004,12,67.1728093449277,12,72.8651149678847,37,29.3189841500234,32,48.0691637699842,30,57.7204143136373
"PL","POL","Poland",2017,32,52.0174460479896,7,70.744308066729,11,72.2051421030237,37,30.2149507277721,32,48.0444746612312,28,56.9991381296443
"PL","POL","Poland",2018,32,49.0588788415753,7,72.9157711193137,14,72.0776962347176,37,29.3313918717331,31,44.7458292821413,29,56.4986606856371
"PL","POL","Poland",2019,33,51.3491193871403,13,67.910691340744,12,72.5872162517372,37,29.8900474699474,31,43.3449867432519,27,66.0692612278686
"PL","POL","Poland",2020,36,45.325118003358,15,65.2876171393654,12,72.7875865360876,37,25.5245126524508,31,43.7153651321227,29,65.72202415037
"PL","POL","Poland",2021,36,45.6877904898805,14,65.1200687849574,12,70.3258596198002,37,25.5031857859093,31,43.7766649197984,29,65.6839532642556
