"ISO_2","ISO_3","Country","Year","Final Rank","Final Score","Corporate Rank","Corporate Score","Income Rank","Income Score","Consumption Rank","Consumption Score","Property Rank","Property Score","International Rank","International Score"
"PL","POL","Poland",2014,30,56.3593993664768,11,68.3308897056094,14,73.4940635185833,37,29.1927170310061,29,53.4293512194668,16,68.3220592393368
"PL","POL","Poland",2015,34,52.0527145827519,12,64.3346447700439,14,73.1369077942099,37,29.1007758139673,30,53.0266268827786,30,55.3004602056219
"PL","POL","Poland",2016,33,49.749017879792,12,67.1728093449277,12,72.8651149678847,37,29.3189841500234,32,48.0691637699842,30,59.2161751682521
"PL","POL","Poland",2017,32,52.0161577400362,7,70.744308066729,11,72.2051421030237,37,30.2149507277721,32,48.0444746612312,28,58.4897779356768
"PL","POL","Poland",2018,32,49.0563268072292,7,72.9157711193137,14,72.0776962347176,37,29.3313918717331,31,44.7458292821413,29,58.0761179657763
"PL","POL","Poland",2019,33,51.3509508578092,13,67.910691340744,12,72.5872162517372,37,29.8900474699474,31,43.3449867432519,27,67.4659114767457
"PL","POL","Poland",2020,36,45.3330508365322,15,65.2876171393654,12,72.7875865360876,37,25.5245126524508,31,43.7153651321227,29,67.1530287511817
"PL","POL","Poland",2021,36,45.6970406746444,14,65.1399390702548,12,70.4324219562071,37,25.5031857894428,31,43.7766649236468,29,65.670630417345
