"ISO_2","ISO_3","Country","Year","Final Rank","Final Score","Corporate Rank","Corporate Score","Income Rank","Income Score","Consumption Rank","Consumption Score","Property Rank","Property Score","Cross-Border Rank","Cross-Border Score"
"PT","PRT","Portugal",2014,37,52.6207894777319,35,46.4019976204152,35,49.9006060227136,25,48.5852785860415,19,65.02228254611,35,40.7265081290063
"PT","PRT","Portugal",2015,36,54.6963854419903,35,49.9214319306316,35,49.4801894346587,25,50.0054209581207,19,64.4404183482685,34,47.1887856141509
"PT","PRT","Portugal",2016,35,54.6234471376789,35,52.5309447363686,35,49.8574257481894,23,47.7600182015721,20,64.422021263997,34,51.4102521968749
"PT","PRT","Portugal",2017,35,55.1729661131355,33,55.3496712953615,35,50.4708806673655,25,49.9982291338525,20,63.9821162126661,34,52.0552538687573
"PT","PRT","Portugal",2018,35,54.5843062994766,35,49.891637096226,35,49.5112682295752,26,51.8438367790036,20,61.5200319332824,33,54.0111164059128
"PT","PRT","Portugal",2019,36,55.6781987358866,36,44.8822654350287,35,50.1184805430072,27,51.4550509783663,20,60.9632120973364,32,62.8527354449197
"PT","PRT","Portugal",2020,36,55.5107837822134,37,39.3894771797531,35,50.3943049114028,24,52.2422896227878,21,61.1015212600569,29,66.7846625132568
"PT","PRT","Portugal",2021,36,54.7527232511319,38,36.7606435373349,34,55.4609350964569,25,51.8046276797111,21,60.9593341451053,29,66.7750161469905
"PT","PRT","Portugal",2022,36,52.9005270991609,36,40.7940054853305,35,52.8737544593035,27,48.3889587518409,21,60.9169212784639,29,66.7610818786294
