"ISO_2","ISO_3","Country","Year","Final Rank","Final Score","Corporate Rank","Corporate Score","Income Rank","Income Score","Consumption Rank","Consumption Score","Property Rank","Property Score","International Rank","International Score"
"PT","PRT","Portugal",2014,36,44.3766389991092,32,50.1476253057441,35,43.0253159017663,32,44.5077239595651,18,65.2787358597395,34,41.2815384856984
"PT","PRT","Portugal",2015,36,46.5529447183532,31,48.7621434653635,34,44.1312696031642,32,44.0666258885876,18,64.7036485376516,33,48.0967118131285
"PT","PRT","Portugal",2016,35,46.1107252869604,31,52.3558898999664,34,45.2234920571114,33,44.6958950777832,19,64.6891804182887,33,52.9676778449309
"PT","PRT","Portugal",2017,35,46.8171201886243,31,53.1794043173928,34,44.2636512413315,33,41.2231430960443,19,64.251243039708,33,53.5196878582053
"PT","PRT","Portugal",2018,34,44.5968238407267,34,48.7532303084504,33,49.1955281034291,33,44.4236101846475,19,61.8561964323703,32,55.4854525096771
"PT","PRT","Portugal",2019,34,47.2965362496018,34,45.1459753876906,32,50.3301064516581,33,44.3622509082996,19,61.0026143854673,31,63.5294281845903
"PT","PRT","Portugal",2020,34,49.0546404422502,34,42.8790212602091,30,50.2076053095418,33,56.0172191611855,20,61.1357004926607,28,67.501660031112
"PT","PRT","Portugal",2021,34,49.0389124291453,35,41.2065073582467,31,46.007468524731,33,55.7934539796085,20,61.048694275788,28,65.9947518076178
