"ISO_2","ISO_3","Country","Year","Final Rank","Final Score","Corporate Rank","Corporate Score","Income Rank","Income Score","Consumption Rank","Consumption Score","Property Rank","Property Score","International Rank","International Score"
"PT","PRT","Portugal",2014,36,44.387670923312,32,50.1476253057441,35,43.0253159017663,32,44.5077239595651,18,65.2787358597395,34,40.9901593092978
"PT","PRT","Portugal",2015,36,46.5284308829783,31,48.7621434653635,34,44.1312696031642,32,44.0666258885876,18,64.7036485376516,33,47.7156044679134
"PT","PRT","Portugal",2016,35,46.0859093999197,31,52.3558898999664,34,45.2234920571114,33,44.6958950777832,19,64.6891804182887,33,52.6499656691406
"PT","PRT","Portugal",2017,35,46.8104271190931,31,53.1794043173928,34,44.2636512413315,33,41.2231430960443,19,64.251243039708,32,53.1913782287075
"PT","PRT","Portugal",2018,34,44.5869571350492,34,48.7532303084504,33,49.1955281034291,33,44.4236101846475,19,61.8561964323703,31,55.062180627686
"PT","PRT","Portugal",2019,34,47.2868177517942,34,45.1459753876906,32,50.3301064516581,33,44.3622509082996,19,61.0026143854673,30,63.122484788385
"PT","PRT","Portugal",2020,34,49.0470282075018,34,42.8790212602091,30,50.2076053095418,33,56.0172191611855,20,61.1357004926607,27,67.1183323023298
"PT","PRT","Portugal",2021,34,49.0472072438701,35,41.2065073582467,31,46.007468524731,33,55.7934539796085,20,61.048694275788,29,66.4264355852528
