"ISO_2","ISO_3","Country","Year","Final Rank","Final Score","Corporate Rank","Corporate Score","Income Rank","Income Score","Consumption Rank","Consumption Score","Property Rank","Property Score","Cross-Border Rank","Cross-Border Score"
"PT","PRT","Portugal",2014,36,50.6577929370019,32,48.759278144287,34,38.3243047595859,24,47.1751422278638,18,65.2787358597395,34,40.3334299466803
"PT","PRT","Portugal",2015,35,52.5558223740646,32,50.9453692783445,34,36.6735306235154,24,48.6122669050585,18,64.7036485376516,33,46.6237966456661
"PT","PRT","Portugal",2016,35,52.4974377006504,33,48.9690741553987,34,37.7287983106431,24,48.2886007441932,19,64.6891804182887,33,51.2311244988417
"PT","PRT","Portugal",2017,35,52.1871433353471,34,50.8193623139246,33,38.2930898930466,23,51.2995690968794,19,64.251243039708,33,51.8401588503325
"PT","PRT","Portugal",2018,35,49.756376392938,35,41.0976198015257,32,36.2446838177462,25,52.5749552352367,19,61.8561964323703,32,53.7926274241788
"PT","PRT","Portugal",2019,35,53.9092822511419,35,48.2952739225919,32,37.3071541876948,25,51.6141390858359,19,61.0026143854673,31,61.923998980856
"PT","PRT","Portugal",2020,35,53.7000517394579,36,43.0636003556596,32,37.3797689162752,23,53.0953629522466,20,61.1357004926607,28,66.0406835587414
"PT","PRT","Portugal",2021,35,52.4872386852416,35,37.9040211629971,31,38.4529283094454,23,52.3865978310314,20,61.0486942741225,28,66.0164032299948
