"ISO_2","ISO_3","Country","Year","Final Rank","Final Score","Corporate Rank","Corporate Score","Income Rank","Income Score","Consumption Rank","Consumption Score","Property Rank","Property Score","Cross-Border Rank","Cross-Border Score"
"PT","PRT","Portugal",2014,37,52.6177134593774,35,46.3946287506208,35,49.9006060227136,25,48.5852785860415,19,65.02228254611,35,40.7265081290063
"PT","PRT","Portugal",2015,36,54.6974274920946,35,49.9213848082087,35,49.4801894346587,25,50.0054209581207,19,64.4404183482685,34,47.1887856141509
"PT","PRT","Portugal",2016,35,54.6234471376789,35,52.5309447363686,35,49.8574257481894,23,47.7600182015721,20,64.422021263997,34,51.4102521968749
"PT","PRT","Portugal",2017,35,55.1730294467277,33,55.3499290874496,35,50.4708806673655,25,49.9982291338525,20,63.9821162126661,34,52.0552538687573
"PT","PRT","Portugal",2018,35,54.5819504106303,35,49.8835582269382,35,49.5112682295752,26,51.8438367790036,20,61.5200319332824,33,54.0111164059128
"PT","PRT","Portugal",2019,36,55.6685838628008,36,44.8571790474959,35,50.1184805430072,27,51.4550509783663,20,60.9632120973364,32,62.8527354449197
"PT","PRT","Portugal",2020,36,55.78114077305,37,40.0685414611037,35,50.4946817003589,24,52.2422896227878,21,61.1015212600569,29,66.7846625132568
"PT","PRT","Portugal",2021,36,55.0829748694375,38,36.6138679821466,34,55.460935111134,25,51.8046276797111,21,60.9593341451053,29,66.7750161469905
"PT","PRT","Portugal",2022,36,53.2928129692504,36,37.7370554105577,34,52.0409526573463,27,48.3889587518409,21,60.9169212784639,29,66.7610818786294
