"ISO_2","ISO_3","Country","Year","Final Rank","Final Score","Corporate Rank","Corporate Score","Income Rank","Income Score","Consumption Rank","Consumption Score","Property Rank","Property Score","Cross-Border Rank","Cross-Border Score"
"PT","PRT","Portugal",2014,37,52.1710601129024,35,45.2625020945967,35,49.9006060227136,25,48.5852785860415,19,65.02228254611,35,40.7265081290063
"PT","PRT","Portugal",2015,36,54.1707047417559,34,47.8632327363879,35,49.4801894346587,25,50.0054209581207,19,64.4404183482685,34,47.1887856141509
"PT","PRT","Portugal",2016,35,54.0650899519242,35,49.2050377781408,35,49.8574257481894,23,47.7600182015721,20,64.422021263997,34,51.4102521968749
"PT","PRT","Portugal",2017,35,53.504110545319,35,48.9377477761125,35,50.4708806673655,25,49.9982291338525,20,63.9821162126661,34,52.0552538687573
"PT","PRT","Portugal",2018,35,53.2395286641309,36,45.3308300385097,35,49.5112682295752,26,51.8438367790036,20,61.5200319332824,33,54.0111164059128
"PT","PRT","Portugal",2019,36,54.2172855742761,37,40.7387371152101,35,50.1184805430072,27,51.4550509783663,20,60.9632120973364,32,62.8527354449197
"PT","PRT","Portugal",2020,36,54.0329658218336,37,35.4956891288169,35,50.3943049114028,24,52.2422896227878,21,61.1015212600569,29,66.7846625132568
"PT","PRT","Portugal",2021,36,53.2545098240888,38,33.0826847209397,34,55.4609350964569,25,51.8046276797111,21,60.9593341451053,29,66.7750161469905
"PT","PRT","Portugal",2022,36,51.3944380300437,38,33.3169302608321,35,52.8737544676879,27,48.1834964444513,21,60.9169212785213,28,66.5219510696168
