"ISO_2","ISO_3","Country","Year","Final Rank","Final Score","Corporate Rank","Corporate Score","Income Rank","Income Score","Consumption Rank","Consumption Score","Property Rank","Property Score","Cross-Border Rank","Cross-Border Score"
"PT","PRT","Portugal",2022,34,51.9178915870361,36,36.8010596351516,33,63.612783563578,27,48.0145152873436,20,61.013948716018,28,64.9593139344191
"PT","PRT","Portugal",2023,34,52.8452043615561,37,38.8207075754014,29,61.9034662235994,27,48.0145152873436,20,61.0554393142944,27,64.5774861154615
