"ISO_2","ISO_3","Country","Year","Final Rank","Final Score","Corporate Rank","Corporate Score","Income Rank","Income Score","Consumption Rank","Consumption Score","Property Rank","Property Score","Cross-Border Rank","Cross-Border Score"
"PT","PRT","Portugal",2022,35,50.9440027391084,36,36.8010596351516,34,47.0552255378503,25,49.004873807235,20,61.013948716018,28,64.9593139344191
"PT","PRT","Portugal",2023,36,50.0247317464555,37,38.8207075754014,34,47.058568469148,26,50.2894296188965,20,61.0554393142944,27,64.5774861154615
