"ISO_2","ISO_3","Country","Year","Final Rank","Final Score","Corporate Rank","Corporate Score","Income Rank","Income Score","Consumption Rank","Consumption Score","Property Rank","Property Score","Cross-Border Rank","Cross-Border Score"
"PT","PRT","Portugal",2014,37,51.4187666914197,35,45.4995722674426,35,44.7262200642049,25,48.5852785860415,19,65.02228254611,35,40.7265081290063
"PT","PRT","Portugal",2015,36,53.4774030945228,35,48.2812321534532,34,40.9848385422299,25,50.0054209581207,19,64.4404183482685,34,47.1887856141509
"PT","PRT","Portugal",2016,35,53.3231405652628,35,48.360762443284,33,45.09340543388,23,47.7600182015721,20,64.422021263997,34,51.4102521968749
"PT","PRT","Portugal",2017,35,53.5976413426275,35,54.1314222338095,34,42.428202780167,25,49.9982291338525,20,63.9821162126661,34,52.0552538687573
"PT","PRT","Portugal",2018,35,53.7811629607313,36,48.374720830084,34,45.9349928781752,26,51.8438367790036,20,61.5200319332824,33,54.0111164059128
"PT","PRT","Portugal",2019,35,55.0663010885068,37,43.3237713558693,33,45.768425850207,27,51.4550509783663,20,60.9632120973364,32,62.8527354449197
"PT","PRT","Portugal",2020,36,54.9931925009578,37,38.7679053853303,33,45.7239986619377,24,52.2422896227878,21,61.1015212600569,29,66.7846625132568
"PT","PRT","Portugal",2021,36,54.421547096507,38,35.3775031996327,32,52.4016422501138,25,51.8046276797111,21,60.9593341451053,29,66.7750161469905
"PT","PRT","Portugal",2022,36,52.0452109353287,38,35.9216514702848,34,48.108184147258,27,48.3889587518409,21,60.9169212784639,29,66.7610818786294
