"ISO_2","ISO_3","Country","Year","Final Rank","Final Score","Corporate Rank","Corporate Score","Income Rank","Income Score","Consumption Rank","Consumption Score","Property Rank","Property Score","Cross-Border Rank","Cross-Border Score"
"SI","SVN","Slovenia",2022,20,69.427524972281,8,74.5798873303901,10,79.9782186990825,31,41.6947890835288,24,56.3038425541605,19,75.6013639026472
"SI","SVN","Slovenia",2023,17,69.5928140456387,7,75.4287479831327,10,84.1707315551604,31,43.9975353246358,24,56.2872046300269,18,74.7229390655206
