"ISO_2","ISO_3","Country","Year","Final Rank","Final Score","Corporate Rank","Corporate Score","Income Rank","Income Score","Consumption Rank","Consumption Score","Property Rank","Property Score","Cross-Border Rank","Cross-Border Score"
"SI","SVN","Slovenia",2014,21,71.525932889418,5,83.0048123107473,13,77.8754058414142,28,43.3465207477599,24,59.8443931843626,22,64.2882573724201
"SI","SVN","Slovenia",2015,22,70.4715287825079,5,81.4783997064684,14,76.9839664796841,27,47.8426027542928,30,54.7557458791188,17,65.316935600724
"SI","SVN","Slovenia",2016,24,68.8621322686763,6,82.585113033868,14,75.5198547332413,29,41.3252209026208,29,55.1290945579014,19,67.9047761258911
"SI","SVN","Slovenia",2017,23,67.0275737961582,7,78.6556710714978,12,76.0306655976191,28,44.667978615761,29,54.9530742482058,19,67.8003752617876
"SI","SVN","Slovenia",2018,23,67.9582062109813,7,78.8595796194699,12,75.8898574525595,29,47.1179162527122,26,51.6061325377954,18,67.7008604111667
"SI","SVN","Slovenia",2019,24,69.7712258155209,7,80.0134357839207,13,73.5403640434898,29,46.0087583085403,26,50.8785142565772,23,75.2492708246189
"SI","SVN","Slovenia",2020,25,69.325342094316,7,78.3698942881408,12,74.1530575537823,29,46.7414241459479,27,51.1584668066449,22,75.3700056870751
"SI","SVN","Slovenia",2021,25,68.144604667095,8,75.9031530584359,12,77.2539876917006,30,45.4140281618553,26,50.941839405786,22,75.4087284430966
"SI","SVN","Slovenia",2022,25,66.8194227824024,9,72.6319702277166,12,75.1325645926045,32,42.1036287490126,26,50.8821253808385,22,75.419831685589
