"ISO_2","ISO_3","Country","Year","Final Rank","Final Score","Corporate Rank","Corporate Score","Income Rank","Income Score","Consumption Rank","Consumption Score","Property Rank","Property Score","Cross-Border Rank","Cross-Border Score"
"SK","SVK","Slovak Republic",2014,10,78.6499187700244,9,77.5148944568352,12,76.0098129992654,32,39.0073408854671,4,83.4334789384309,12,74.2428787938444
"SK","SVK","Slovak Republic",2015,11,75.7350777860962,9,76.4218970948351,11,72.4251146327506,31,43.049517814048,4,83.3347860639714,24,61.5280624790788
"SK","SVK","Slovak Republic",2016,11,77.02225075865,11,73.6949244145882,8,82.3956874844278,31,39.8907986090098,4,83.285452439057,24,64.3544247814594
"SK","SVK","Slovak Republic",2017,13,72.9292695162714,10,75.4655089933502,8,82.6392490709411,29,43.0628952752937,3,83.3256627130212,30,55.6654382081289
"SK","SVK","Slovak Republic",2018,10,77.0668658951126,8,78.2428684175631,7,84.0169878949377,31,44.752831110932,3,82.0597089307818,26,61.9103106298855
"SK","SVK","Slovak Republic",2019,12,76.9135218608713,10,76.2981126554023,6,83.1254081845562,30,44.2908338576894,3,81.767221947712,34,57.2142235466496
"SK","SVK","Slovak Republic",2020,13,75.6384338613903,15,72.1506668717542,5,83.7082558680468,30,45.9379943866999,3,81.6900100616801,34,56.6931288034498
"SK","SVK","Slovak Republic",2021,12,76.3020480902771,16,67.2949923653696,4,84.2947758431358,29,47.0883068515909,3,86.9890982633196,34,56.6788243134131
"SK","SVK","Slovak Republic",2022,13,74.7756641444641,17,67.8362039116277,5,83.5604340450261,29,45.2737070845209,3,86.5008392521613,34,56.666642830965
