"ISO_2","ISO_3","Country","Year","Final Rank","Final Score","Corporate Rank","Corporate Score","Income Rank","Income Score","Consumption Rank","Consumption Score","Property Rank","Property Score","International Rank","International Score"
"SK","SVK","Slovak Republic",2014,11,71.9095615134249,14,66.5089349680293,4,88.7629908782416,34,36.5792963418171,4,83.6794014823692,13,74.2653295703969
"SK","SVK","Slovak Republic",2015,12,68.402930613543,13,62.5234117138179,4,88.7789461328461,34,37.8320914141763,4,83.584994630604,24,61.9756813288289
"SK","SVK","Slovak Republic",2016,12,69.3149641696754,15,62.9897911799449,3,98.1020960897436,35,37.6224142242372,4,83.5397849630483,24,65.300088602198
"SK","SVK","Slovak Republic",2017,11,68.5993668927683,11,68.047688455407,3,94.7824379189483,35,41.0116534322998,3,83.5704910557451,30,57.0237004253271
"SK","SVK","Slovak Republic",2018,10,68.836004431822,13,68.6670152818776,3,94.5495806703541,35,41.993648791656,3,82.3411537402051,24,63.0299683172551
"SK","SVK","Slovak Republic",2019,14,67.9140757835465,16,64.8543543263889,3,95.2853586364497,34,41.8899261330319,3,81.9121068108316,34,57.7807976637381
"SK","SVK","Slovak Republic",2020,14,67.97305767194,17,61.0422440175709,3,95.6517899491464,34,54.0765916243225,3,81.8366735505795,34,57.1417306841817
"SK","SVK","Slovak Republic",2021,11,69.272255009987,19,58.6353023438018,3,95.8770131181327,34,54.5229354149662,3,87.1223563133899,34,55.2063963384739
