"ISO_2","ISO_3","Country","Year","Final Rank","Final Score","Corporate Rank","Corporate Score","Income Rank","Income Score","Consumption Rank","Consumption Score","Property Rank","Property Score","Cross-Border Rank","Cross-Border Score"
"SI","SVN","Slovenia",2014,19,69.6162320152412,6,76.4182992173613,16,70.1269942538683,27,41.8446070695633,23,60.2371547840016,22,63.5052971575077
"SI","SVN","Slovenia",2015,22,68.3512383580753,6,75.0155979754488,15,67.4764997440848,28,44.669785594004,29,55.1954823205742,18,64.5307438467302
"SI","SVN","Slovenia",2016,22,67.3136268020673,5,74.3982651813414,14,66.5181819240226,28,41.9853952950692,28,55.5788546892223,20,67.3976667664666
"SI","SVN","Slovenia",2017,20,65.5978018162849,9,71.712574530955,13,66.7583484829482,27,45.2184945620055,28,55.3976624380071,20,67.2522502582626
"SI","SVN","Slovenia",2018,19,65.7873846276193,10,71.3386628351438,13,66.4610419893165,28,47.3266818128913,25,52.1453207118009,18,67.1703594061049
"SI","SVN","Slovenia",2019,20,68.694176083552,9,75.7780401678153,13,63.780007414179,28,45.9328925780039,25,51.0400859552898,22,74.3729884678833
"SI","SVN","Slovenia",2020,20,68.0880802605963,9,73.2793850318798,13,64.7723595409472,28,47.240958105291,26,51.3116695167312,20,74.673803254563
"SI","SVN","Slovenia",2021,20,66.9506889554024,10,70.9830823443879,13,66.1073750924037,29,45.3908606856001,25,51.0584891694966,20,74.7439453972433
