"ISO_2","ISO_3","Country","Year","Final Rank","Final Score","Corporate Rank","Corporate Score","Income Rank","Income Score","Consumption Rank","Consumption Score","Property Rank","Property Score","Cross-Border Rank","Cross-Border Score"
"SI","SVN","Slovenia",2014,21,70.5856198830157,5,78.2066259498179,13,77.8754058414142,28,43.3465207477599,24,59.8443931843626,22,64.2882573724201
"SI","SVN","Slovenia",2015,22,69.5525529284606,5,76.7103802683674,14,76.9839664796841,27,47.8426027542928,30,54.7557458791188,17,65.316935600724
"SI","SVN","Slovenia",2016,24,67.9447281835236,5,77.3563777909777,14,75.5198547332413,29,41.3252209026208,29,55.1290945579014,19,67.9047761258911
"SI","SVN","Slovenia",2017,22,65.7734709683135,7,72.5238703739367,12,76.0306655976191,28,44.667978615761,29,54.9530742482058,19,67.8003752617876
"SI","SVN","Slovenia",2018,22,67.0467562282728,6,74.5014841484509,12,75.8898574525595,29,47.1179162527122,26,51.6061325377954,18,67.7008604111667
"SI","SVN","Slovenia",2019,24,68.7422945082297,7,75.4822536559509,13,73.5403640434898,29,46.0087583085403,26,50.8785142565772,23,75.2492708246189
"SI","SVN","Slovenia",2020,23,68.4479619525067,7,74.2173192351548,12,74.0025301114981,29,46.7414241459479,27,51.1584668066449,22,75.3700056870751
"SI","SVN","Slovenia",2021,23,67.2842030043818,7,73.6083881845282,12,77.2539876708361,30,45.4140281618553,26,50.941839405786,22,75.4087284430966
"SI","SVN","Slovenia",2022,23,66.0428394672321,7,74.4138466011806,12,76.327721395917,32,42.0409364460224,26,50.882125374996,20,75.9624247176699
