"ISO_2","ISO_3","Country","Year","Final Rank","Final Score","Corporate Rank","Corporate Score","Income Rank","Income Score","Consumption Rank","Consumption Score","Property Rank","Property Score","International Rank","International Score"
"SI","SVN","Slovenia",2014,22,64.5016425778362,6,74.617385922991,16,72.9211455467123,28,49.6155326083833,23,60.2371547840016,21,63.9113139567903
"SI","SVN","Slovenia",2015,23,63.0603361308582,6,70.8699333926782,15,73.0197675143476,29,50.1896111053058,29,55.1954823205742,18,65.3407016408234
"SI","SVN","Slovenia",2016,23,62.1086069596637,5,73.4067602375327,13,72.3861573975759,31,49.5143487651428,28,55.5788546892223,19,68.4227535143848
"SI","SVN","Slovenia",2017,24,60.3322184524052,13,67.5663663089203,12,71.851121703786,29,46.9794734809091,28,55.3976624380071,19,68.2672457707442
"SI","SVN","Slovenia",2018,25,58.9944939900279,12,70.0454892205718,11,72.5437273110842,30,48.3519180467486,25,52.1453207118009,17,68.1963682768159
"SI","SVN","Slovenia",2019,25,60.8807941050819,11,68.9910765958748,14,71.1023810279181,30,47.9810606580555,25,51.0400859552898,20,75.2859474297593
"SI","SVN","Slovenia",2020,24,61.5728430788643,12,67.6271285236791,14,71.7777428898861,31,58.0949778564298,26,51.3116695167312,19,75.6065050392035
"SI","SVN","Slovenia",2021,26,61.2689743007685,12,66.3898065535323,14,69.6964570876307,31,57.1981713693426,25,51.0584891766447,20,74.9546511616257
