"ISO_2","ISO_3","Country","Year","Final Rank","Final Score","Corporate Rank","Corporate Score","Income Rank","Income Score","Consumption Rank","Consumption Score","Property Rank","Property Score","Cross-Border Rank","Cross-Border Score"
"SK","SVK","Slovak Republic",2014,9,80.2082190864454,11,75.3045819502668,7,89.3350125880073,32,39.0073408854671,4,83.4334789384309,12,74.2428787938444
"SK","SVK","Slovak Republic",2015,10,77.2909886591897,11,74.473155993711,7,89.1563999328169,31,43.049517814048,4,83.3347860639714,24,61.5280624790788
"SK","SVK","Slovak Republic",2016,9,78.3790130416171,13,73.2526216277704,2,98.5729761389926,31,39.8907986090098,4,83.285452439057,24,64.3544247814594
"SK","SVK","Slovak Republic",2017,12,74.4160044841241,14,74.5313674926561,4,95.563069915182,29,43.0628952752937,3,83.3256627130212,30,55.6654382081289
"SK","SVK","Slovak Republic",2018,9,77.7537448133562,12,77.6151450709701,5,95.2924821523863,31,44.752831110932,3,82.0597089307818,26,61.9103106298855
"SK","SVK","Slovak Republic",2019,11,77.4619866031984,13,75.7382583078798,3,95.0235523073947,30,44.2908338576894,3,81.767221947712,34,57.2142235466496
"SK","SVK","Slovak Republic",2020,12,76.366283109072,17,71.2966016988523,3,94.7030989195704,30,45.9379943866999,3,81.6900100616801,34,56.6931288034498
"SK","SVK","Slovak Republic",2021,11,76.8660174306101,18,65.6698382641394,2,98.7552149295979,29,47.0883068515909,3,86.9890982633196,34,56.6788243134131
"SK","SVK","Slovak Republic",2022,12,76.1883707680034,20,63.5038203289965,3,97.0381191477005,29,45.2737070845209,3,86.5008392521613,34,56.666642830965
