"ISO_2","ISO_3","Country","Year","Final Rank","Final Score","Corporate Rank","Corporate Score","Income Rank","Income Score","Consumption Rank","Consumption Score","Property Rank","Property Score","Cross-Border Rank","Cross-Border Score"
"SI","SVN","Slovenia",2022,19,68.7432521927344,8,74.5798873303901,13,83.5690362929071,31,41.2869692841937,24,56.3038425541605,19,75.6013639026472
"SI","SVN","Slovenia",2023,16,69.161011679845,7,75.4287479831327,12,84.6780103931433,31,41.2869692841937,24,56.2872046300269,18,74.7229390655206
