"ISO_2","ISO_3","Country","Year","Final Rank","Final Score","Corporate Rank","Corporate Score","Income Rank","Income Score","Consumption Rank","Consumption Score","Property Rank","Property Score","Cross-Border Rank","Cross-Border Score"
"SK","SVK","Slovak Republic",2014,7,80.88808218015,8,74.9819604401759,8,84.5139171256241,31,37.983299421895,4,83.6794014823692,13,73.8149998076347
"SK","SVK","Slovak Republic",2015,9,77.9393944651679,8,73.7722556211088,8,81.8421548532516,30,41.8522783165016,4,83.584994630604,24,60.8921422508232
"SK","SVK","Slovak Republic",2016,7,79.6434760677759,13,69.0275691467663,2,93.16543845755,30,40.3784381667869,4,83.5397849630483,24,64.0155442022373
"SK","SVK","Slovak Republic",2017,9,75.5119460040455,8,71.7693217077553,3,89.2797699725353,28,44.0355290284284,3,83.5704910557451,30,55.4872330063923
"SK","SVK","Slovak Republic",2018,8,76.0349748810958,16,64.5503744091479,3,89.1745970458616,30,45.3455236933851,3,82.3411537402051,24,61.6324289340495
"SK","SVK","Slovak Republic",2019,11,75.8727102990809,21,65.583369342231,3,88.9243410093763,29,44.3962967159591,3,81.9121068108316,34,55.9397982075311
"SK","SVK","Slovak Republic",2020,11,74.1627401983604,23,58.2643433971465,3,89.3723700837083,29,46.6949504928303,3,81.8366735505795,34,55.2589867702393
"SK","SVK","Slovak Republic",2021,10,74.437734682894,25,51.7985233250073,3,90.8340654524511,28,47.2871497582999,3,87.1223563107004,34,55.2252413312793
