"ISO_2","ISO_3","Country","Year","Final Rank","Final Score","Corporate Rank","Corporate Score","Income Rank","Income Score","Consumption Rank","Consumption Score","Property Rank","Property Score","Cross-Border Rank","Cross-Border Score"
"SI","SVN","Slovenia",2014,22,70.6231740202121,6,80.0978090045851,13,72.0016939057384,28,43.3465207477599,24,59.8443931843626,22,64.2882573724201
"SI","SVN","Slovenia",2015,22,69.5813090785391,6,78.4808228459159,14,68.1148087668361,27,47.8426027542928,30,54.7557458791188,17,65.316935600724
"SI","SVN","Slovenia",2016,24,67.9125779243908,7,78.6488896086303,15,68.202726141421,29,41.3252209026208,29,55.1290945579014,19,67.9047761258911
"SI","SVN","Slovenia",2017,23,65.6656471729832,9,76.0997979625449,15,67.8500943771832,28,44.667978615761,29,54.9530742482058,19,67.8003752617876
"SI","SVN","Slovenia",2018,24,67.5049112783607,11,75.9579703884134,14,70.9946963772285,29,47.1179162527122,26,51.6061325377954,18,67.7008604111667
"SI","SVN","Slovenia",2019,25,68.9435413382916,9,77.118222066592,15,66.1363507951024,29,46.0087583085403,26,50.8785142565772,23,75.2492708246189
"SI","SVN","Slovenia",2020,25,68.7883216670005,9,74.9041727755301,14,69.1033485765887,29,46.7414241459479,27,51.1584668066449,22,75.3700056870751
"SI","SVN","Slovenia",2021,25,67.6932971831581,9,72.9626429035506,14,70.904942024653,30,45.4140281618553,26,50.941839405786,22,75.4087284430966
"SI","SVN","Slovenia",2022,26,65.8130241610106,9,73.5856089710049,11,69.5380130008575,32,42.1036287490126,26,50.8821253808385,22,75.419831685589
