"ISO_2","ISO_3","Country","Year","Final Rank","Final Score","Corporate Rank","Corporate Score","Income Rank","Income Score","Consumption Rank","Consumption Score","Property Rank","Property Score","Cross-Border Rank","Cross-Border Score"
"SK","SVK","Slovak Republic",2014,9,79.0555218231669,11,71.286813165698,7,89.3350125880073,32,39.0073408854671,4,83.4334789384309,12,74.2428787938444
"SK","SVK","Slovak Republic",2015,10,76.1945806495106,11,70.3002786988046,7,89.1563999328169,31,43.049517814048,4,83.3347860639714,24,61.5280624790788
"SK","SVK","Slovak Republic",2016,9,77.2216284735737,13,68.6147571232784,2,98.5729761389926,31,39.8907986090098,4,83.285452439057,24,64.3544247814594
"SK","SVK","Slovak Republic",2017,11,72.941576109072,12,68.8711169985737,4,95.563069915182,29,43.0628952752937,3,83.3256627130212,30,55.6654382081289
"SK","SVK","Slovak Republic",2018,9,75.8442871915974,13,70.5509399667705,5,95.2924821523863,31,44.752831110932,3,82.0597089307818,26,61.9103106298855
"SK","SVK","Slovak Republic",2019,11,75.4324150510046,15,68.7734649274007,3,95.0235523073947,30,44.2908338576894,3,81.767221947712,34,57.2142235466496
"SK","SVK","Slovak Republic",2020,12,74.4023305596654,18,64.6534258957535,2,94.6302886992428,30,45.9379943866999,3,81.6900100616801,34,56.6931288034498
"SK","SVK","Slovak Republic",2021,11,74.8095961797493,19,60.9427298533516,2,98.7552149191856,29,47.0883068515909,3,86.9890982633196,34,56.6788243134131
"SK","SVK","Slovak Republic",2022,13,74.1663738428934,22,61.9841108327234,3,98.8936640922254,29,45.2737070715099,2,86.9698892892884,34,56.3548895807773
