"ISO_2","ISO_3","Country","Year","Final Rank","Final Score","Corporate Rank","Corporate Score","Income Rank","Income Score","Consumption Rank","Consumption Score","Property Rank","Property Score","Cross-Border Rank","Cross-Border Score"
"SK","SVK","Slovak Republic",2014,9,80.2052442284102,11,75.2875914683888,7,89.3350125880073,32,39.0073408854671,4,83.4334789384309,12,74.2428787938444
"SK","SVK","Slovak Republic",2015,10,77.2926054165505,11,74.4821474013271,7,89.1563999328169,31,43.049517814048,4,83.3347860639714,24,61.5280624790788
"SK","SVK","Slovak Republic",2016,9,78.3790130416171,13,73.2526216277704,2,98.5729761389926,31,39.8907986090098,4,83.285452439057,24,64.3544247814594
"SK","SVK","Slovak Republic",2017,12,74.4157755580724,14,74.530412256575,4,95.563069915182,29,43.0628952752937,3,83.3256627130212,30,55.6654382081289
"SK","SVK","Slovak Republic",2018,9,77.7526914392973,12,77.6109207937312,5,95.2924821523863,31,44.752831110932,3,82.0597089307818,26,61.9103106298855
"SK","SVK","Slovak Republic",2019,11,77.4577403651532,13,75.7205346050123,3,95.0235523073947,30,44.2908338576894,3,81.767221947712,34,57.2142235466496
"SK","SVK","Slovak Republic",2020,12,76.4301646521905,16,71.6841709210899,2,94.6302886992428,30,45.9379943866999,3,81.6900100616801,34,56.6931288034498
"SK","SVK","Slovak Republic",2021,11,76.9064240133117,17,67.7180218966075,2,98.7552149191856,29,47.0883068515909,3,86.9890982633196,34,56.6788243134131
"SK","SVK","Slovak Republic",2022,12,76.1878857900152,19,69.8603161407723,3,98.7932028655739,29,45.2737070845209,3,86.5008392521613,34,56.666642830965
