"ISO_2","ISO_3","Country","Year","Final Rank","Final Score","Corporate Rank","Corporate Score","Income Rank","Income Score","Consumption Rank","Consumption Score","Property Rank","Property Score","International Rank","International Score"
"SK","SVK","Slovak Republic",2014,11,71.9151327623144,14,66.5089349680293,4,88.7629908782416,34,36.5792963418171,4,83.6794014823692,13,74.1858045036601
"SK","SVK","Slovak Republic",2015,12,68.4114127593053,13,62.5234117138179,4,88.7789461328461,34,37.8320914141763,4,83.584994630604,23,61.8355376901413
"SK","SVK","Slovak Republic",2016,12,69.3233435587723,15,62.9897911799449,3,98.1020960897436,35,37.6224142242372,4,83.5397849630483,23,65.1926846208869
"SK","SVK","Slovak Republic",2017,11,68.641756141926,11,68.047688455407,3,94.7824379189483,35,41.0116534322998,3,83.5704910557451,29,56.8851004413261
"SK","SVK","Slovak Republic",2018,10,68.8304544617062,13,68.6670152818776,3,94.5495806703541,35,41.993648791656,3,82.3411537402051,23,62.673613686183
"SK","SVK","Slovak Republic",2019,14,67.9081591518498,16,64.8543543263889,3,95.2853586364497,34,41.8899261330319,3,81.9121068108316,34,57.314894535507
"SK","SVK","Slovak Republic",2020,14,67.9682722193415,17,61.0422440175709,3,95.6517899491464,34,54.0765916243225,3,81.8366735505795,34,56.6466049337336
"SK","SVK","Slovak Republic",2021,11,69.2772564917793,19,58.6353023438018,3,95.8770131181327,34,54.5229354149662,3,87.1223563133899,34,55.7698340642379
