"ISO_2","ISO_3","Country","Year","Final Rank","Final Score","Corporate Rank","Corporate Score","Income Rank","Income Score","Consumption Rank","Consumption Score","Property Rank","Property Score","Cross-Border Rank","Cross-Border Score"
"ES","ESP","Spain",2022,30,59.0461923813127,34,50.6098822465785,16,70.6493156213348,19,54.3382663277321,37,36.3800633772138,17,77.7030282131694
"ES","ESP","Spain",2023,32,57.2453575245322,33,48.3001744519809,18,71.0301275659483,19,54.3382663277321,37,36.4644035497701,17,76.5782351510027
