"ISO_2","ISO_3","Country","Year","Final Rank","Final Score","Corporate Rank","Corporate Score","Income Rank","Income Score","Consumption Rank","Consumption Score","Property Rank","Property Score","Cross-Border Rank","Cross-Border Score"
"ES","ESP","Spain",2014,35,52.2170463647033,36,35.319238602802,31,48.5248466443432,19,52.4861255742632,31,48.4473518598755,25,60.8228746374783
"ES","ESP","Spain",2015,34,54.6819056633038,36,38.9558810627778,24,50.5771866151929,19,54.453621286406,33,48.0842263203402,20,63.7382492041911
"ES","ESP","Spain",2016,29,59.5340915008531,34,44.6001457078293,17,60.4711170441731,18,54.2285447238322,33,47.8827937189664,17,68.5289626536184
"ES","ESP","Spain",2017,29,60.1088398664047,31,53.1588562641761,17,60.5492935586636,18,57.3453152259943,33,47.7627229436902,18,68.0192759056564
"ES","ESP","Spain",2018,30,58.2533747783101,33,49.3151503332322,15,57.8231001589205,18,58.501037555763,33,43.1835284333262,19,66.9151783217649
"ES","ESP","Spain",2019,28,62.6158016691663,33,56.3094899227383,16,57.3826921748873,18,56.9840441847766,33,41.8195938243759,18,78.8075194986039
"ES","ESP","Spain",2020,29,61.5350448014888,34,51.5188193380489,16,57.4751039078316,17,58.293812348329,33,41.9344884211973,17,79.0340387128194
"ES","ESP","Spain",2021,34,55.5460754425123,34,38.4744869917252,17,55.0045630107965,18,57.7415917225968,36,36.435538964797,17,78.1990654362572
