"ISO_2","ISO_3","Country","Year","Final Rank","Final Score","Corporate Rank","Corporate Score","Income Rank","Income Score","Consumption Rank","Consumption Score","Property Rank","Property Score","Cross-Border Rank","Cross-Border Score"
"ES","ESP","Spain",2014,34,57.9231809808633,37,45.1880671906983,26,62.3994918449189,20,53.8363120308196,33,48.0435976038686,26,60.8467906817502
"ES","ESP","Spain",2015,33,59.7786441070648,34,49.3187717998464,20,60.4612989890061,20,55.8097477683774,34,47.6630047555289,22,63.8137036942778
"ES","ESP","Spain",2016,29,64.7746876207607,28,58.4628873850723,13,70.8979972561527,19,53.7763382997559,34,47.4606182815144,17,68.2727920956845
"ES","ESP","Spain",2017,25,63.9553598002281,24,64.6338981942877,12,69.9377366225686,19,55.3773767627073,34,47.3373474625199,18,67.8858203430946
"ES","ESP","Spain",2018,26,64.2531022668393,26,62.4228941082615,13,71.2664287231318,19,57.3318665847093,34,42.6302913243845,20,66.7930091358962
"ES","ESP","Spain",2019,27,67.3744151246972,27,63.158267422502,13,69.0890054404947,19,56.5771062412463,34,41.7431360443216,18,79.1601008273186
"ES","ESP","Spain",2020,27,66.4704835505495,26,59.921157935399,13,69.5790459919816,19,57.1069334834871,34,41.7622268662246,17,79.3093942188099
"ES","ESP","Spain",2021,31,61.0956097502548,30,52.1563441899771,16,66.8629864482268,19,57.1013834697456,37,36.2837109229429,18,78.4525471651996
"ES","ESP","Spain",2022,33,58.4878442518841,30,53.210933215871,22,60.5367906559445,19,54.6390547102929,37,36.3905517214716,17,79.1088492551831
