"ISO_2","ISO_3","Country","Year","Final Rank","Final Score","Corporate Rank","Corporate Score","Income Rank","Income Score","Consumption Rank","Consumption Score","Property Rank","Property Score","International Rank","International Score"
"ES","ESP","Spain",2014,34,51.4154811793052,34,40.9848133656111,30,55.134820498443,15,64.0741568801221,31,48.4473518598755,25,61.4809575717398
"ES","ESP","Spain",2015,31,53.8110027433866,33,40.4675736524892,27,59.2252693081014,15,63.8813313634991,33,48.0842263203402,20,64.7549491129519
"ES","ESP","Spain",2016,28,57.874581015193,30,52.4667840281134,17,67.4779865302358,16,65.0085363185903,33,47.8827937189664,17,69.6662369430415
"ES","ESP","Spain",2017,25,59.4350935151164,28,56.2541319093838,18,66.6766239763187,14,66.2422395239546,33,47.7627229436902,18,69.1438446243904
"ES","ESP","Spain",2018,26,56.9915089521884,25,57.8091977952268,18,66.8238430629028,15,66.9076533578223,33,43.1835284333262,19,68.1552540452031
"ES","ESP","Spain",2019,26,60.0576053857852,27,55.0089500111114,18,67.0368880196407,14,66.5307812302862,33,41.8195938243759,18,79.7236294637577
"ES","ESP","Spain",2020,26,60.330317860341,26,52.6858136401903,18,66.9964704143483,13,73.5824378160407,33,41.9344884211973,17,79.9489545737538
"ES","ESP","Spain",2021,30,57.0899269075274,32,46.791674246317,19,61.2570344151336,10,74.4577287162288,36,36.4355389621439,17,78.1810341437778
