"ISO_2","ISO_3","Country","Year","Final Rank","Final Score","Corporate Rank","Corporate Score","Income Rank","Income Score","Consumption Rank","Consumption Score","Property Rank","Property Score","Cross-Border Rank","Cross-Border Score"
"ES","ESP","Spain",2014,34,51.4116090453302,34,40.9848133656111,30,55.134820498443,15,64.0741568801221,31,48.4473518598755,25,60.8228746374783
"ES","ESP","Spain",2015,31,53.807665949895,33,40.4675736524892,27,59.2252693081014,15,63.8813313634991,33,48.0842263203402,20,63.7382492041911
"ES","ESP","Spain",2016,28,57.8706773098973,30,52.4667840281134,17,67.4779865302358,16,65.0085363185903,33,47.8827937189664,17,68.5289626536184
"ES","ESP","Spain",2017,25,59.4355936763399,28,56.2541319093838,18,66.6766239763187,14,66.2422395239546,33,47.7627229436902,18,68.0192759056564
"ES","ESP","Spain",2018,26,56.9860783244118,25,57.8091977952268,18,66.8238430629028,15,66.9076533578223,33,43.1835284333262,19,66.9151783217649
"ES","ESP","Spain",2019,26,60.0450522651851,27,55.0089500111114,18,67.0368880196407,14,66.5307812302862,33,41.8195938243759,18,78.8075194986039
"ES","ESP","Spain",2020,26,60.3104587185244,26,52.6858136401903,18,66.9964704143483,13,73.5824378160407,33,41.9344884211973,17,79.0340387128194
"ES","ESP","Spain",2021,30,57.0943288581292,32,46.7869550763827,19,61.2570344104146,10,74.4577287185836,36,36.435538964797,17,78.1990654362572
