"ISO_2","ISO_3","Country","Year","Final Rank","Final Score","Corporate Rank","Corporate Score","Income Rank","Income Score","Consumption Rank","Consumption Score","Property Rank","Property Score","Cross-Border Rank","Cross-Border Score"
"ES","ESP","Spain",2014,35,56.4630726047019,36,41.6459351743741,30,63.8911280565733,20,53.8363120308196,33,48.0435976038686,26,60.8467906817502
"ES","ESP","Spain",2015,35,58.5209742097359,36,45.1903438359194,21,66.6415151070794,20,55.8097477683774,34,47.6630047555289,22,63.8137036942778
"ES","ESP","Spain",2016,27,62.9953044813781,33,55.217273318588,15,74.603100078658,19,53.7763382997559,34,47.4606182815144,17,68.2727920956845
"ES","ESP","Spain",2017,26,62.4756523323024,25,58.5539848310627,15,74.7652127461631,19,55.3773767627073,34,47.3373474625199,18,67.8858203430946
"ES","ESP","Spain",2018,26,62.250896595737,26,58.6303023936077,15,72.9194406833968,19,57.3318665847093,34,42.6302913243845,20,66.7930091358962
"ES","ESP","Spain",2019,26,65.1988096569467,27,59.1975537817023,14,72.3695905331942,19,56.5771062412463,34,41.7431360443216,18,79.1601008273186
"ES","ESP","Spain",2020,26,64.362015827831,26,55.8383629210455,14,72.2774308707559,19,57.1069334834871,34,41.7622268662246,17,79.3093942188099
"ES","ESP","Spain",2021,32,58.8607686133445,31,49.9037764354454,16,68.997712613365,19,57.1013834697456,37,36.2837109229429,18,78.4525471651996
"ES","ESP","Spain",2022,34,58.6412454311621,31,51.8688265931533,25,63.2764582603329,19,54.6457607996569,37,36.3905517174304,18,78.958552011435
