"ISO_2","ISO_3","Country","Year","Final Rank","Final Score","Corporate Rank","Corporate Score","Income Rank","Income Score","Consumption Rank","Consumption Score","Property Rank","Property Score","International Rank","International Score"
"ES","ESP","Spain",2014,34,51.3942276729956,34,40.9848133656111,30,55.134820498443,15,64.0741568801221,31,48.4473518598755,24,61.2023648177459
"ES","ESP","Spain",2015,30,53.7845405024376,33,40.4675736524892,27,59.2252693081014,15,63.8813313634991,33,48.0842263203402,19,64.4861239386
"ES","ESP","Spain",2016,27,57.846552685287,30,52.4667840281134,17,67.4779865302358,16,65.0085363185903,33,47.8827937189664,17,69.4512014516616
"ES","ESP","Spain",2017,25,59.4299884185027,28,56.2541319093838,18,66.6766239763187,14,66.2422395239546,33,47.7627229436902,17,68.91635316393
"ES","ESP","Spain",2018,26,56.9838496056993,25,57.8091977952268,18,66.8238430629028,15,66.9076533578223,33,43.1835284333262,18,67.8443589293386
"ES","ESP","Spain",2019,26,60.0502400240639,27,55.0089500111114,18,67.0368880196407,14,66.5307812302862,33,41.8195938243759,17,79.4827788029142
"ES","ESP","Spain",2020,26,60.3243904326918,26,52.6858136401903,18,66.9964704143483,13,73.5824378160407,33,41.9344884211973,16,79.6999504352548
"ES","ESP","Spain",2021,30,57.0806345162359,32,46.791674246317,19,61.2570344151336,10,74.4577287162288,36,36.4355389621439,17,78.4020090534301
