"ISO_2","ISO_3","Country","Year","Final Rank","Final Score","Corporate Rank","Corporate Score","Income Rank","Income Score","Consumption Rank","Consumption Score","Property Rank","Property Score","Cross-Border Rank","Cross-Border Score"
"ES","ESP","Spain",2014,35,57.9501570352525,36,46.2963382982404,30,63.8911280565733,20,53.8363120308196,33,48.0435976038686,26,60.8467906817502
"ES","ESP","Spain",2015,33,60.058950950608,34,50.6586805869686,21,66.6415151070794,20,55.8097477683774,34,47.6630047555289,22,63.8137036942778
"ES","ESP","Spain",2016,26,64.6423715156121,27,62.2687686306701,15,74.603100078658,19,53.7763382997559,34,47.4606182815144,17,68.2727920956845
"ES","ESP","Spain",2017,25,64.4204731864504,22,66.2068334425207,15,74.7652127461631,19,55.3773767627073,34,47.3373474625199,18,67.8858203430946
"ES","ESP","Spain",2018,26,63.8203635049715,25,64.5090137962771,15,72.9194406833968,19,57.3318665847093,34,42.6302913243845,20,66.7930091358962
"ES","ESP","Spain",2019,26,66.9518777946768,26,65.1870089208256,14,72.3695905331942,19,56.5771062412463,34,41.7431360443216,18,79.1601008273186
"ES","ESP","Spain",2020,26,66.1187400872611,24,61.9207327861519,14,72.2774308707559,19,57.1069334834871,34,41.7622268662246,17,79.3093942188099
"ES","ESP","Spain",2021,30,60.5146755608194,28,55.4518157212651,16,68.997712613365,19,57.1013834697456,37,36.2837109229429,18,78.4525471651996
"ES","ESP","Spain",2022,33,58.5750076436707,28,58.9713155102253,25,63.2764582538845,19,54.6390547102929,37,36.3905517214716,17,79.1088492551831
