"ISO_2","ISO_3","Country","Year","Final Rank","Final Score","Corporate Rank","Corporate Score","Income Rank","Income Score","Consumption Rank","Consumption Score","Property Rank","Property Score","Cross-Border Rank","Cross-Border Score"
"SE","SWE","Sweden",2022,11,75.7806841148643,7,74.8822660554154,19,68.0230832366036,22,51.5094569425168,10,73.276299549986,14,81.4345445668475
"SE","SWE","Sweden",2023,12,74.7289606623187,8,74.263618665962,21,70.1121789635358,21,52.3837691543081,10,73.2735157451012,12,80.7820576934094
