"ISO_2","ISO_3","Country","Year","Final Rank","Final Score","Corporate Rank","Corporate Score","Income Rank","Income Score","Consumption Rank","Consumption Score","Property Rank","Property Score","Cross-Border Rank","Cross-Border Score"
"SE","SWE","Sweden",2014,12,75.6972065594706,11,75.7387143460954,23,64.2277318024719,23,50.0773957035742,7,74.9223536973774,11,74.8496461178965
"SE","SWE","Sweden",2015,13,74.5209376146534,11,73.3436797808787,25,58.7270871714446,22,51.8657655951463,7,74.5971010916218,11,74.924926891012
"SE","SWE","Sweden",2016,14,73.9662122460775,12,73.1366995901642,24,60.29267471539,22,48.328790047207,7,75.0316102126671,11,77.0999643219566
"SE","SWE","Sweden",2017,14,71.8438459283868,13,74.844240742444,25,57.0654975917223,20,51.8392744818962,7,74.8587784188968,10,76.6107277750469
"SE","SWE","Sweden",2018,14,73.7805420063193,14,74.4336510340744,25,59.9762695189468,21,54.1242541769718,7,73.1147502914271,10,76.6704075800375
"SE","SWE","Sweden",2019,14,75.5169740015542,11,75.9388232773357,26,57.0174588354502,21,52.8653959033289,7,73.0464369565151,13,82.425635059458
"SE","SWE","Sweden",2020,14,74.3990340816026,10,73.6976602297131,27,56.787268641356,22,53.0005396074743,8,73.5162774947238,14,82.1589211695323
"SE","SWE","Sweden",2021,14,75.4454688051196,10,72.4752237128146,20,63.6033009137103,22,53.2210120692788,8,73.4036786398672,14,82.1483783264519
"SE","SWE","Sweden",2022,10,76.501295911623,10,73.277905899514,13,67.8088215564555,22,52.1916768513293,8,73.4090365677707,11,83.4977002822979
