"ISO_2","ISO_3","Country","Year","Final Rank","Final Score","Corporate Rank","Corporate Score","Income Rank","Income Score","Consumption Rank","Consumption Score","Property Rank","Property Score","Cross-Border Rank","Cross-Border Score"
"SE","SWE","Sweden",2014,9,73.5108052216776,7,73.710933185402,21,65.0933677013081,16,64.0297587464821,7,75.3008850583261,11,74.5518781494357
"SE","SWE","Sweden",2015,9,72.4474385815097,8,69.1346749769066,21,64.0020200425988,16,63.849152597361,7,74.9855348042817,11,74.586704513364
"SE","SWE","Sweden",2016,9,72.1895515190815,9,71.4092004824273,21,64.1270838073375,17,64.3719650798004,7,75.4173622655562,11,76.950606474837
"SE","SWE","Sweden",2017,9,71.1832412863542,8,70.7086496022463,21,63.1735257380133,16,63.0642288659174,7,75.2418956682504,10,76.3895104306316
"SE","SWE","Sweden",2018,9,70.4430836275396,9,72.388631137776,20,64.3068364539013,16,64.0210443881247,7,73.5569879754197,11,76.2472920038787
"SE","SWE","Sweden",2019,7,72.3348216585045,8,72.2846168117925,20,64.2051583354166,16,63.5703456319875,7,73.2827860908901,14,81.0015324368752
"SE","SWE","Sweden",2020,8,72.0301381789048,9,70.776158981182,20,63.6874453722304,16,69.7243460445879,8,73.7471902444921,14,80.6640969179632
"SE","SWE","Sweden",2021,8,72.9500838042938,9,71.1371611414078,18,63.106379441108,16,69.5665851349643,8,73.6641142477405,14,80.6447876319192
