"ISO_2","ISO_3","Country","Year","Final Rank","Final Score","Corporate Rank","Corporate Score","Income Rank","Income Score","Consumption Rank","Consumption Score","Property Rank","Property Score","Cross-Border Rank","Cross-Border Score"
"SE","SWE","Sweden",2022,12,75.3017020284475,7,74.8822660554154,21,73.7580013033097,21,51.3482023376467,10,73.276299549986,14,81.4345445668475
"SE","SWE","Sweden",2023,12,75.059407744596,8,74.263618665962,21,71.0699907018389,21,51.3482023376467,10,73.2735157451012,12,80.7820576934094
