"ISO_2","ISO_3","Country","Year","Final Rank","Final Score","Corporate Rank","Corporate Score","Income Rank","Income Score","Consumption Rank","Consumption Score","Property Rank","Property Score","Cross-Border Rank","Cross-Border Score"
"SE","SWE","Sweden",2014,12,74.9499910268017,8,74.8320937576736,25,66.3467154981076,23,50.0773957035742,7,74.9223536973774,11,74.8496461178965
"SE","SWE","Sweden",2015,12,73.8179064479949,9,72.5369716920619,26,63.8077806643361,22,51.8657655951463,7,74.5971010916218,11,74.924926891012
"SE","SWE","Sweden",2016,13,73.3017082974843,10,72.9549294775188,25,62.9177236070197,22,48.328790047207,7,75.0316102126671,11,77.0999643219566
"SE","SWE","Sweden",2017,14,71.4916849815811,9,72.0661880806566,27,62.1418398913541,20,51.8392744818962,7,74.8587784188968,10,76.6107277750469
"SE","SWE","Sweden",2018,13,72.9747679056704,9,73.7897210954224,27,61.0309144770545,21,54.1242541769718,7,73.1147502914271,10,76.6704075800375
"SE","SWE","Sweden",2019,13,74.7281459459483,8,75.1000534105918,26,60.1357542391203,21,52.8653959033289,7,73.0464369565151,13,82.425635059458
"SE","SWE","Sweden",2020,13,73.866658717214,8,73.1428873273327,25,59.6891166883946,22,53.0005396074743,8,73.5162774947238,14,82.1589211695323
"SE","SWE","Sweden",2021,12,74.188520135019,8,73.3105968761427,23,64.5120872230849,22,53.2210120692788,8,73.4036786398672,14,82.1483783264519
"SE","SWE","Sweden",2022,12,74.2755656552341,8,74.4079480892973,17,64.6007580967172,22,52.1916768750952,8,73.4090365611368,12,83.3789777574656
