"ISO_2","ISO_3","Country","Year","Final Rank","Final Score","Corporate Rank","Corporate Score","Income Rank","Income Score","Consumption Rank","Consumption Score","Property Rank","Property Score","Cross-Border Rank","Cross-Border Score"
"SE","SWE","Sweden",2022,11,75.8423895846566,7,74.8822660554154,19,68.0230832366036,21,51.3482023376467,10,73.276299549986,14,81.4345445668475
"SE","SWE","Sweden",2023,12,75.5047938316968,8,74.263618665962,21,70.1121789635358,21,51.3482023376467,10,73.2735157451012,12,80.7820576934094
