"ISO_2","ISO_3","Country","Year","Final Rank","Final Score","Corporate Rank","Corporate Score","Income Rank","Income Score","Consumption Rank","Consumption Score","Property Rank","Property Score","International Rank","International Score"
"SE","SWE","Sweden",2014,9,73.4924558287128,7,73.710933185402,21,65.0933677013081,16,64.0297587464821,7,75.3008850583261,11,74.9107687356549
"SE","SWE","Sweden",2015,9,72.4239531405669,8,69.1346749769066,21,64.0020200425988,16,63.849152597361,7,74.9855348042817,11,75.2120154108048
"SE","SWE","Sweden",2016,9,72.1656396883666,9,71.4092004824273,21,64.1270838073375,17,64.3719650798004,7,75.4173622655562,11,77.7026942258052
"SE","SWE","Sweden",2017,9,71.1652024594115,8,70.7086496022463,21,63.1735257380133,16,63.0642288659174,7,75.2418956682504,10,77.1655315504841
"SE","SWE","Sweden",2018,9,70.4200289931213,9,72.388631137776,20,64.3068364539013,16,64.0210443881247,7,73.5569879754197,11,77.0584902061449
"SE","SWE","Sweden",2019,7,72.3298982616179,8,72.2846168117925,20,64.2051583354166,16,63.5703456319875,7,73.2827860908901,14,81.7388369919726
"SE","SWE","Sweden",2020,8,72.0204881459609,9,70.776158981182,20,63.6874453722304,16,69.7243460445879,8,73.7471902444921,14,81.3889681229808
"SE","SWE","Sweden",2021,8,72.9336163691799,9,70.9425693457849,18,63.0007538322953,16,69.5665851295967,8,73.6641142487113,14,80.6104092527669
