"ISO_2","ISO_3","Country","Year","Final Rank","Final Score","Corporate Rank","Corporate Score","Income Rank","Income Score","Consumption Rank","Consumption Score","Property Rank","Property Score","International Rank","International Score"
"CH","CHE","Switzerland",2014,4,77.707061675208,8,73.647490305116,15,73.4912812550481,2,99.6274524972891,34,42.4988801494207,6,78.4845199808351
"CH","CHE","Switzerland",2015,4,77.5354361547462,7,70.1507225824904,13,73.3378315017541,1,100,35,42.6566867054908,7,79.3124850142452
"CH","CHE","Switzerland",2016,5,76.6062054120381,7,72.6517355258362,14,72.3396356116721,2,99.227853236472,35,42.7975723945373,7,81.4596776484002
"CH","CHE","Switzerland",2017,5,75.393163994435,9,70.6938042007235,13,71.3936259984788,1,100,35,42.6940361989808,8,81.5905211399042
"CH","CHE","Switzerland",2018,5,74.7109517742039,8,72.8654112514433,13,72.1281130673937,1,100,35,37.7259748941335,7,81.2730826223954
"CH","CHE","Switzerland",2019,4,79.2431801129042,9,71.5767265031135,13,72.3078709543121,1,100,36,36.2725310248507,3,97.7391013595608
"CH","CHE","Switzerland",2020,4,78.0520766478288,13,66.1473156228298,13,71.9001479826206,1,100,36,36.2722223215409,2,98.9267078999687
"CH","CHE","Switzerland",2021,4,78.4463692992662,10,67.7968214156904,15,67.5496593544476,1,100,35,36.4370048846049,2,98.9876549970159
