"ISO_2","ISO_3","Country","Year","Final Rank","Final Score","Corporate Rank","Corporate Score","Income Rank","Income Score","Consumption Rank","Consumption Score","Property Rank","Property Score","Cross-Border Rank","Cross-Border Score"
"CH","CHE","Switzerland",2014,6,82.4087450112722,10,74.3422677358692,10,84.3711586786211,4,94.1927403515564,35,42.1764995764951,6,78.0929518339399
"CH","CHE","Switzerland",2015,6,82.1573288844012,10,72.3349926026331,10,83.870229264222,2,99.007578243432,36,42.3260213756027,7,78.672570278554
"CH","CHE","Switzerland",2016,6,80.8680571530017,9,73.3379858223236,10,82.8441607305755,5,89.700246784504,36,42.4733697440084,7,80.5656663543775
"CH","CHE","Switzerland",2017,5,79.0983810604682,10,71.6013628895588,10,82.700683187764,2,95.3363575340914,36,42.3768648100858,8,80.773344778987
"CH","CHE","Switzerland",2018,6,80.3543398545602,11,72.7637161707808,10,82.0811151614988,3,95.9198943458157,36,37.2970471630401,7,80.3863386468801
"CH","CHE","Switzerland",2019,4,84.5569747639814,11,71.8396839340059,10,81.7184072865403,3,95.5073209436897,37,36.3835684305532,4,97.3895916219181
"CH","CHE","Switzerland",2020,5,83.5944319022776,14,67.070431770479,9,81.065684068573,3,95.9862447489773,37,36.3632316896303,4,98.3669119222854
"CH","CHE","Switzerland",2021,5,83.6740787345346,10,68.4349104963185,8,84.3521164304315,3,95.0234586463644,36,36.5267107860826,4,98.4204849717211
"CH","CHE","Switzerland",2022,4,82.699771587843,11,69.3854565681399,9,83.9944874766969,4,90.0544833210994,36,36.4405256903948,2,99.4727721451355
