"ISO_2","ISO_3","Country","Year","Final Rank","Final Score","Corporate Rank","Corporate Score","Income Rank","Income Score","Consumption Rank","Consumption Score","Property Rank","Property Score","Cross-Border Rank","Cross-Border Score"
"CH","CHE","Switzerland",2014,7,81.456062163874,5,80.3535016540199,15,69.3688449162104,4,94.1927403515564,35,42.1764995764951,6,78.0929518339399
"CH","CHE","Switzerland",2015,7,80.8840215420273,5,78.8743791057564,16,63.4169835752905,2,99.007578243432,36,42.3260213756027,7,78.672570278554
"CH","CHE","Switzerland",2016,8,79.79125938063,6,78.9759236702954,16,65.5862939070796,5,89.700246784504,36,42.4733697440084,7,80.5656663543775
"CH","CHE","Switzerland",2017,8,77.5081181753228,5,80.1555717070507,19,61.7798132212654,2,95.3363575340914,36,42.3768648100858,8,80.773344778987
"CH","CHE","Switzerland",2018,7,78.6555295314595,5,80.1729823027016,22,61.8906392936963,3,95.9198943458157,36,37.2970471630401,7,80.3863386468801
"CH","CHE","Switzerland",2019,7,82.1672602583068,6,80.5253608715369,27,56.6272520353103,3,95.5073209436897,37,36.3835684305532,4,97.3895916219181
"CH","CHE","Switzerland",2020,5,82.3506400878334,8,77.9872357207043,22,59.7142978562161,3,95.9862447489773,37,36.3632316896303,4,98.3669119222854
"CH","CHE","Switzerland",2021,5,82.1695579599595,7,78.9581203932731,25,60.8093071439621,3,95.0234586463644,36,36.5267107860826,4,98.4204849717211
"CH","CHE","Switzerland",2022,6,80.3789188065166,7,79.7614292814002,24,59.4557717587101,4,90.0544833307721,36,36.5452871844647,3,98.7622467340743
