"ISO_2","ISO_3","Country","Year","Final Rank","Final Score","Corporate Rank","Corporate Score","Income Rank","Income Score","Consumption Rank","Consumption Score","Property Rank","Property Score","Cross-Border Rank","Cross-Border Score"
"CH","CHE","Switzerland",2014,6,83.6457755768917,10,78.6789826753939,10,84.3711586786211,4,94.1927403515564,35,42.1764995764951,6,78.0929518339399
"CH","CHE","Switzerland",2015,6,83.4103101898991,10,76.7094472579975,10,83.870229264222,2,99.007578243432,36,42.3260213756027,7,78.672570278554
"CH","CHE","Switzerland",2016,6,82.1197697495842,9,78.2951066449651,10,82.8441607305755,5,89.700246784504,36,42.4733697440084,7,80.5656663543775
"CH","CHE","Switzerland",2017,5,80.7619642833663,10,77.6129820986715,10,82.700683187764,2,95.3363575340914,36,42.3768648100858,8,80.773344778987
"CH","CHE","Switzerland",2018,6,81.5949209770774,13,76.941937156714,10,82.0811151614988,3,95.9198943458157,36,37.2970471630401,7,80.3863386468801
"CH","CHE","Switzerland",2019,4,85.9965356738003,12,75.9790790508401,10,81.7184072865403,3,95.5073209436897,37,36.3835684305532,4,97.3895916219181
"CH","CHE","Switzerland",2020,5,85.8704722639635,12,74.3612121852728,9,81.065684068573,3,95.9862447489773,37,36.3632316896303,4,98.3669119222854
"CH","CHE","Switzerland",2021,4,86.0170854456053,10,76.0431437619167,8,84.3521164304315,3,95.0234586463644,36,36.5267107860826,4,98.4204849717211
"CH","CHE","Switzerland",2022,4,85.0633376256787,11,77.8027818758792,9,84.4960655212009,4,90.0544833307721,36,36.5452871844647,3,98.7622467340743
