"ISO_2","ISO_3","Country","Year","Final Rank","Final Score","Corporate Rank","Corporate Score","Income Rank","Income Score","Consumption Rank","Consumption Score","Property Rank","Property Score","Cross-Border Rank","Cross-Border Score"
"TR","TUR","Turkey",2014,8,80.2422220791977,9,78.8933893929711,9,87.9210248054444,16,63.0228925810895,23,61.3325020632241,14,71.6435093106542
"TR","TUR","Turkey",2015,8,80.4722812142585,8,77.3930833598538,8,88.2212417492944,13,68.2368401322218,23,61.412782818581,13,71.4196666448843
"TR","TUR","Turkey",2016,7,80.7672689589231,5,82.8799621166357,9,87.8000064509632,15,62.5297866437793,23,61.4301887411589,13,73.8289526306544
"TR","TUR","Turkey",2017,7,78.4065681254142,5,82.1153009330172,9,87.4240245810813,15,63.9318382010008,23,61.2021112986115,13,73.9772690034165
"TR","TUR","Turkey",2018,8,77.7840192556757,8,78.8274838060308,9,84.171076858472,15,64.2019033543415,23,58.450268192814,13,73.7833024890547
"TR","TUR","Turkey",2019,8,81.7769234853302,9,79.1689423430042,9,84.0584532144262,15,63.6262401637176,23,57.9434600494062,8,86.6173385220468
"TR","TUR","Turkey",2020,8,79.4730698798066,16,71.7032582256275,8,82.916242848032,15,63.4396016018811,23,58.1956321904136,9,86.5045494897853
"TR","TUR","Turkey",2021,12,76.1669019420859,22,62.4989027145167,7,85.7833226444319,17,59.9309766590225,23,58.1156115143909,9,86.553837105281
"TR","TUR","Turkey",2022,9,78.7192683944383,18,64.7034793775859,8,83.495601769947,13,65.0198341871126,23,57.9696606758412,9,86.5525138371684
