"ISO_2","ISO_3","Country","Year","Final Rank","Final Score","Corporate Rank","Corporate Score","Income Rank","Income Score","Consumption Rank","Consumption Score","Property Rank","Property Score","Cross-Border Rank","Cross-Border Score"
"TR","TUR","Turkey",2014,9,80.2526703930994,10,77.3769194400139,8,83.763780287705,16,63.0228925810895,23,61.3325020632241,14,71.6435093106542
"TR","TUR","Turkey",2015,8,80.5067280896481,10,75.7345619916911,8,81.1989167733296,13,68.2368401322218,23,61.412782818581,13,71.4196666448843
"TR","TUR","Turkey",2016,7,80.9009174809115,5,80.0760048007337,9,81.5308524459048,15,62.5297866437793,23,61.4301887411589,13,73.8289526306544
"TR","TUR","Turkey",2017,7,77.6745755214309,4,80.48056221847,9,80.5058402748753,15,63.9318382010008,23,61.2021112986115,13,73.9772690034165
"TR","TUR","Turkey",2018,9,77.4643883834926,9,77.0206053211707,10,78.0983343912931,15,64.2019033543415,23,58.450268192814,13,73.7833024890547
"TR","TUR","Turkey",2019,9,81.3940824036083,8,77.4007703084966,8,76.4674841409858,15,63.6262401637176,23,57.9434600494062,8,86.6173385220468
"TR","TUR","Turkey",2020,9,79.166114158764,17,69.7038559230807,8,77.3632817275174,15,63.4396016018811,23,58.1956321904136,9,86.5045494897853
"TR","TUR","Turkey",2021,11,76.4815108082465,23,61.2365006877486,7,79.3389759879034,17,59.9309766590225,23,58.1156115143909,9,86.553837105281
"TR","TUR","Turkey",2022,8,78.1237588997844,20,66.1140539991328,8,77.8529527956024,13,65.0198341871126,23,57.9696606758412,9,86.5525138371684
