"ISO_2","ISO_3","Country","Year","Final Rank","Final Score","Corporate Rank","Corporate Score","Income Rank","Income Score","Consumption Rank","Consumption Score","Property Rank","Property Score","Cross-Border Rank","Cross-Border Score"
"TR","TUR","Turkey",2014,9,79.00770152476,11,73.1287897682262,9,81.1367935370688,14,61.4438684978256,22,61.3818461147322,14,71.4340547625178
"TR","TUR","Turkey",2015,7,79.2042657545859,10,71.756034860201,9,78.8542111859719,12,66.4669147912146,22,61.4689874767658,13,71.1439813622648
"TR","TUR","Turkey",2016,9,77.4268106746089,14,67.9784230837949,9,77.8979998790441,14,63.0793418035431,22,61.4774682036597,13,73.7615877484632
"TR","TUR","Turkey",2017,8,75.5696435973432,13,68.8220728214248,9,77.3646224940817,14,66.3102667930375,22,61.2543195886322,13,73.8886634190742
"TR","TUR","Turkey",2018,9,75.2513084584356,14,65.0964591683558,9,77.1987578669257,13,65.7015423917651,22,58.5642510902273,13,73.5014969591037
"TR","TUR","Turkey",2019,7,79.9718880042232,13,70.1135511895758,9,77.1394788543274,13,64.1930545843774,22,57.6840840679092,8,85.7611373946813
"TR","TUR","Turkey",2020,8,76.3447760642959,24,57.8347134331881,8,76.2314526753527,13,64.9168676866278,22,57.9239440740427,8,85.663524402187
"TR","TUR","Turkey",2021,12,71.3417712324151,31,48.1182257442499,9,70.9815584758116,15,60.9661864370385,22,57.9823381219465,8,85.7488852423069
