"ISO_2","ISO_3","Country","Year","Final Rank","Final Score","Corporate Rank","Corporate Score","Income Rank","Income Score","Consumption Rank","Consumption Score","Property Rank","Property Score","Cross-Border Rank","Cross-Border Score"
"TR","TUR","Turkey",2022,13,74.3109011451158,20,63.5641206532975,14,75.027549074714,13,61.0240299258911,22,58.1535785503777,7,86.3180963136107
"TR","TUR","Turkey",2023,10,76.5522739957699,11,69.1730512738624,12,79.5803468941163,13,61.0240299258911,22,58.1263191627732,7,86.465525725426
