"ISO_2","ISO_3","Country","Year","Final Rank","Final Score","Corporate Rank","Corporate Score","Income Rank","Income Score","Consumption Rank","Consumption Score","Property Rank","Property Score","International Rank","International Score"
"TR","TUR","Turkey",2014,12,69.6541796855645,9,71.0304210343253,8,83.413393133738,26,53.1071659644085,22,61.3818461147322,14,71.4340547625178
"TR","TUR","Turkey",2015,11,69.5408360450264,10,67.1667356004578,8,83.7474179484901,26,54.4145681624013,22,61.4689874767658,13,71.1439813622648
"TR","TUR","Turkey",2016,13,68.7329442828933,10,70.7531435430323,8,83.0824987394835,26,53.4007549659198,22,61.4774682036597,13,73.7615877484632
"TR","TUR","Turkey",2017,14,67.0447727080973,10,68.1773332526295,8,82.1767529153771,25,49.9883748439556,22,61.2543195886322,13,73.8886634190742
"TR","TUR","Turkey",2018,14,65.4050036915064,15,67.393108290343,8,82.4318653877465,25,52.2195922517998,22,58.5642510902273,13,73.5014969591037
"TR","TUR","Turkey",2019,12,69.7084431261213,14,65.9736340881598,8,81.4260262269068,23,55.6644641925942,22,57.6840840679092,8,85.7611373946813
"TR","TUR","Turkey",2020,10,70.286837737346,18,60.5140120061774,7,83.8566861773292,20,66.0797776682229,22,57.9239440740427,8,85.663524402187
"TR","TUR","Turkey",2021,17,66.7021264249896,26,52.9319921292818,8,77.2642363076985,23,64.1172400460426,22,57.9823381214857,8,85.7488852451276
