"ISO_2","ISO_3","Country","Year","Final Rank","Final Score","Corporate Rank","Corporate Score","Income Rank","Income Score","Consumption Rank","Consumption Score","Property Rank","Property Score","International Rank","International Score"
"TR","TUR","Turkey",2014,12,69.657491572842,9,71.0304210343253,8,83.413393133738,26,53.1071659644085,22,61.3818461147322,14,71.9222282302743
"TR","TUR","Turkey",2015,11,69.5476202618141,10,67.1667356004578,8,83.7474179484901,26,54.4145681624013,22,61.4689874767658,13,71.9716779504132
"TR","TUR","Turkey",2016,13,68.7395549288318,10,70.7531435430323,8,83.0824987394835,26,53.4007549659198,22,61.4774682036597,13,74.7248520366711
"TR","TUR","Turkey",2017,14,67.0472661419252,10,68.1773332526295,8,82.1767529153771,25,49.9883748439556,22,61.2543195886322,13,74.8241843534555
"TR","TUR","Turkey",2018,14,65.4076514088244,15,67.393108290343,8,82.4318653877465,25,52.2195922517998,22,58.5642510902273,13,74.4982764394436
"TR","TUR","Turkey",2019,12,69.717594913548,14,65.9736340881598,8,81.4260262269068,23,55.6644641925942,22,57.6840840679092,8,86.3694846753868
"TR","TUR","Turkey",2020,10,70.3013420829964,18,60.5140120061774,7,83.8566861773292,20,66.0797776682229,22,57.9239440740427,8,86.2765820707312
"TR","TUR","Turkey",2021,17,66.706268674335,26,52.9319921292818,8,77.2642363076985,23,64.1172400460426,22,57.9823381214857,8,85.7145626246569
