"ISO_2","ISO_3","Country","Year","Final Rank","Final Score","Corporate Rank","Corporate Score","Income Rank","Income Score","Consumption Rank","Consumption Score","Property Rank","Property Score","Cross-Border Rank","Cross-Border Score"
"TR","TUR","Turkey",2014,8,79.0862167236788,9,74.5134763491859,9,87.9210248054444,16,63.0228925810895,23,61.3325020632241,14,71.6435093106542
"TR","TUR","Turkey",2015,8,79.2963710485243,8,72.9718963952754,8,88.2212417492944,13,68.2368401322218,23,61.412782818581,13,71.4196666448843
"TR","TUR","Turkey",2016,8,78.7135917372409,8,74.5235043262205,9,87.8000064509632,15,62.5297866437793,23,61.4301887411589,13,73.8289526306544
"TR","TUR","Turkey",2017,8,76.0441492904412,6,72.6434777358884,9,87.4240245810813,15,63.9318382010008,23,61.2021112986115,13,73.9772690034165
"TR","TUR","Turkey",2018,8,75.8742920268112,12,71.6559983895607,9,84.171076858472,15,64.2019033543415,23,58.450268192814,13,73.7833024890547
"TR","TUR","Turkey",2019,8,79.6385105041107,10,71.9018910842918,9,84.0584532144262,15,63.6262401637176,23,57.9434600494062,8,86.6173385220468
"TR","TUR","Turkey",2020,9,77.3638324604467,17,64.8708347992086,8,82.8195029269899,15,63.4396016018811,23,58.1956321904136,9,86.5045494897853
"TR","TUR","Turkey",2021,13,73.9654033234281,23,57.4656705905934,7,85.7833226333696,17,59.9309766590225,23,58.1156115143909,9,86.553837105281
"TR","TUR","Turkey",2022,9,76.5659374099219,20,61.985210512937,8,84.9815559190297,13,64.6989941463619,23,57.9696606688322,8,87.1751987446728
