"ISO_2","ISO_3","Country","Year","Final Rank","Final Score","Corporate Rank","Corporate Score","Income Rank","Income Score","Consumption Rank","Consumption Score","Property Rank","Property Score","Cross-Border Rank","Cross-Border Score"
"TR","TUR","Turkey",2014,8,80.2367383346851,9,78.8690150821703,9,87.9210248054444,16,63.0228925810895,23,61.3325020632241,14,71.6435093106542
"TR","TUR","Turkey",2015,8,80.4750033952103,8,77.4066340828361,8,88.2212417492944,13,68.2368401322218,23,61.412782818581,13,71.4196666448843
"TR","TUR","Turkey",2016,7,80.7672689589231,5,82.8799621166357,9,87.8000064509632,15,62.5297866437793,23,61.4301887411589,13,73.8289526306544
"TR","TUR","Turkey",2017,7,78.4063381106586,5,82.1145017086847,9,87.4240245810813,15,63.9318382010008,23,61.2021112986115,13,73.9772690034165
"TR","TUR","Turkey",2018,8,77.7834444144925,8,78.8254844102566,9,84.171076858472,15,64.2019033543415,23,58.450268192814,13,73.7833024890547
"TR","TUR","Turkey",2019,8,81.7757357428426,9,79.161811030128,9,84.0584532144262,15,63.6262401637176,23,57.9434600494062,8,86.6173385220468
"TR","TUR","Turkey",2020,9,79.4716333973862,15,71.9249699244503,8,82.8195029269899,15,63.4396016018811,23,58.1956321904136,9,86.5045494897853
"TR","TUR","Turkey",2021,12,76.038786759815,22,63.8544014802288,7,85.7833226333696,17,59.9309766590225,23,58.1156115143909,9,86.553837105281
"TR","TUR","Turkey",2022,9,78.6230508455321,18,70.8415755817135,8,84.9815559168297,13,65.0198341871126,23,57.9696606758412,9,86.5525138371684
