"ISO_2","ISO_3","Country","Year","Final Rank","Final Score","Corporate Rank","Corporate Score","Income Rank","Income Score","Consumption Rank","Consumption Score","Property Rank","Property Score","Cross-Border Rank","Cross-Border Score"
"TR","TUR","Turkey",2022,11,75.974102879437,20,63.5641206532975,10,86.5683950513634,13,61.0240299258911,22,58.1535785503777,7,86.3180963136107
"TR","TUR","Turkey",2023,11,75.2833694314461,11,69.1730512738624,15,77.0300442039193,13,61.0240299258911,22,58.1263191627732,7,86.465525725426
