"ISO_2","ISO_3","Country","Year","Final Rank","Final Score","Corporate Rank","Corporate Score","Income Rank","Income Score","Consumption Rank","Consumption Score","Property Rank","Property Score","Cross-Border Rank","Cross-Border Score"
"US","USA","United States",2014,31,56.115841543956,35,39.8351456218497,29,55.9857920146002,4,90.7618574487163,30,51.0807513389655,33,46.9382379351283
"US","USA","United States",2015,30,56.1597989699939,36,34.071013376296,29,57.0704305146465,5,91.7946170207024,31,51.2616663596503,34,46.4254744490628
"US","USA","United States",2016,30,55.548368288363,36,38.3904579995161,28,57.2997400258761,4,92.7024379714496,30,51.600514474291,34,50.7529083366498
"US","USA","United States",2017,28,55.8764487952305,35,41.1061186686562,28,56.2369726254926,5,90.8234000895859,30,51.5927332780927,34,50.4304572574471
"US","USA","United States",2018,24,59.4515259438383,20,62.9751262532482,28,56.9698174423913,5,90.1865033178846,28,48.0427667985686,34,50.9683079403455
"US","USA","United States",2019,22,62.7459204413172,18,61.702084695627,28,56.988043653489,5,89.7012425915974,28,46.771682363604,32,60.259655961959
"US","USA","United States",2020,21,62.7930544995046,19,60.102859684356,26,56.8708621420535,5,92.3675337268171,29,47.2712183973964,32,60.3087797518233
"US","USA","United States",2021,21,62.7942404187684,20,57.4281486555026,26,53.888883444739,5,92.3002177339497,28,46.8852093889058,32,60.2687739700802
