"ISO_2","ISO_3","Country","Year","Final Rank","Final Score","Corporate Rank","Corporate Score","Income Rank","Income Score","Consumption Rank","Consumption Score","Property Rank","Property Score","Cross-Border Rank","Cross-Border Score"
"US","USA","United States",2014,29,64.3343314135771,34,46.3240649306157,29,64.2023933195916,6,91.7637505669317,31,50.635950417186,34,46.9881576366026
"US","USA","United States",2015,26,64.4759501083354,35,45.8654743633596,28,63.264303491981,4,97.5474063700667,32,50.8004792298809,35,46.5467162088965
"US","USA","United States",2016,25,64.0338606677909,36,46.0910384423118,23,62.9746456467468,3,92.9468804471264,31,51.1320675789062,35,50.5301563075073
"US","USA","United States",2017,25,62.7396536677115,36,48.8808916206655,25,63.1535164557328,5,92.7165393277756,31,51.1180677497625,35,50.2506009577223
"US","USA","United States",2018,25,66.2381682642967,20,64.3847969157632,26,61.7410821422817,5,92.795829666447,30,47.5008731950595,35,46.3697495429452
"US","USA","United States",2019,22,69.266789762565,17,65.9947138714897,25,61.2367886267624,5,92.4429313246471,29,46.8810886376699,35,53.5797098615504
"US","USA","United States",2020,22,68.4612178321389,19,63.1895855955274,24,61.1930255647491,4,92.9415371935521,30,47.4426731753636,35,52.9611923081566
"US","USA","United States",2021,22,67.6961022633669,21,60.6437854498257,21,65.2400859435007,4,93.0818934113794,29,47.461898855369,35,52.9357605325879
"US","USA","United States",2022,22,66.8173605901794,22,61.3546365460029,21,64.1602617565073,3,91.2603183635018,29,46.7953594039694,35,52.5753359305397
