"ISO_2","ISO_3","Country","Year","Final Rank","Final Score","Corporate Rank","Corporate Score","Income Rank","Income Score","Consumption Rank","Consumption Score","Property Rank","Property Score","Cross-Border Rank","Cross-Border Score"
"US","USA","United States",2022,21,68.2525907177393,22,61.350023150634,20,67.7881125153953,4,91.7347000664453,29,45.8683525526545,35,50.2544374165059
"US","USA","United States",2023,21,66.4063263255791,22,58.4491905297784,22,69.725258354665,4,93.5601936727574,29,46.203817538524,35,51.7358983415219
