"ISO_2","ISO_3","Country","Year","Final Rank","Final Score","Corporate Rank","Corporate Score","Income Rank","Income Score","Consumption Rank","Consumption Score","Property Rank","Property Score","Cross-Border Rank","Cross-Border Score"
"US","USA","United States",2014,29,65.0668558070842,34,47.4371217369027,29,64.2023933195916,6,91.7637505669317,31,50.635950417186,34,46.9881576366026
"US","USA","United States",2015,27,65.2351043819478,36,47.5947264221179,28,63.264303491981,4,97.5474063700667,32,50.8004792298809,35,46.5467162088965
"US","USA","United States",2016,25,64.8151634742689,36,49.0712757954862,23,62.9746456467468,3,92.9468804471264,31,51.1320675789062,35,50.5301563075073
"US","USA","United States",2017,26,63.8539108595782,36,51.767026561024,25,63.1535164557328,5,92.7165393277756,31,51.1180677497625,35,50.2506009577223
"US","USA","United States",2018,24,67.8205324466234,19,70.4898876580508,26,61.7410821422817,5,92.795829666447,30,47.5008731950595,35,46.3697495429452
"US","USA","United States",2019,22,71.0355628385059,18,72.3161268659648,25,61.2367886267624,5,92.4429313246471,29,46.8810886376699,35,53.5797098615504
"US","USA","United States",2020,21,70.2345639316959,19,69.6880536690706,24,61.1930255647491,4,92.9415371935521,30,47.4426731753636,35,52.9611923081566
"US","USA","United States",2021,20,69.5953785831579,18,67.3858424272508,21,65.2400859435007,4,93.0818934113794,29,47.461898855369,35,52.9357605325879
"US","USA","United States",2022,19,68.7264406583809,21,69.1799155111685,21,64.1602617525865,3,91.2603183848624,29,46.7953594092001,35,52.9140862056726
