"ISO_2","ISO_3","Country","Year","Final Rank","Final Score","Corporate Rank","Corporate Score","Income Rank","Income Score","Consumption Rank","Consumption Score","Property Rank","Property Score","Cross-Border Rank","Cross-Border Score"
"US","USA","United States",2014,29,61.7473726045431,34,45.9502526656254,29,49.8028799245145,5,89.7118301956982,30,51.0807513389655,33,46.9382379351283
"US","USA","United States",2015,28,61.8853788298901,34,45.3847498787078,29,47.3520292649159,3,95.4141329418676,31,51.2616663596503,34,46.4254744490628
"US","USA","United States",2016,28,61.3444732226185,35,42.5265928896076,27,47.3385471180334,3,93.8262321137655,30,51.600514474291,34,50.7529083366498
"US","USA","United States",2017,27,61.0785862465405,35,49.8023768006071,27,47.4339492306205,4,96.6723834365345,30,51.5927332780927,34,50.4304572574471
"US","USA","United States",2018,20,65.5555542942491,13,67.3368813863075,28,45.0393299271826,4,94.9465781312525,28,48.0427667985686,34,50.9683079403455
"US","USA","United States",2019,18,69.920777449245,12,72.323155641359,28,44.6227293550045,5,92.8639962730277,28,46.771682363604,32,60.259655961959
"US","USA","United States",2020,15,69.1568975666469,14,69.4944955353654,27,44.6058837710877,4,94.496092491497,29,47.2712183973964,32,60.3087797518233
"US","USA","United States",2021,17,68.151053655958,13,64.926171122331,27,45.9774496047287,4,94.0328287597487,28,47.218979327037,32,60.2687739700802
