"ISO_2","ISO_3","Country","Year","Final Rank","Final Score","Corporate Rank","Corporate Score","Income Rank","Income Score","Consumption Rank","Consumption Score","Property Rank","Property Score","Cross-Border Rank","Cross-Border Score"
"US","USA","United States",2014,30,65.1127653407061,34,45.967624521839,24,63.2827829429902,6,91.7637505669317,31,50.635950417186,34,46.9881576366026
"US","USA","United States",2015,28,65.3221392927692,36,45.6473622304956,22,59.4974896047412,4,97.5474063700667,32,50.8004792298809,35,46.5467162088965
"US","USA","United States",2016,28,64.8913288278568,36,44.3198026782968,22,61.6377321374962,3,92.9468804471264,31,51.1320675789062,35,50.5301563075073
"US","USA","United States",2017,26,63.3865276320149,36,50.1705378385502,21,59.8729505734673,5,92.7165393277756,31,51.1180677497625,35,50.2506009577223
"US","USA","United States",2018,22,68.2784140172103,19,67.3005738858251,19,62.7647430250555,5,92.795829666447,30,47.5008731950595,35,46.3697495429452
"US","USA","United States",2019,22,71.6338685727157,18,69.1147757267399,18,61.0569524539242,5,92.4429313246471,29,46.8810886376699,35,53.5797098615504
"US","USA","United States",2020,22,70.7935597435213,20,66.6828440965492,19,61.3235254542385,4,92.9415371935521,30,47.4426731753636,35,52.9611923081566
"US","USA","United States",2021,22,70.3878500890914,20,63.2836291065885,19,65.355434006198,4,93.0818934113794,29,47.461898855369,35,52.9357605325879
"US","USA","United States",2022,21,68.8766706037931,22,63.3474407630824,20,63.2234525316177,3,91.2603183848624,29,46.7953594092001,35,52.9140862056726
