"ISO_2","ISO_3","Country","Year","Final Rank","Final Score","Corporate Rank","Corporate Score","Income Rank","Income Score","Consumption Rank","Consumption Score","Property Rank","Property Score","Cross-Border Rank","Cross-Border Score"
"GB","GBR","United Kingdom",2014,28,66.5227839019653,18,69.5339629004167,26,65.5432026945364,34,35.3243667794055,34,43.4447161688554,2,95.2305272551044
"GB","GBR","United Kingdom",2015,26,65.8706685879324,17,68.9324297715067,27,63.4613925612623,35,37.4088452101046,35,43.3209058877359,2,95.1434654197443
"GB","GBR","United Kingdom",2016,27,64.2991698269412,16,70.9441129065114,31,59.3776110872657,35,33.4779351305791,35,43.5493272145435,2,95.7364266314053
"GB","GBR","United Kingdom",2017,28,60.8284444195828,16,70.0486542733989,26,63.0505254870009,36,34.5502827632709,35,43.4990917521831,4,84.4519934656903
"GB","GBR","United Kingdom",2018,28,61.9672341207976,18,70.9157896779872,25,62.0798180883482,34,37.7708411966755,35,39.659620953243,4,85.3331064597998
"GB","GBR","United Kingdom",2019,27,64.9609938748895,17,72.4040845765305,24,61.6216425691911,34,36.3155089047355,35,39.0314235665,1,100
"GB","GBR","United Kingdom",2020,27,63.3458343657183,20,67.678180578849,23,61.6229334651613,34,36.4825186545469,35,38.7545852997194,1,100
"GB","GBR","United Kingdom",2021,27,62.8042624621484,16,68.017420237581,25,63.8757109891319,34,37.3292648780276,35,38.3505541236202,1,100
"GB","GBR","United Kingdom",2022,26,64.6714345096601,9,79.2818073824617,24,63.4296280271372,34,35.3868286297104,34,39.8259684288509,1,100
