"ISO_2","ISO_3","Country","Year","Final Rank","Final Score","Corporate Rank","Corporate Score","Income Rank","Income Score","Consumption Rank","Consumption Score","Property Rank","Property Score","International Rank","International Score"
"US","USA","United States",2014,31,56.1269122709462,35,39.8351456218497,29,55.9857920146002,4,90.7618574487163,30,51.0807513389655,33,47.8145281624966
"US","USA","United States",2015,30,56.1817105245651,36,34.071013376296,29,57.0704305146465,5,91.7946170207024,31,51.2616663596503,34,47.9351811606376
"US","USA","United States",2016,30,55.5703947984212,36,38.3904579995161,28,57.2997400258761,4,92.7024379714496,30,51.600514474291,34,52.5341164815076
"US","USA","United States",2017,28,55.8869185038905,35,41.1061186686562,28,56.2369726254926,5,90.8234000895859,30,51.5927332780927,34,52.175645550207
"US","USA","United States",2018,24,59.4659323319981,20,62.9751262532482,28,56.9698174423913,5,90.1865033178846,28,48.0427667985686,34,52.7805405209494
"US","USA","United States",2019,22,62.7778180158164,18,61.702084695627,28,56.988043653489,5,89.7012425915974,28,46.771682363604,32,61.9729774999925
"US","USA","United States",2020,21,62.8299082951515,19,60.102859684356,26,56.8708621420535,5,92.3675337268171,29,47.2712183973964,32,62.0433389490754
"US","USA","United States",2021,21,62.3748073365284,20,57.323584983119,26,52.7427359933867,5,92.3002177473377,28,47.2189793287065,32,60.2398149852644
