"ISO_2","ISO_3","Country","Year","Final Rank","Final Score","Corporate Rank","Corporate Score","Income Rank","Income Score","Consumption Rank","Consumption Score","Property Rank","Property Score","Cross-Border Rank","Cross-Border Score"
"GB","GBR","United Kingdom",2014,19,65.4511994269364,20,61.6903851172467,22,63.8870262440817,22,58.7985107144229,33,43.8525603411022,2,96.0221311602218
"GB","GBR","United Kingdom",2015,20,65.1619204959978,17,59.3835074416569,22,62.7539638585312,23,59.1729004524211,34,43.752420499298,2,95.9824896134007
"GB","GBR","United Kingdom",2016,20,63.5467710856623,17,62.32741752702,25,59.2853343733597,23,58.7423858530663,34,43.9929791038551,2,96.5592498315075
"GB","GBR","United Kingdom",2017,23,60.5625018137685,18,60.822636783504,22,61.8338440202844,23,56.7518776603749,34,43.9474979240314,3,85.1307182831326
"GB","GBR","United Kingdom",2018,23,59.8899532423753,18,64.0769630894596,21,62.9584984069706,22,58.0995969052547,34,40.2400776032318,4,85.9864092863857
"GB","GBR","United Kingdom",2019,21,63.2505388994042,17,63.1442636594639,21,63.0526692657879,21,57.3804840122578,34,39.1837948822609,1,100
"GB","GBR","United Kingdom",2020,22,62.0959422778218,20,58.4818696399614,21,63.0141681420009,23,63.9804210414925,34,39.0280160780263,1,100
"GB","GBR","United Kingdom",2021,22,62.0508355655069,17,60.0433322648176,23,57.2726694029534,22,64.2666880065939,33,38.8866118949862,1,100
