"ISO_2","ISO_3","Country","Year","Final Rank","Final Score","Corporate Rank","Corporate Score","Income Rank","Income Score","Consumption Rank","Consumption Score","Property Rank","Property Score","Cross-Border Rank","Cross-Border Score"
"GB","GBR","United Kingdom",2014,28,66.5299422603394,17,69.5614526042441,26,65.5432026945364,34,35.3243667794055,34,43.4447161688554,2,95.2305272551044
"GB","GBR","United Kingdom",2015,26,65.8659102661899,17,68.9137965125473,27,63.4613925612623,35,37.4088452101046,35,43.3209058877359,2,95.1434654197443
"GB","GBR","United Kingdom",2016,27,64.2991698269412,16,70.9441129065114,31,59.3776110872657,35,33.4779351305791,35,43.5493272145435,2,95.7364266314053
"GB","GBR","United Kingdom",2017,28,60.8289052693085,16,70.0501755553237,26,63.0505254870009,36,34.5502827632709,35,43.4990917521831,4,84.4519934656903
"GB","GBR","United Kingdom",2018,28,61.970325787092,18,70.9256293067167,25,62.0798180883482,34,37.7708411966755,35,39.659620953243,4,85.3331064597998
"GB","GBR","United Kingdom",2019,28,64.9724070491129,17,72.439350368312,24,61.6216425691911,34,36.3155089047355,35,39.0314235665,1,100
"GB","GBR","United Kingdom",2020,28,63.1482924599609,21,66.8905936735243,23,61.702710949595,34,36.4825186545469,35,38.7545852997194,1,100
"GB","GBR","United Kingdom",2021,27,62.6271504453304,19,65.6294119618239,25,63.8757110005145,34,37.3292648780276,35,38.3505541236202,1,100
"GB","GBR","United Kingdom",2022,27,64.5812353731475,11,72.0523842365487,24,62.357964091406,34,35.3868286297104,34,39.8259684288509,1,100
