"ISO_2","ISO_3","Country","Year","Final Rank","Final Score","Corporate Rank","Corporate Score","Income Rank","Income Score","Consumption Rank","Consumption Score","Property Rank","Property Score","International Rank","International Score"
"GB","GBR","United Kingdom",2014,19,65.4375982791913,20,61.6903851172467,22,63.8870262440817,22,58.7985107144229,33,43.8525603411022,2,96.1389016464889
"GB","GBR","United Kingdom",2015,20,65.1486210619575,17,59.3835074416569,22,62.7539638585312,23,59.1729004524211,34,43.752420499298,2,96.1834371946571
"GB","GBR","United Kingdom",2016,21,63.5331182039986,17,62.32741752702,25,59.2853343733597,23,58.7423858530663,34,43.9929791038551,2,96.7679712445646
"GB","GBR","United Kingdom",2017,23,60.5662729058707,18,60.822636783504,22,61.8338440202844,23,56.7518776603749,34,43.9474979240314,3,85.6044445744444
"GB","GBR","United Kingdom",2018,23,59.8920901851704,18,64.0769630894596,21,62.9584984069706,22,58.0995969052547,34,40.2400776032318,4,86.4375698034845
"GB","GBR","United Kingdom",2019,21,63.245166711933,17,63.1442636594639,21,63.0526692657879,21,57.3804840122578,34,39.1837948822609,1,100
"GB","GBR","United Kingdom",2020,22,62.1022542304461,20,58.4818696399614,21,63.0141681420009,23,63.9804210414925,34,39.0280160780263,1,100
"GB","GBR","United Kingdom",2021,23,61.8277521569287,18,58.9340718211003,23,56.0616830929865,22,64.2666880121023,33,38.8866118997435,1,100
