"ISO_2","ISO_3","Country","Year","Final Rank","Final Score","Corporate Rank","Corporate Score","Income Rank","Income Score","Consumption Rank","Consumption Score","Property Rank","Property Score","Cross-Border Rank","Cross-Border Score"
"GB","GBR","United Kingdom",2014,27,66.6451488652409,21,66.5400839250707,19,65.0340195098775,34,35.3243667794055,34,43.4447161688554,2,95.2305272551044
"GB","GBR","United Kingdom",2015,26,65.9565414495505,19,65.6240768446236,21,60.0529269014741,35,37.4088452101046,35,43.3209058877359,2,95.1434654197443
"GB","GBR","United Kingdom",2016,26,64.9844557120448,18,64.9046039712582,21,62.0354133957672,35,33.4779351305791,35,43.5493272145435,2,95.7364266314053
"GB","GBR","United Kingdom",2017,29,60.9761853212445,22,65.9887534358248,17,63.6463083433802,36,34.5502827632709,35,43.4990917521831,4,84.4519934656903
"GB","GBR","United Kingdom",2018,29,63.0711142524486,22,66.351275016463,16,66.482463615554,34,37.7708411966755,35,39.659620953243,4,85.3331064597998
"GB","GBR","United Kingdom",2019,28,66.0619158055633,21,67.8839336849339,16,64.089728320214,34,36.3155089047355,35,39.0314235665,1,100
"GB","GBR","United Kingdom",2020,29,64.1123327039676,24,62.2006355110124,16,64.3103094837452,34,36.4825186545469,35,38.7545852997194,1,100
"GB","GBR","United Kingdom",2021,28,63.8281568990315,22,61.2635693341483,17,66.757058681975,34,37.3292648780276,35,38.3505541236202,1,100
"GB","GBR","United Kingdom",2022,27,65.1951813297162,13,70.9593072227238,14,65.7008880721943,34,35.3868286297104,34,39.8259684288509,1,100
