"ISO_2","ISO_3","Country","Year","Final Rank","Final Score","Corporate Rank","Corporate Score","Income Rank","Income Score","Consumption Rank","Consumption Score","Property Rank","Property Score","Cross-Border Rank","Cross-Border Score"
"GB","GBR","United Kingdom",2022,26,64.1058907539749,11,71.143985391905,25,64.839929538938,34,35.464121745701,34,40.3871881809166,2,98.3773762827877
"GB","GBR","United Kingdom",2023,30,57.2749216473956,28,53.3699496752865,25,65.4305268171712,35,35.6000705600921,35,40.0811187969001,2,96.6017060766331
