"ISO_2","ISO_3","Country","Year","Final Rank","Final Score","Corporate Rank","Corporate Score","Income Rank","Income Score","Consumption Rank","Consumption Score","Property Rank","Property Score","Cross-Border Rank","Cross-Border Score"
"GB","GBR","United Kingdom",2022,26,63.3421156402529,11,71.143985391905,28,71.1457320903778,34,35.1511816579992,34,40.3871881809166,2,98.3773762827877
"GB","GBR","United Kingdom",2023,31,57.160631906985,28,53.3699496752865,25,66.5383709507757,34,35.1511816579992,35,40.0811187969001,2,96.6017060766331
