"ISO_2","ISO_3","Country","Year","Final Rank","Final Score","Corporate Rank","Corporate Score","Income Rank","Income Score","Consumption Rank","Consumption Score","Property Rank","Property Score","Cross-Border Rank","Cross-Border Score"
"US","USA","United States",2022,23,67.6180349609874,22,61.350023150634,22,73.5651715378469,2,91.6777119061742,29,45.8683525526545,35,50.2544374165059
"US","USA","United States",2023,21,66.8828690199011,21,58.4491905297784,22,70.6954696954857,2,91.6777119061742,29,46.203817538524,35,51.7358983415219
