"ISO_2","ISO_3","Country","Year","Final Rank","Final Score","Corporate Rank","Corporate Score","Income Rank","Income Score","Consumption Rank","Consumption Score","Property Rank","Property Score","International Rank","International Score"
"US","USA","United States",2014,30,56.2908386900265,35,39.8351456218497,29,55.9857920146002,4,90.7618574487163,30,51.0807513389655,32,48.1528256014087
"US","USA","United States",2015,29,56.3487834226912,36,34.071013376296,29,57.0704305146465,5,91.7946170207024,31,51.2616663596503,32,48.2895421182786
"US","USA","United States",2016,29,55.7405162870028,36,38.3904579995161,28,57.2997400258761,4,92.7024379714496,30,51.600514474291,32,52.8856582827421
"US","USA","United States",2017,27,56.0760616689187,35,41.1061186686562,28,56.2369726254926,5,90.8234000895859,30,51.5927332780927,33,52.5407055205318
"US","USA","United States",2018,24,59.5287193269455,20,62.9751262532482,28,56.9698174423913,5,90.1865033178846,28,48.0427667985686,33,52.5707021373507
"US","USA","United States",2019,22,62.843440523047,18,61.702084695627,28,56.988043653489,5,89.7012425915974,28,46.771682363604,32,61.8246141088796
"US","USA","United States",2020,21,62.914156737758,19,60.102859684356,26,56.8708621420535,5,92.3675337268171,29,47.2712183973964,32,61.9351980449389
"US","USA","United States",2021,22,62.3766202219874,20,57.323584983119,26,52.7427359933867,5,92.3002177473377,28,47.2189793287065,33,60.725390508709
