"ISO_2","ISO_3","Country","Year","Final Rank","Final Score","Corporate Rank","Corporate Score","Income Rank","Income Score","Consumption Rank","Consumption Score","Property Rank","Property Score","Cross-Border Rank","Cross-Border Score"
"GB","GBR","United Kingdom",2014,30,61.0975259220023,29,56.4859434388912,27,51.3543229220073,33,34.5333652527738,33,43.8525603411022,2,96.0221311602218
"GB","GBR","United Kingdom",2015,31,60.7353247635338,25,57.1577846026121,28,47.4892945469936,34,36.578907719539,34,43.752420499298,2,95.9824896134007
"GB","GBR","United Kingdom",2016,32,58.5877285590163,25,55.5319174845208,32,42.8237095414936,34,33.9679631874909,34,43.9929791038551,2,96.5592498315075
"GB","GBR","United Kingdom",2017,33,56.2804049547711,26,57.9428706684246,28,47.2463167902783,35,35.9536669874714,34,43.9474979240314,3,85.1307182831326
"GB","GBR","United Kingdom",2018,33,56.2258971785227,24,57.4080297557155,27,45.4078158474579,33,38.7771249079943,34,40.2400776032318,4,85.9864092863857
"GB","GBR","United Kingdom",2019,32,60.5521033373756,24,63.9864923231082,27,45.0083529396969,33,36.9287939140569,34,39.1837948822609,1,100
"GB","GBR","United Kingdom",2020,34,57.3113707129364,31,53.2107857473305,26,45.0656426718964,33,37.8326379147364,34,39.0280160780263,1,100
"GB","GBR","United Kingdom",2021,33,56.9462760011681,27,50.8675562296302,26,45.987449666013,33,38.3839616018586,33,38.8866118949862,1,100
