"","corporate","consumption","property","income","international","final"
"corporate",1,-0.245505176381584,0.424402386778854,0.547359721519016,0.446737816549218,0.665596044724327
"consumption",-0.245505176381584,1,0.0621519777030936,-0.158156012871183,0.207132177428793,0.373579901699569
"property",0.424402386778854,0.0621519777030936,1,0.409363568653236,0.143848077230788,0.681571560905031
"income",0.547359721519016,-0.158156012871183,0.409363568653236,1,0.254319914008279,0.635516946720527
"international",0.446737816549218,0.207132177428793,0.143848077230788,0.254319914008279,1,0.659195314116299
"final",0.665596044724327,0.373579901699569,0.681571560905031,0.635516946720527,0.659195314116299,1
