"","corporate","consumption","property","income","international","final"
"corporate",1,-0.293075126607947,0.380432247262074,0.495612286288343,0.262642501845802,0.609526637860395
"consumption",-0.293075126607947,1,0.0569535305517356,-0.139018837148078,0.106059111272354,0.375697790341996
"property",0.380432247262074,0.0569535305517356,1,0.461749262540147,-0.149797458352156,0.630932132104361
"income",0.495612286288343,-0.139018837148078,0.461749262540147,1,0.0792170660114859,0.638373200419618
"international",0.262642501845802,0.106059111272354,-0.149797458352156,0.0792170660114859,1,0.469074974786633
"final",0.609526637860395,0.375697790341996,0.630932132104361,0.638373200419618,0.469074974786633,1
