"","corporate","consumption","property","income","cross_border","final"
"corporate",1,-0.328429298807239,0.366432171805787,0.517909793584458,0.376975590873089,0.651757896878704
"consumption",-0.328429298807239,1,0.126361252673761,-0.185956818772079,-0.175945766076634,0.286757182743884
"property",0.366432171805787,0.126361252673761,1,0.327191491017599,0.015766296374232,0.68990101193362
"income",0.517909793584458,-0.185956818772079,0.327191491017599,1,0.191997545161507,0.614429720133363
"cross_border",0.376975590873089,-0.175945766076634,0.015766296374232,0.191997545161507,1,0.463743661572821
"final",0.651757896878704,0.286757182743884,0.68990101193362,0.614429720133363,0.463743661572821,1
