"","corporate","consumption","property","income","cross_border","final"
"corporate",1,-0.245952204442722,0.434879020036871,0.25354137742316,0.0573693577455355,0.538937779544908
"consumption",-0.245952204442722,1,0.00163565041813517,-0.171122544906337,0.141302629506289,0.373866705712983
"property",0.434879020036871,0.00163565041813517,1,0.499929246216241,-0.0589797018293071,0.704777175131281
"income",0.25354137742316,-0.171122544906337,0.499929246216241,1,-0.0232458574795937,0.55437131698111
"cross_border",0.0573693577455355,0.141302629506289,-0.0589797018293071,-0.0232458574795937,1,0.417984812854178
"final",0.538937779544908,0.373866705712983,0.704777175131281,0.55437131698111,0.417984812854178,1
