"","corporate","consumption","property","income","cross_border","final"
"corporate",1,-0.250676573601586,0.426717160303591,0.230570814938784,0.0702517864190688,0.530052726947048
"consumption",-0.250676573601586,1,0.00163565041813517,-0.179608126394894,0.141302629506289,0.371923688871058
"property",0.426717160303591,0.00163565041813517,1,0.473260570594893,-0.0589797018293071,0.694283192196237
"income",0.230570814938784,-0.179608126394894,0.473260570594893,1,0.0159427031760244,0.54673854219225
"cross_border",0.0702517864190688,0.141302629506289,-0.0589797018293071,0.0159427031760244,1,0.439065879660553
"final",0.530052726947048,0.371923688871058,0.694283192196237,0.54673854219225,0.439065879660553,1
