"","corporate","consumption","property","income","cross_border","final"
"corporate",1,-0.330764697861476,0.287231805558959,0.50514186520815,0.3231723776067,0.580018246746682
"consumption",-0.330764697861476,1,0.181607796073199,-0.102509507329296,-0.0579505260546659,0.36883202297692
"property",0.287231805558959,0.181607796073199,1,0.247326130072937,-0.0366473030805156,0.627772525092086
"income",0.50514186520815,-0.102509507329296,0.247326130072937,1,0.293041039704258,0.651657671573216
"cross_border",0.3231723776067,-0.0579505260546659,-0.0366473030805156,0.293041039704258,1,0.509381062797194
"final",0.580018246746682,0.36883202297692,0.627772525092086,0.651657671573216,0.509381062797194,1
