"","corporate","consumption","property","income","cross_border","final"
"corporate",1,-0.302684083160774,0.338777813285341,0.496779087296307,0.369569420389393,0.65090727318822
"consumption",-0.302684083160774,1,0.205340450942689,-0.188549990673489,-0.189499736079537,0.324802478894052
"property",0.338777813285341,0.205340450942689,1,0.264624099112762,-0.0818328025532088,0.672235396988928
"income",0.496779087296307,-0.188549990673489,0.264624099112762,1,0.168848892272647,0.583826084378865
"cross_border",0.369569420389393,-0.189499736079537,-0.0818328025532088,0.168848892272647,1,0.418778783293426
"final",0.65090727318822,0.324802478894052,0.672235396988928,0.583826084378865,0.418778783293426,1
