"","corporate","consumption","property","income","international","final"
"corporate",1,-0.216849190619971,0.44627647638662,0.538852741655184,0.463064319939118,0.684688473643437
"consumption",-0.216849190619971,1,0.0621519777030936,-0.158156012871183,0.207132177428793,0.378319261866784
"property",0.44627647638662,0.0621519777030936,1,0.409363568653236,0.143848077230788,0.683663079630812
"income",0.538852741655184,-0.158156012871183,0.409363568653236,1,0.254319914008279,0.628927854645873
"international",0.463064319939118,0.207132177428793,0.143848077230788,0.254319914008279,1,0.659828569066458
"final",0.684688473643437,0.378319261866784,0.683663079630812,0.628927854645873,0.659828569066458,1
