"","corporate","consumption","property","income","cross_border","final"
"corporate",1,-0.222065370585688,0.367161262057955,0.320543511685661,0.130396381942854,0.628716577240994
"consumption",-0.222065370585688,1,0.101073990739727,-0.0185560593364252,-0.105856778135455,0.234692839319964
"property",0.367161262057955,0.101073990739727,1,0.314626371327402,-0.0589797018293071,0.66333096143584
"income",0.320543511685661,-0.0185560593364252,0.314626371327402,1,0.146485306726418,0.691086153583067
"cross_border",0.130396381942854,-0.105856778135455,-0.0589797018293071,0.146485306726418,1,0.413831223270254
"final",0.628716577240994,0.234692839319964,0.66333096143584,0.691086153583067,0.413831223270254,1
