"","corporate","consumption","property","income","international","final"
"corporate",1,-0.22938338812177,0.383255452872506,0.507297199632424,0.479352144189698,0.661247820758953
"consumption",-0.22938338812177,1,0.0621519777030936,-0.158156012871183,0.207132177428793,0.376628432794829
"property",0.383255452872506,0.0621519777030936,1,0.409363568653236,0.143848077230788,0.670461757722182
"income",0.507297199632424,-0.158156012871183,0.409363568653236,1,0.254319914008279,0.625632370164349
"international",0.479352144189698,0.207132177428793,0.143848077230788,0.254319914008279,1,0.671798072666902
"final",0.661247820758953,0.376628432794829,0.670461757722182,0.625632370164349,0.671798072666902,1
