"","corporate","consumption","property","income","international","final"
"corporate",1,-0.229140607357451,0.367002331349912,0.498264265725863,0.479006118586478,0.657155095605647
"consumption",-0.229140607357451,1,0.0621519777030936,-0.158156012871183,0.207132177428793,0.375525683845144
"property",0.367002331349912,0.0621519777030936,1,0.409363568653236,0.143848077230788,0.666764508566442
"income",0.498264265725863,-0.158156012871183,0.409363568653236,1,0.254319914008279,0.624860206861422
"international",0.479006118586478,0.207132177428793,0.143848077230788,0.254319914008279,1,0.673693091264713
"final",0.657155095605647,0.375525683845144,0.666764508566442,0.624860206861422,0.673693091264713,1
