"","corporate","consumption","property","income","cross_border","final"
"corporate",1,-0.302684083144296,0.338777813331096,0.497264756558947,0.369569420302615,0.651538266685306
"consumption",-0.302684083144296,1,0.205340450839193,-0.190602978624373,-0.189499735995704,0.323763997528396
"property",0.338777813331096,0.205340450839193,1,0.264021279801288,-0.0818328025779335,0.672183243935145
"income",0.497264756558947,-0.190602978624373,0.264021279801288,1,0.167687160566372,0.583553352909008
"cross_border",0.369569420302615,-0.189499735995704,-0.0818328025779335,0.167687160566372,1,0.418493017183667
"final",0.651538266685306,0.323763997528396,0.672183243935145,0.583553352909008,0.418493017183667,1
