"","corporate","consumption","property","income","international","final"
"corporate",1,-0.217953851770581,0.443266516939934,0.53816430921341,0.46479030408289,0.683535487464614
"consumption",-0.217953851770581,1,0.0621519777030936,-0.158156012871183,0.207132177428793,0.378305775316092
"property",0.443266516939934,0.0621519777030936,1,0.409363568653236,0.143848077230788,0.682985409330799
"income",0.53816430921341,-0.158156012871183,0.409363568653236,1,0.254319914008279,0.628904488623187
"international",0.46479030408289,0.207132177428793,0.143848077230788,0.254319914008279,1,0.660611636767957
"final",0.683535487464614,0.378305775316092,0.682985409330799,0.628904488623187,0.660611636767957,1
