"","corporate","consumption","property","income","international","final"
"corporate",1,-0.218090698870777,0.40631036328956,0.546480410949804,0.476377154456827,0.682016484841487
"consumption",-0.218090698870777,1,0.0553808026115801,-0.164516513081247,0.212898750913174,0.374946833951747
"property",0.40631036328956,0.0553808026115801,1,0.375332679832568,0.143848077230788,0.661482651388869
"income",0.546480410949804,-0.164516513081247,0.375332679832568,1,0.272119020050499,0.628110306950235
"international",0.476377154456827,0.212898750913174,0.143848077230788,0.272119020050499,1,0.675097676898534
"final",0.682016484841487,0.374946833951747,0.661482651388869,0.628110306950235,0.675097676898534,1
