"","corporate","consumption","property","income","international","final"
"corporate",1,-0.30636128483205,0.351405889014845,0.466025509498062,0.30665703637945,0.600711072680525
"consumption",-0.30636128483205,1,0.0569535305517356,-0.139018837148078,0.106059111272354,0.372620885318223
"property",0.351405889014845,0.0569535305517356,1,0.461749262540147,-0.149797458352156,0.623300590474691
"income",0.466025509498062,-0.139018837148078,0.461749262540147,1,0.0792170660114859,0.630558077436759
"international",0.30665703637945,0.106059111272354,-0.149797458352156,0.0792170660114859,1,0.486079227173441
"final",0.600711072680525,0.372620885318223,0.623300590474691,0.630558077436759,0.486079227173441,1
