"","corporate","consumption","property","income","international","final"
"corporate",1,-0.216820537011155,0.446383251690351,0.538879803234317,0.463016664120834,0.684714125388447
"consumption",-0.216820537011155,1,0.0621519777030936,-0.158156012871183,0.207132177428793,0.378330420710708
"property",0.446383251690351,0.0621519777030936,1,0.409363568653236,0.143848077230788,0.683687655874298
"income",0.538879803234317,-0.158156012871183,0.409363568653236,1,0.254319914008279,0.628926204545805
"international",0.463016664120834,0.207132177428793,0.143848077230788,0.254319914008279,1,0.659804576142069
"final",0.684714125388447,0.378330420710708,0.683687655874298,0.628926204545805,0.659804576142069,1
