"","corporate","consumption","property","income","cross_border","final"
"corporate",1,-0.145748795267282,0.391353318037498,0.282077274278055,0.118230268135515,0.628654182471994
"consumption",-0.145748795267282,1,0.142031964292921,-0.154094080593325,-0.150856950435485,0.39440652271021
"property",0.391353318037498,0.142031964292921,1,0.257894171461991,-0.0391437630512871,0.699420410358386
"income",0.282077274278055,-0.154094080593325,0.257894171461991,1,0.170135060204584,0.515555633928643
"cross_border",0.118230268135515,-0.150856950435485,-0.0391437630512871,0.170135060204584,1,0.323495583082465
"final",0.628654182471994,0.39440652271021,0.699420410358386,0.515555633928643,0.323495583082465,1
