"","corporate","consumption","property","income","international","final"
"corporate",1,-0.224525869520027,0.412932048946748,0.523084642892666,0.475328010304231,0.672752698145198
"consumption",-0.224525869520027,1,0.0621519777030936,-0.158156012871183,0.207132177428793,0.377254264824718
"property",0.412932048946748,0.0621519777030936,1,0.409363568653236,0.143848077230788,0.676552435628133
"income",0.523084642892666,-0.158156012871183,0.409363568653236,1,0.254319914008279,0.627241511738345
"international",0.475328010304231,0.207132177428793,0.143848077230788,0.254319914008279,1,0.667039001320475
"final",0.672752698145198,0.377254264824718,0.676552435628133,0.627241511738345,0.667039001320475,1
