"","corporate","consumption","property","income","international","final"
"corporate",1,-0.320471529126253,0.396941300911034,0.524697597467131,0.301227151409916,0.623626503791476
"consumption",-0.320471529126253,1,0.0569525837197793,-0.175608324816353,0.106059111272354,0.351911044878412
"property",0.396941300911034,0.0569525837197793,1,0.472943106119606,-0.149798195969414,0.637937133176772
"income",0.524697597467131,-0.175608324816353,0.472943106119606,1,0.100107782061979,0.642551608150305
"international",0.301227151409916,0.106059111272354,-0.149798195969414,0.100107782061979,1,0.486483576879402
"final",0.623626503791476,0.351911044878412,0.637937133176772,0.642551608150305,0.486483576879402,1
