"","corporate","consumption","property","income","international","final"
"corporate",1,-0.285934389834507,0.370566646268698,0.490663927352129,0.282565067057625,0.614800452905411
"consumption",-0.285934389834507,1,0.0569444908970093,-0.139018837370528,0.102254653004157,0.375430693973585
"property",0.370566646268698,0.0569444908970093,1,0.461750835034104,-0.150189065265943,0.6263625694422
"income",0.490663927352129,-0.139018837370528,0.461750835034104,1,0.0816684510897235,0.636763305908308
"international",0.282565067057625,0.102254653004157,-0.150189065265943,0.0816684510897235,1,0.474423798656627
"final",0.614800452905411,0.375430693973585,0.6263625694422,0.636763305908308,0.474423798656627,1
