"","corporate","consumption","property","income","cross_border","final"
"corporate",1,-0.274138840981088,0.425764353990998,0.245016991199766,0.104311870534238,0.532082277004455
"consumption",-0.274138840981088,1,0.00163565041813517,-0.197023969552564,0.141302629506289,0.357540419587932
"property",0.425764353990998,0.00163565041813517,1,0.479780758194185,-0.0589797018293071,0.69512186558749
"income",0.245016991199766,-0.197023969552564,0.479780758194185,1,0.0267907223627009,0.550766192021217
"cross_border",0.104311870534238,0.141302629506289,-0.0589797018293071,0.0267907223627009,1,0.455352637261965
"final",0.532082277004455,0.357540419587932,0.69512186558749,0.550766192021217,0.455352637261965,1
