"","corporate","consumption","property","income","international","final"
"corporate",1,-0.299872116440123,0.353745976676013,0.502148096228764,0.278180460956474,0.607751076542956
"consumption",-0.299872116440123,1,0.0391344482651847,-0.12682679398235,0.104157337371017,0.369076122894925
"property",0.353745976676013,0.0391344482651847,1,0.461748703243162,-0.149798195969414,0.615976501081109
"income",0.502148096228764,-0.12682679398235,0.461748703243162,1,0.0792170660114859,0.649346487804816
"international",0.278180460956474,0.104157337371017,-0.149798195969414,0.0792170660114859,1,0.475315035550015
"final",0.607751076542956,0.369076122894925,0.615976501081109,0.649346487804816,0.475315035550015,1
