"","corporate","consumption","property","income","international","final"
"corporate",1,-0.285934389834507,0.370566646268698,0.490663927352129,0.280878342042959,0.614086172181578
"consumption",-0.285934389834507,1,0.0569444908970093,-0.139018837370528,0.10605911120935,0.376750183683662
"property",0.370566646268698,0.0569444908970093,1,0.461750835034104,-0.149806532484503,0.6265278815113
"income",0.490663927352129,-0.139018837370528,0.461750835034104,1,0.0792170659222482,0.635838295788265
"international",0.280878342042959,0.10605911120935,-0.149806532484503,0.0792170659222482,1,0.474599827837757
"final",0.614086172181578,0.376750183683662,0.6265278815113,0.635838295788265,0.474599827837757,1
