"","corporate","consumption","property","income","cross_border","final"
"corporate",1,-0.328429298807239,0.366432171805787,0.517909793584458,0.376288422175232,0.651982368300976
"consumption",-0.328429298807239,1,0.126361252673761,-0.185956818772079,-0.178335136386609,0.286686501559579
"property",0.366432171805787,0.126361252673761,1,0.327191491017599,0.017973228280499,0.691731287736617
"income",0.517909793584458,-0.185956818772079,0.327191491017599,1,0.185607548416689,0.612956793402618
"cross_border",0.376288422175232,-0.178335136386609,0.017973228280499,0.185607548416689,1,0.46031200213605
"final",0.651982368300976,0.286686501559579,0.691731287736617,0.612956793402618,0.46031200213605,1
