"","corporate","consumption","property","income","international","final"
"corporate",1,-0.220319349265692,0.437112594566262,0.535449334853866,0.467189039414715,0.681109957839092
"consumption",-0.220319349265692,1,0.0621519777030936,-0.158156012871183,0.207132177428793,0.377844414515551
"property",0.437112594566262,0.0621519777030936,1,0.409363568653236,0.143848077230788,0.681742581462218
"income",0.535449334853866,-0.158156012871183,0.409363568653236,1,0.254319914008279,0.628713819791381
"international",0.467189039414715,0.207132177428793,0.143848077230788,0.254319914008279,1,0.66203628507846
"final",0.681109957839092,0.377844414515551,0.681742581462218,0.628713819791381,0.66203628507846,1
