"","corporate","consumption","property","income","international","final"
"corporate",1,-0.285934389797367,0.370567158866292,0.490663927438096,0.280878342007522,0.614084923544724
"consumption",-0.285934389797367,1,0.0569525837197793,-0.139018837148078,0.106059111272354,0.376752123448438
"property",0.370567158866292,0.0569525837197793,1,0.461748703243162,-0.149798195969414,0.626533349480614
"income",0.490663927438096,-0.139018837148078,0.461748703243162,1,0.0792170660114859,0.635836100213341
"international",0.280878342007522,0.106059111272354,-0.149798195969414,0.0792170660114859,1,0.474601314668774
"final",0.614084923544724,0.376752123448438,0.626533349480614,0.635836100213341,0.474601314668774,1
