"","corporate","consumption","property","income","cross_border","final"
"corporate",1,-0.213318108265819,0.367161262057955,0.23928062284366,0.130396381942854,0.549687656032662
"consumption",-0.213318108265819,1,0.00163565041813517,-0.179608126394894,0.141302629506289,0.380881219492334
"property",0.367161262057955,0.00163565041813517,1,0.473260570594893,-0.0589797018293071,0.666747360776434
"income",0.23928062284366,-0.179608126394894,0.473260570594893,1,0.0159427031760244,0.545609074937841
"cross_border",0.130396381942854,0.141302629506289,-0.0589797018293071,0.0159427031760244,1,0.45772770995381
"final",0.549687656032662,0.380881219492334,0.666747360776434,0.545609074937841,0.45772770995381,1
