"","corporate","consumption","property","income","international","final"
"corporate",1,-0.228530859343105,0.45554599961929,0.538755556664419,0.424074734698949,0.67184335283244
"consumption",-0.228530859343105,1,0.0621519777030936,-0.158156012871183,0.207132177428793,0.378285190636904
"property",0.45554599961929,0.0621519777030936,1,0.409363568653236,0.143848077230788,0.689492505295302
"income",0.538755556664419,-0.158156012871183,0.409363568653236,1,0.254319914008279,0.631060012115039
"international",0.424074734698949,0.207132177428793,0.143848077230788,0.254319914008279,1,0.650395391022115
"final",0.67184335283244,0.378285190636904,0.689492505295302,0.631060012115039,0.650395391022115,1
