"","corporate","consumption","property","income","international","final"
"corporate",1,-0.216231252136839,0.448541241748942,0.513624520103175,0.462110895799488,0.678519666564154
"consumption",-0.216231252136839,1,0.0621519777030936,-0.150780065859886,0.207132177428793,0.385005963587249
"property",0.448541241748942,0.0621519777030936,1,0.395472984165116,0.143848077230788,0.68209717983656
"income",0.513624520103175,-0.150780065859886,0.395472984165116,1,0.256269454476667,0.616458060128926
"international",0.462110895799488,0.207132177428793,0.143848077230788,0.256269454476667,1,0.663022297020964
"final",0.678519666564154,0.385005963587249,0.68209717983656,0.616458060128926,0.663022297020964,1
