"","corporate","consumption","property","income","international","final"
"corporate",1,-0.216231252136839,0.448541241748942,0.542573027565958,0.467366965073289,0.68574278341858
"consumption",-0.216231252136839,1,0.0621519777030936,-0.160038928239248,0.202936116907431,0.375764862985806
"property",0.448541241748942,0.0621519777030936,1,0.417572130444278,0.162928998236915,0.690134109384968
"income",0.542573027565958,-0.160038928239248,0.417572130444278,1,0.253703911442981,0.629587879721074
"international",0.467366965073289,0.202936116907431,0.162928998236915,0.253703911442981,1,0.664520643276474
"final",0.68574278341858,0.375764862985806,0.690134109384968,0.629587879721074,0.664520643276474,1
