"","corporate","consumption","property","income","international","final"
"corporate",1,-0.0973124816452946,0.194995040367086,0.516096596218535,0.43609209645797,0.626830420208871
"consumption",-0.0973124816452946,1,0.122623868131515,-0.110422512088862,0.173940964653461,0.475122246442446
"property",0.194995040367086,0.122623868131515,1,0.227144379796841,0.0697292226280645,0.563122365495776
"income",0.516096596218535,-0.110422512088862,0.227144379796841,1,0.29158633981069,0.589469261502924
"international",0.43609209645797,0.173940964653461,0.0697292226280645,0.29158633981069,1,0.663222829095892
"final",0.626830420208871,0.475122246442446,0.563122365495776,0.589469261502924,0.663222829095892,1
