"","corporate","consumption","property","income","cross_border","final"
"corporate",1,-0.330764697861476,0.287231805558959,0.507435412351291,0.305910813338367,0.577357530862129
"consumption",-0.330764697861476,1,0.181607796073199,-0.114483034326948,-0.0623345327321183,0.365928497017713
"property",0.287231805558959,0.181607796073199,1,0.253521355274042,-0.047609091941179,0.631036376644757
"income",0.507435412351291,-0.114483034326948,0.253521355274042,1,0.302259681366984,0.656333526596882
"cross_border",0.305910813338367,-0.0623345327321183,-0.047609091941179,0.302259681366984,1,0.496310706823409
"final",0.577357530862129,0.365928497017713,0.631036376644757,0.656333526596882,0.496310706823409,1
