"","corporate","consumption","property","income","international","final"
"corporate",1,-0.27815615526795,0.394144582237792,0.507628797383615,0.248202004397619,0.621674801529419
"consumption",-0.27815615526795,1,0.0569525837197793,-0.133270670836617,0.106059111272354,0.377807161830324
"property",0.394144582237792,0.0569525837197793,1,0.486322166468124,-0.149798195969414,0.641695131884363
"income",0.507628797383615,-0.133270670836617,0.486322166468124,1,0.0443037984261849,0.641604893993042
"international",0.248202004397619,0.106059111272354,-0.149798195969414,0.0443037984261849,1,0.450226167641801
"final",0.621674801529419,0.377807161830324,0.641695131884363,0.641604893993042,0.450226167641801,1
