"","corporate","consumption","property","income","cross_border","final"
"corporate",1,-0.332395159732926,0.286034690068959,0.5071452934442,0.305438903061475,0.57598019469302
"consumption",-0.332395159732926,1,0.181607796073199,-0.113829820478987,-0.0623345327321183,0.365924316609406
"property",0.286034690068959,0.181607796073199,1,0.255255047471236,-0.047609091941179,0.631436619641221
"income",0.5071452934442,-0.113829820478987,0.255255047471236,1,0.303939358263438,0.65685626762006
"cross_border",0.305438903061475,-0.0623345327321183,-0.047609091941179,0.303939358263438,1,0.496760379188304
"final",0.57598019469302,0.365924316609406,0.631436619641221,0.65685626762006,0.496760379188304,1
