"","corporate","consumption","property","income","cross_border","final"
"corporate",1,-0.330748914117921,0.263128417455239,0.50518970014855,0.323028183471589,0.574916511934025
"consumption",-0.330748914117921,1,0.181985967017414,-0.102509507329296,-0.0579505260546659,0.371401331908957
"property",0.263128417455239,0.181985967017414,1,0.251374792138538,-0.063514140275401,0.612541025772022
"income",0.50518970014855,-0.102509507329296,0.251374792138538,1,0.293041039704258,0.657822829597574
"cross_border",0.323028183471589,-0.0579505260546659,-0.063514140275401,0.293041039704258,1,0.504055975080139
"final",0.574916511934025,0.371401331908957,0.612541025772022,0.657822829597574,0.504055975080139,1
