"","corporate","consumption","property","income","cross_border","final"
"corporate",1,-0.207508622085373,0.367161262057955,0.320543511685661,0.130396381942854,0.566860236440687
"consumption",-0.207508622085373,1,0.236033122613317,0.00673139524061215,-0.27632928134329,0.388433331509621
"property",0.367161262057955,0.236033122613317,1,0.314626371327402,-0.0589797018293071,0.708170771667654
"income",0.320543511685661,0.00673139524061215,0.314626371327402,1,0.146485306726418,0.663671888718146
"cross_border",0.130396381942854,-0.27632928134329,-0.0589797018293071,0.146485306726418,1,0.294892450143528
"final",0.566860236440687,0.388433331509621,0.708170771667654,0.663671888718146,0.294892450143528,1
