"","corporate","consumption","property","income","cross_border","final"
"corporate",1,-0.267571849204402,0.390660746965386,0.224189025540413,0.11383892896752,0.518643202893023
"consumption",-0.267571849204402,1,0.00163565041813517,-0.179608126394894,0.141302629506289,0.369623016709132
"property",0.390660746965386,0.00163565041813517,1,0.473260570594893,-0.0589797018293071,0.682605520782649
"income",0.224189025540413,-0.179608126394894,0.473260570594893,1,0.0159427031760244,0.54645821975661
"cross_border",0.11383892896752,0.141302629506289,-0.0589797018293071,0.0159427031760244,1,0.457817258111702
"final",0.518643202893023,0.369623016709132,0.682605520782649,0.54645821975661,0.457817258111702,1
