"","corporate","consumption","property","income","cross_border","final"
"corporate",1,-0.324626756456628,0.369739503242133,0.512907361863045,0.370913581387062,0.646815762864728
"consumption",-0.324626756456628,1,0.126361252673761,-0.177663221089514,-0.175945766076634,0.292805136561786
"property",0.369739503242133,0.126361252673761,1,0.336265477403233,0.015766296374232,0.692689939155782
"income",0.512907361863045,-0.177663221089514,0.336265477403233,1,0.196404381407442,0.618491674741252
"cross_border",0.370913581387062,-0.175945766076634,0.015766296374232,0.196404381407442,1,0.461459773235008
"final",0.646815762864728,0.292805136561786,0.692689939155782,0.618491674741252,0.461459773235008,1
