"","corporate","consumption","property","income","international","final"
"corporate",1,-0.254271782942915,0.412519569103813,0.225806999994974,0.0895773126032603,0.526827248256987
"consumption",-0.254271782942915,1,0.00163565054943523,-0.179608126327174,0.141153586005666,0.37190737819187
"property",0.412519569103813,0.00163565054943523,1,0.473260570638318,-0.0599773062010164,0.689002393424649
"income",0.225806999994974,-0.179608126327174,0.473260570638318,1,0.0165995117970948,0.545774431584976
"international",0.0895773126032603,0.141153586005666,-0.0599773062010164,0.0165995117970948,1,0.446818435015469
"final",0.526827248256987,0.37190737819187,0.689002393424649,0.545774431584976,0.446818435015469,1
