"","corporate","consumption","property","income","international","final"
"corporate",1,-0.305873455827958,0.410703243027285,0.442016552811383,0.126545318673488,0.548001272002683
"consumption",-0.305873455827958,1,0.0561131631077953,-0.123566207403996,0.10605911120935,0.38713002685664
"property",0.410703243027285,0.0561131631077953,1,0.458503316984969,-0.148522555483733,0.649495216884077
"income",0.442016552811383,-0.123566207403996,0.458503316984969,1,0.108220236362363,0.648920215609745
"international",0.126545318673488,0.10605911120935,-0.148522555483733,0.108220236362363,1,0.440168782344913
"final",0.548001272002683,0.38713002685664,0.649495216884077,0.648920215609745,0.440168782344913,1
