"","corporate","consumption","property","income","cross_border","final"
"corporate",1,-0.245952204442722,0.434879020036871,0.23221734511402,0.0573693577455355,0.532953550148644
"consumption",-0.245952204442722,1,0.00163565041813517,-0.179608126394894,0.141302629506289,0.372383705688076
"property",0.434879020036871,0.00163565041813517,1,0.473260570594893,-0.0589797018293071,0.697185937815889
"income",0.23221734511402,-0.179608126394894,0.473260570594893,1,0.0159427031760244,0.546935843306253
"cross_border",0.0573693577455355,0.141302629506289,-0.0589797018293071,0.0159427031760244,1,0.433527610099031
"final",0.532953550148644,0.372383705688076,0.697185937815889,0.546935843306253,0.433527610099031,1
