"","corporate","consumption","property","income","international","final"
"corporate",1,-0.285934389834507,0.370567158887925,0.490663927352129,0.280878342042959,0.614084923566699
"consumption",-0.285934389834507,1,0.0569525837616903,-0.139018837370528,0.10605911120935,0.376752123367073
"property",0.370567158887925,0.0569525837616903,1,0.461748703249682,-0.149798196021581,0.626533349529024
"income",0.490663927352129,-0.139018837370528,0.461748703249682,1,0.0792170659222482,0.635836100105849
"international",0.280878342042959,0.10605911120935,-0.149798196021581,0.0792170659222482,1,0.474601314626943
"final",0.614084923566699,0.376752123367073,0.626533349529024,0.635836100105849,0.474601314626943,1
