"","corporate","consumption","property","income","cross_border","final"
"corporate",1,-0.330764697861476,0.263223550252586,0.50514186520815,0.3231723776067,0.574944891930515
"consumption",-0.330764697861476,1,0.181985967017414,-0.102509507329296,-0.0579505260546659,0.37140412051772
"property",0.263223550252586,0.181985967017414,1,0.251374792138538,-0.063514140275401,0.612564234180966
"income",0.50514186520815,-0.102509507329296,0.251374792138538,1,0.293041039704258,0.657787657432915
"cross_border",0.3231723776067,-0.0579505260546659,-0.063514140275401,0.293041039704258,1,0.504095291775923
"final",0.574944891930515,0.37140412051772,0.612564234180966,0.657787657432915,0.504095291775923,1
