"","corporate","consumption","property","income","international","final"
"corporate",1,-0.254271782942915,0.412519569103813,0.225806999994974,0.195407205627205,0.568615978286293
"consumption",-0.254271782942915,1,0.00163565054943523,-0.179608126327174,-0.000590013035428459,0.324222394723769
"property",0.412519569103813,0.00163565054943523,1,0.473260570638318,-0.0472173299730975,0.702298172592808
"income",0.225806999994974,-0.179608126327174,0.473260570638318,1,0.0452503014413465,0.561821092684716
"international",0.195407205627205,-0.000590013035428459,-0.0472173299730975,0.0452503014413465,1,0.423251338303504
"final",0.568615978286293,0.324222394723769,0.702298172592808,0.561821092684716,0.423251338303504,1
