"","corporate","consumption","property","income","cross_border","final"
"corporate",1,-0.334009797445083,0.263180248378308,0.435883561584833,0.323022469314165,0.547960655299833
"consumption",-0.334009797445083,1,0.167438638428092,-0.0660191205381797,-0.0555651743932781,0.382197011659663
"property",0.263180248378308,0.167438638428092,1,0.248538907237815,-0.063514140275401,0.604147863666758
"income",0.435883561584833,-0.0660191205381797,0.248538907237815,1,0.324464051716061,0.663778954872747
"cross_border",0.323022469314165,-0.0555651743932781,-0.063514140275401,0.324464051716061,1,0.514676286259764
"final",0.547960655299833,0.382197011659663,0.604147863666758,0.663778954872747,0.514676286259764,1
