"","corporate","consumption","property","income","international","final"
"corporate",1,-0.285934389834507,0.190490802375348,0.490663927352129,0.274639311383787,0.569119434244934
"consumption",-0.285934389834507,1,0.122623868131515,-0.139018837370528,0.114138755431075,0.423094385742393
"property",0.190490802375348,0.122623868131515,1,0.2334838104456,-0.204460283444099,0.536501677525057
"income",0.490663927352129,-0.139018837370528,0.2334838104456,1,0.0995536114606079,0.585206144780429
"international",0.274639311383787,0.114138755431075,-0.204460283444099,0.0995536114606079,1,0.471574391429131
"final",0.569119434244934,0.423094385742393,0.536501677525057,0.585206144780429,0.471574391429131,1
