"","corporate","consumption","property","income","international","final"
"corporate",1,-0.308998538184129,0.386430863891761,0.508131260066455,0.294638317303921,0.618652167506918
"consumption",-0.308998538184129,1,0.0569525837197793,-0.163332411150484,0.106059111272354,0.360536727052745
"property",0.386430863891761,0.0569525837197793,1,0.470675109134024,-0.149798195969414,0.634423399240076
"income",0.508131260066455,-0.163332411150484,0.470675109134024,1,0.092549642354484,0.638958790812207
"international",0.294638317303921,0.106059111272354,-0.149798195969414,0.092549642354484,1,0.482875198157902
"final",0.618652167506918,0.360536727052745,0.634423399240076,0.638958790812207,0.482875198157902,1
