"","corporate","consumption","property","income","international","final"
"corporate",1,-0.281515450435158,0.389433701973909,0.498028843423964,0.254789408778712,0.617149424529296
"consumption",-0.281515450435158,1,0.0569535305517356,-0.139018837148078,0.106059111272354,0.376869006702273
"property",0.389433701973909,0.0569535305517356,1,0.461749262540147,-0.149797458352156,0.632573246067965
"income",0.498028843423964,-0.139018837148078,0.461749262540147,1,0.0792170660114859,0.638130598600615
"international",0.254789408778712,0.106059111272354,-0.149797458352156,0.0792170660114859,1,0.465176632843129
"final",0.617149424529296,0.376869006702273,0.632573246067965,0.638130598600615,0.465176632843129,1
