"","corporate","consumption","property","income","international","final"
"corporate",1,-0.225474323543165,0.40631036328956,0.520175985023884,0.476377154456827,0.670768577306713
"consumption",-0.225474323543165,1,0.0621519777030936,-0.158156012871183,0.207132177428793,0.376816885665496
"property",0.40631036328956,0.0621519777030936,1,0.409363568653236,0.143848077230788,0.675112057972455
"income",0.520175985023884,-0.158156012871183,0.409363568653236,1,0.254319914008279,0.627085602963519
"international",0.476377154456827,0.207132177428793,0.143848077230788,0.254319914008279,1,0.668096631274109
"final",0.670768577306713,0.376816885665496,0.675112057972455,0.627085602963519,0.668096631274109,1
