"","corporate","consumption","property","income","international","final"
"corporate",1,-0.216231252136839,0.448541241748942,0.521927250204766,0.462110895799488,0.680384123385199
"consumption",-0.216231252136839,1,0.0621519777030936,-0.15230534533133,0.207132177428793,0.383429844619735
"property",0.448541241748942,0.0621519777030936,1,0.401027887444561,0.143848077230788,0.68292500164946
"income",0.521927250204766,-0.15230534533133,0.401027887444561,1,0.256103734407608,0.620691830891121
"international",0.462110895799488,0.207132177428793,0.143848077230788,0.256103734407608,1,0.661934794108907
"final",0.680384123385199,0.383429844619735,0.68292500164946,0.620691830891121,0.661934794108907,1
