"","corporate","consumption","property","income","international","final"
"corporate",1,-0.225474323543165,0.40631036328956,0.546480410949804,0.476377154456827,0.67982203611703
"consumption",-0.225474323543165,1,0.0621519777030936,-0.169121615544515,0.207132177428793,0.372360983182443
"property",0.40631036328956,0.0621519777030936,1,0.375332679832568,0.143848077230788,0.665106646954354
"income",0.546480410949804,-0.169121615544515,0.375332679832568,1,0.272119020050499,0.626995125078052
"international",0.476377154456827,0.207132177428793,0.143848077230788,0.272119020050499,1,0.673590855503226
"final",0.67982203611703,0.372360983182443,0.665106646954354,0.626995125078052,0.673590855503226,1
