"","corporate","consumption","property","income","international","final"
"corporate",1,-0.20875341798993,0.45121818700791,0.520595585666915,0.487617044838255,0.691604628063301
"consumption",-0.20875341798993,1,0.0621519777030936,-0.158156012871183,0.207132177428793,0.378676358976124
"property",0.45121818700791,0.0621519777030936,1,0.409363568653236,0.143848077230788,0.68367454135801
"income",0.520595585666915,-0.158156012871183,0.409363568653236,1,0.254319914008279,0.622127522463822
"international",0.487617044838255,0.207132177428793,0.143848077230788,0.254319914008279,1,0.666162798595834
"final",0.691604628063301,0.378676358976124,0.68367454135801,0.622127522463822,0.666162798595834,1
