"","corporate","consumption","property","income","cross_border","final"
"corporate",1,-0.265741684021711,0.398672975427235,0.235307420647278,0.0886122022942344,0.521189261134083
"consumption",-0.265741684021711,1,-0.00606759586063071,-0.174307280933997,0.140717705120517,0.36663000269265
"property",0.398672975427235,-0.00606759586063071,1,0.473260570594893,-0.0589797018293071,0.683125242475698
"income",0.235307420647278,-0.174307280933997,0.473260570594893,1,0.0159427031760244,0.554107085845892
"cross_border",0.0886122022942344,0.140717705120517,-0.0589797018293071,0.0159427031760244,1,0.44809107304631
"final",0.521189261134083,0.36663000269265,0.683125242475698,0.554107085845892,0.44809107304631,1
