"","corporate","consumption","property","income","cross_border","final"
"corporate",1,-0.256541914017113,0.366844015676537,0.364683754645149,0.363126072355166,0.637573250220537
"consumption",-0.256541914017113,1,0.142031964292921,-0.156987725202662,-0.156830852723956,0.354858892276373
"property",0.366844015676537,0.142031964292921,1,0.259620046043963,-0.0456552400120833,0.67810543053165
"income",0.364683754645149,-0.156987725202662,0.259620046043963,1,0.17032115287423,0.541116191502119
"cross_border",0.363126072355166,-0.156830852723956,-0.0456552400120833,0.17032115287423,1,0.418780376336008
"final",0.637573250220537,0.354858892276373,0.67810543053165,0.541116191502119,0.418780376336008,1
