"","corporate","consumption","property","income","cross_border","final"
"corporate",1,-0.330841872154476,0.263180248378308,0.505210474447253,0.323022469314165,0.574908782476834
"consumption",-0.330841872154476,1,0.181985967017414,-0.102509507329296,-0.0579505260546659,0.371364225733654
"property",0.263180248378308,0.181985967017414,1,0.251374792138538,-0.063514140275401,0.612562740734105
"income",0.505210474447253,-0.102509507329296,0.251374792138538,1,0.293041039704258,0.657836473716809
"cross_border",0.323022469314165,-0.0579505260546659,-0.063514140275401,0.293041039704258,1,0.504057947105708
"final",0.574908782476834,0.371364225733654,0.612562740734105,0.657836473716809,0.504057947105708,1
