"","corporate","consumption","property","income","cross_border","final"
"corporate",1,-0.24595581911598,0.434845722338137,0.251601624221813,0.0574321577508532,0.538400427952973
"consumption",-0.24595581911598,1,0.00163565041813517,-0.172811947917867,0.141302629506289,0.37317108314589
"property",0.434845722338137,0.00163565041813517,1,0.497952298705492,-0.0589797018293071,0.704350190587649
"income",0.251601624221813,-0.172811947917867,0.497952298705492,1,-0.0194436479285612,0.55401820833971
"cross_border",0.0574321577508532,0.141302629506289,-0.0589797018293071,-0.0194436479285612,1,0.419363461122077
"final",0.538400427952973,0.37317108314589,0.704350190587649,0.55401820833971,0.419363461122077,1
