"","corporate","consumption","property","income","cross_border","final"
"corporate",1,-0.328429298807239,0.366432171805787,0.517909793584458,0.376778692912683,0.651766386250899
"consumption",-0.328429298807239,1,0.126361252673761,-0.185956818772079,-0.173956011451085,0.287724399699235
"property",0.366432171805787,0.126361252673761,1,0.327191491017599,0.014648119708627,0.689894532695348
"income",0.517909793584458,-0.185956818772079,0.327191491017599,1,0.188681540301034,0.613502981254674
"cross_border",0.376778692912683,-0.173956011451085,0.014648119708627,0.188681540301034,1,0.462638999478523
"final",0.651766386250899,0.287724399699235,0.689894532695348,0.613502981254674,0.462638999478523,1
