"","corporate","consumption","property","income","cross_border","final"
"corporate",1,-0.324626756456628,0.369739503242133,0.513030966889066,0.370913581387062,0.648670796484887
"consumption",-0.324626756456628,1,0.126361252673761,-0.185788499568481,-0.175945766076634,0.290846606805806
"property",0.369739503242133,0.126361252673761,1,0.327149601693643,0.015766296374232,0.691629012872814
"income",0.513030966889066,-0.185788499568481,0.327149601693643,1,0.192889637475847,0.611901638404589
"cross_border",0.370913581387062,-0.175945766076634,0.015766296374232,0.192889637475847,1,0.461555956095904
"final",0.648670796484887,0.290846606805806,0.691629012872814,0.611901638404589,0.461555956095904,1
