"","corporate","consumption","property","income","cross_border","final"
"corporate",1,-0.34495202422442,0.32020391616236,0.327247287489985,0.287294281172722,0.525998808048029
"consumption",-0.34495202422442,1,0.142736118328299,-0.0198354110437792,-0.0908035099588654,0.372755447170938
"property",0.32020391616236,0.142736118328299,1,0.316232856967014,-0.0117548036601678,0.663583541009422
"income",0.327247287489985,-0.0198354110437792,0.316232856967014,1,0.157433132849041,0.6385479971148
"cross_border",0.287294281172722,-0.0908035099588654,-0.0117548036601678,0.157433132849041,1,0.4558414170225
"final",0.525998808048029,0.372755447170938,0.663583541009422,0.6385479971148,0.4558414170225,1
