"","corporate","consumption","property","income","international","final"
"corporate",1,-0.286701121295525,0.365686694668836,0.491115144498305,0.308585354221669,0.618348169681275
"consumption",-0.286701121295525,1,0.0473618796951631,-0.146975278220031,0.116326936476892,0.371352411402802
"property",0.365686694668836,0.0473618796951631,1,0.448356503799624,-0.114026592108638,0.618306477721848
"income",0.491115144498305,-0.146975278220031,0.448356503799624,1,0.108145080145897,0.632629717997932
"international",0.308585354221669,0.116326936476892,-0.114026592108638,0.108145080145897,1,0.511475414789889
"final",0.618348169681275,0.371352411402802,0.618306477721848,0.632629717997932,0.511475414789889,1
