"","corporate","consumption","property","income","cross_border","final"
"corporate",1,-0.343901703329778,0.299053953584311,0.433988820330361,0.305933005047479,0.562644437623241
"consumption",-0.343901703329778,1,0.144695703043494,-0.154654402167243,-0.0623345325687753,0.346346224501907
"property",0.299053953584311,0.144695703043494,1,0.245513515917085,-0.0480934864431864,0.62744847333409
"income",0.433988820330361,-0.154654402167243,0.245513515917085,1,0.311933159552485,0.619735268982509
"cross_border",0.305933005047479,-0.0623345325687753,-0.0480934864431864,0.311933159552485,1,0.512897932828008
"final",0.562644437623241,0.346346224501907,0.62744847333409,0.619735268982509,0.512897932828008,1
