"","corporate","consumption","property","income","international","final"
"corporate",1,-0.285934389834507,0.370567158887925,0.493339115151133,0.280878342042959,0.614182876834489
"consumption",-0.285934389834507,1,0.0569525837616903,-0.127135597067779,0.10605911120935,0.379991749857067
"property",0.370567158887925,0.0569525837616903,1,0.465783833767632,-0.149798196021581,0.627046321962878
"income",0.493339115151133,-0.127135597067779,0.465783833767632,1,0.0685491338575213,0.639334128992576
"international",0.280878342042959,0.10605911120935,-0.149798196021581,0.0685491338575213,1,0.470345668852157
"final",0.614182876834489,0.379991749857067,0.627046321962878,0.639334128992576,0.470345668852157,1
