"","corporate","consumption","property","income","international","final"
"corporate",1,-0.235135615150422,0.459904040633683,0.53400440488504,0.382313569277849,0.657327591295058
"consumption",-0.235135615150422,1,0.0621519777030936,-0.158156030880094,0.207132177428793,0.380031856879763
"property",0.459904040633683,0.0621519777030936,1,0.409363574234676,0.143848077230788,0.694161760524391
"income",0.53400440488504,-0.158156030880094,0.409363574234676,1,0.254319849026989,0.63212704362738
"international",0.382313569277849,0.207132177428793,0.143848077230788,0.254319849026989,1,0.64062496354986
"final",0.657327591295058,0.380031856879763,0.694161760524391,0.63212704362738,0.64062496354986,1
