"","corporate","consumption","property","income","international","final"
"corporate",1,-0.0973124816452946,0.194995040367086,0.516096596218535,0.233504787366386,0.611283030874284
"consumption",-0.0973124816452946,1,0.122623868131515,-0.110422512088862,0.114138755431075,0.500933981371151
"property",0.194995040367086,0.122623868131515,1,0.227144379796841,-0.204460283444099,0.523250926362026
"income",0.516096596218535,-0.110422512088862,0.227144379796841,1,0.0961778717266956,0.575830203352037
"international",0.233504787366386,0.114138755431075,-0.204460283444099,0.0961778717266956,1,0.44273110763067
"final",0.611283030874284,0.500933981371151,0.523250926362026,0.575830203352037,0.44273110763067,1
