"","corporate","consumption","property","income","international","final"
"corporate",1,-0.28914548463418,0.369640545454052,0.489968266991037,0.278986567192761,0.611355109979847
"consumption",-0.28914548463418,1,0.0569535305517356,-0.139018837148078,0.106059111272354,0.376472599531943
"property",0.369640545454052,0.0569535305517356,1,0.461749262540147,-0.149797458352156,0.626820061857262
"income",0.489968266991037,-0.139018837148078,0.461749262540147,1,0.0792170660114859,0.636105521486483
"international",0.278986567192761,0.106059111272354,-0.149797458352156,0.0792170660114859,1,0.474406494415486
"final",0.611355109979847,0.376472599531943,0.626820061857262,0.636105521486483,0.474406494415486,1
