"","corporate","consumption","property","income","cross_border","final"
"corporate",1,-0.302329494276782,0.338777813331096,0.500810978787698,0.367748039957947,0.649271236021051
"consumption",-0.302329494276782,1,0.204885911328467,-0.17838607773739,-0.189591436763263,0.327177923440518
"property",0.338777813331096,0.204885911328467,1,0.27731957063312,-0.08282725438198,0.673371325427878
"income",0.500810978787698,-0.17838607773739,0.27731957063312,1,0.172137978674679,0.593379025348922
"cross_border",0.367748039957947,-0.189591436763263,-0.08282725438198,0.172137978674679,1,0.417559739191091
"final",0.649271236021051,0.327177923440518,0.673371325427878,0.593379025348922,0.417559739191091,1
