"","corporate","consumption","property","income","international","final"
"corporate",1,-0.281070256501533,0.386587143770684,0.472348454896357,0.316670639213315,0.627408648620718
"consumption",-0.281070256501533,1,0.0569525837197793,-0.139018837148078,0.106059111272354,0.37517849171541
"property",0.386587143770684,0.0569525837197793,1,0.461748703243162,-0.149798195969414,0.628790927026114
"income",0.472348454896357,-0.139018837148078,0.461748703243162,1,0.0792170660114859,0.626474379985313
"international",0.316670639213315,0.106059111272354,-0.149798195969414,0.0792170660114859,1,0.484483288923391
"final",0.627408648620718,0.37517849171541,0.628790927026114,0.626474379985313,0.484483288923391,1
