"","corporate","consumption","property","income","cross_border","final"
"corporate",1,-0.302254268884945,0.338777813331096,0.500810978787698,0.367748039957947,0.649301251698848
"consumption",-0.302254268884945,1,0.205012991460522,-0.178439703827553,-0.189530997363038,0.32721296369315
"property",0.338777813331096,0.205012991460522,1,0.27731957063312,-0.08282725438198,0.673407191273463
"income",0.500810978787698,-0.178439703827553,0.27731957063312,1,0.172137978674679,0.593343458351791
"cross_border",0.367748039957947,-0.189530997363038,-0.08282725438198,0.172137978674679,1,0.417584718273318
"final",0.649301251698848,0.32721296369315,0.673407191273463,0.593343458351791,0.417584718273318,1
