"","corporate","consumption","property","income","cross_border","final"
"corporate",1,-0.254271782865341,0.412519569087762,0.229782758509025,0.0909104505056861,0.529194640266997
"consumption",-0.254271782865341,1,0.00163565041813517,-0.185695651423654,0.141302629506289,0.370381499605639
"property",0.412519569087762,0.00163565041813517,1,0.469161744027894,-0.0589797018293071,0.688338115015593
"income",0.229782758509025,-0.185695651423654,0.469161744027894,1,0.0161053693591901,0.54243886819087
"cross_border",0.0909104505056861,0.141302629506289,-0.0589797018293071,0.0161053693591901,1,0.448192927629796
"final",0.529194640266997,0.370381499605639,0.688338115015593,0.54243886819087,0.448192927629796,1
