"","corporate","consumption","property","income","cross_border","final"
"corporate",1,-0.24591399996031,0.406856018987402,0.330426616087876,0.280766378026464,0.599236305006498
"consumption",-0.24591399996031,1,0.00163565041813517,-0.172134011903078,0.141302629506289,0.369148724879307
"property",0.406856018987402,0.00163565041813517,1,0.463688160745206,-0.0589797018293071,0.65568242384974
"income",0.330426616087876,-0.172134011903078,0.463688160745206,1,0.0368429395591152,0.569404245703246
"cross_border",0.280766378026464,0.141302629506289,-0.0589797018293071,0.0368429395591152,1,0.505008096242192
"final",0.599236305006498,0.369148724879307,0.65568242384974,0.569404245703246,0.505008096242192,1
