"","corporate","consumption","property","income","international","final"
"corporate",1,-0.225474323543165,0.40631036328956,0.533460575017356,0.476377154456827,0.675154479627858
"consumption",-0.225474323543165,1,0.0621519777030936,-0.164431841878031,0.207132177428793,0.374441914560311
"property",0.40631036328956,0.0621519777030936,1,0.395056835693554,0.143848077230788,0.670861393514643
"income",0.533460575017356,-0.164431841878031,0.395056835693554,1,0.262894115314708,0.62726335252636
"international",0.476377154456827,0.207132177428793,0.143848077230788,0.262894115314708,1,0.670672949129824
"final",0.675154479627858,0.374441914560311,0.670861393514643,0.62726335252636,0.670672949129824,1
