"","corporate","consumption","property","income","cross_border","final"
"corporate",1,-0.37349619412754,0.274854227301151,0.375613526952169,0.305596335660158,0.512713219942086
"consumption",-0.37349619412754,1,0.129945599649368,0.0221739268874411,-0.133807789399663,0.370953962603315
"property",0.274854227301151,0.129945599649368,1,0.347295832392391,-0.0225327889276842,0.659619724637051
"income",0.375613526952169,0.0221739268874411,0.347295832392391,1,0.0989186791718448,0.664896421306955
"cross_border",0.305596335660158,-0.133807789399663,-0.0225327889276842,0.0989186791718448,1,0.421964401711918
"final",0.512713219942086,0.370953962603315,0.659619724637051,0.664896421306955,0.421964401711918,1
