"","corporate","consumption","property","income","cross_border","final"
"corporate",1,-0.267571849204402,0.390660746965386,0.216192729182436,0.11383892896752,0.516215583640653
"consumption",-0.267571849204402,1,0.00163565041813517,-0.171122544906337,0.141302629506289,0.372617358794986
"property",0.390660746965386,0.00163565041813517,1,0.499929246216241,-0.0589797018293071,0.693082656081632
"income",0.216192729182436,-0.171122544906337,0.499929246216241,1,-0.0232458574795937,0.545003021271173
"cross_border",0.11383892896752,0.141302629506289,-0.0589797018293071,-0.0232458574795937,1,0.443829564094702
"final",0.516215583640653,0.372617358794986,0.693082656081632,0.545003021271173,0.443829564094702,1
