"","corporate","consumption","property","income","international","final"
"corporate",1,-0.216231252136839,0.448541241748942,0.539316921686117,0.462110895799488,0.685163351914025
"consumption",-0.216231252136839,1,0.0621519777030936,-0.158156012871183,0.207132177428793,0.378614166930822
"property",0.448541241748942,0.0621519777030936,1,0.409363568653236,0.143848077230788,0.684188637818842
"income",0.539316921686117,-0.158156012871183,0.409363568653236,1,0.254319914008279,0.628848567824974
"international",0.462110895799488,0.207132177428793,0.143848077230788,0.254319914008279,1,0.659339426850798
"final",0.685163351914025,0.378614166930822,0.684188637818842,0.628848567824974,0.659339426850798,1
