"","corporate","consumption","property","income","cross_border","final"
"corporate",1,-0.330841872154476,0.263180248378308,0.471026913595101,0.323022469314165,0.567876950613165
"consumption",-0.330841872154476,1,0.181985967017414,-0.109444322483925,-0.0579505260546659,0.368200140292571
"property",0.263180248378308,0.181985967017414,1,0.236380602228604,-0.063514140275401,0.60985970917057
"income",0.471026913595101,-0.109444322483925,0.236380602228604,1,0.301475407318594,0.648800694491783
"cross_border",0.323022469314165,-0.0579505260546659,-0.063514140275401,0.301475407318594,1,0.509711602084028
"final",0.567876950613165,0.368200140292571,0.60985970917057,0.648800694491783,0.509711602084028,1
