"","corporate","consumption","property","income","cross_border","final"
"corporate",1,-0.294267097660131,0.293746591416433,0.321856090890332,0.125155386377421,0.486643299623788
"consumption",-0.294267097660131,1,0.129945599649368,0.0221739268457306,-0.133807789399663,0.400893810439764
"property",0.293746591416433,0.129945599649368,1,0.347295831860879,-0.0225327889276842,0.674750391350487
"income",0.321856090890332,0.0221739268457306,0.347295831860879,1,0.0989186778825828,0.654651773441297
"cross_border",0.125155386377421,-0.133807789399663,-0.0225327889276842,0.0989186778825828,1,0.363436226162679
"final",0.486643299623788,0.400893810439764,0.674750391350487,0.654651773441297,0.363436226162679,1
