"","corporate","consumption","property","income","cross_border","final"
"corporate",1,-0.330764697861476,0.287231805558959,0.50514186520815,0.305910813338367,0.575800796021199
"consumption",-0.330764697861476,1,0.181607796073199,-0.102509507329296,-0.0623345327321183,0.37040041697284
"property",0.287231805558959,0.181607796073199,1,0.247326130072937,-0.047609091941179,0.62879081597987
"income",0.50514186520815,-0.102509507329296,0.247326130072937,1,0.302417369266779,0.657076743009502
"cross_border",0.305910813338367,-0.0623345327321183,-0.047609091941179,0.302417369266779,1,0.49598518301857
"final",0.575800796021199,0.37040041697284,0.62879081597987,0.657076743009502,0.49598518301857,1
