"","corporate","consumption","property","income","international","final"
"corporate",1,-0.254271782942915,0.412519569103813,0.225806999994974,0.0615260220337571,0.51682913065301
"consumption",-0.254271782942915,1,0.00163565054943523,-0.179608126327174,0.195188151762276,0.391300604262845
"property",0.412519569103813,0.00163565054943523,1,0.473260570638318,-0.090335991194971,0.678581258095389
"income",0.225806999994974,-0.179608126327174,0.473260570638318,1,0.00909474399271707,0.543347515769035
"international",0.0615260220337571,0.195188151762276,-0.090335991194971,0.00909474399271707,1,0.445982729425014
"final",0.51682913065301,0.391300604262845,0.678581258095389,0.543347515769035,0.445982729425014,1
