"","corporate","consumption","property","income","international","final"
"corporate",1,-0.217234229774812,0.440722234377792,0.53714413544729,0.466758525793786,0.682539901179631
"consumption",-0.217234229774812,1,0.0621519777030936,-0.158156012871183,0.207132177428793,0.379237006339525
"property",0.440722234377792,0.0621519777030936,1,0.409363568653236,0.143848077230788,0.682290960543525
"income",0.53714413544729,-0.158156012871183,0.409363568653236,1,0.254319914008279,0.628495005919022
"international",0.466758525793786,0.207132177428793,0.143848077230788,0.254319914008279,1,0.661271376771018
"final",0.682539901179631,0.379237006339525,0.682290960543525,0.628495005919022,0.661271376771018,1
