"","corporate","consumption","property","income","cross_border","final"
"corporate",1,-0.256541914017113,0.366844015676537,0.368857794808797,0.363126072355166,0.638786662254127
"consumption",-0.256541914017113,1,0.142031964292921,-0.159515504397298,-0.156830852723956,0.354039845774752
"property",0.366844015676537,0.142031964292921,1,0.260337396483838,-0.0456552400120833,0.678224344288738
"income",0.368857794808797,-0.159515504397298,0.260337396483838,1,0.170181501859885,0.541487792517207
"cross_border",0.363126072355166,-0.156830852723956,-0.0456552400120833,0.170181501859885,1,0.418665317830421
"final",0.638786662254127,0.354039845774752,0.678224344288738,0.541487792517207,0.418665317830421,1
