"","corporate","consumption","property","income","international","final"
"corporate",1,-0.223980113954875,0.417288015798277,0.525665849797799,0.474906277268588,0.674334773129572
"consumption",-0.223980113954875,1,0.0621519777030936,-0.158156012871183,0.207132177428793,0.377420932392545
"property",0.417288015798277,0.0621519777030936,1,0.409363568653236,0.143848077230788,0.677434187239357
"income",0.525665849797799,-0.158156012871183,0.409363568653236,1,0.254319914008279,0.627517050971696
"international",0.474906277268588,0.207132177428793,0.143848077230788,0.254319914008279,1,0.666381971287138
"final",0.674334773129572,0.377420932392545,0.677434187239357,0.627517050971696,0.666381971287138,1
