"","corporate","consumption","property","income","international","final"
"corporate",1,-0.221185766678557,0.43332142805331,0.533597616280128,0.468287872167688,0.679678460857024
"consumption",-0.221185766678557,1,0.0621519777030936,-0.158156012871183,0.207132177428793,0.377730826644614
"property",0.43332142805331,0.0621519777030936,1,0.409363568653236,0.143848077230788,0.680959184771075
"income",0.533597616280128,-0.158156012871183,0.409363568653236,1,0.254319914008279,0.628526777908585
"international",0.468287872167688,0.207132177428793,0.143848077230788,0.254319914008279,1,0.662782354049669
"final",0.679678460857024,0.377730826644614,0.680959184771075,0.628526777908585,0.662782354049669,1
