"","corporate","consumption","property","income","international","final"
"corporate",1,-0.285934389834507,0.190490802375348,0.490663927352129,0.282565067057625,0.573470702222631
"consumption",-0.285934389834507,1,0.122623868131515,-0.139018837370528,0.102254653004157,0.418767569897793
"property",0.190490802375348,0.122623868131515,1,0.2334838104456,-0.197697825584493,0.53567621351922
"income",0.490663927352129,-0.139018837370528,0.2334838104456,1,0.0816684510897235,0.578092733657907
"international",0.282565067057625,0.102254653004157,-0.197697825584493,0.0816684510897235,1,0.474182025556414
"final",0.573470702222631,0.418767569897793,0.53567621351922,0.578092733657907,0.474182025556414,1
