"","corporate","consumption","property","income","cross_border","final"
"corporate",1,-0.328429298807239,0.366432171805787,0.517909793580614,0.376288422175232,0.651982368294842
"consumption",-0.328429298807239,1,0.126361252673761,-0.185956818757225,-0.178335136386609,0.286686501566616
"property",0.366432171805787,0.126361252673761,1,0.327191491018027,0.017973228280499,0.69173128773394
"income",0.517909793580614,-0.185956818757225,0.327191491018027,1,0.185607548450964,0.612956793409941
"cross_border",0.376288422175232,-0.178335136386609,0.017973228280499,0.185607548450964,1,0.460312002145466
"final",0.651982368294842,0.286686501566616,0.69173128773394,0.612956793409941,0.460312002145466,1
