"","corporate","consumption","property","income","cross_border","final"
"corporate",1,-0.302254268884945,0.338777813331096,0.500810978787698,0.369569420302615,0.649689132471826
"consumption",-0.302254268884945,1,0.205012991460522,-0.178439703827553,-0.189459884700686,0.327234704317304
"property",0.338777813331096,0.205012991460522,1,0.27731957063312,-0.0818328025779335,0.673647852333402
"income",0.500810978787698,-0.178439703827553,0.27731957063312,1,0.171670941942887,0.593010150358949
"cross_border",0.369569420302615,-0.189459884700686,-0.0818328025779335,0.171670941942887,1,0.418129580908212
"final",0.649689132471826,0.327234704317304,0.673647852333402,0.593010150358949,0.418129580908212,1
