"","corporate","consumption","property","income","cross_border","final"
"corporate",1,-0.254568147434965,0.379613100873921,0.335708795327416,0.389168239834864,0.643231471204163
"consumption",-0.254568147434965,1,0.142031964292921,-0.154094080593325,-0.156830852723956,0.354121806266071
"property",0.379613100873921,0.142031964292921,1,0.257894171461991,-0.0456552400120833,0.680778659178369
"income",0.335708795327416,-0.154094080593325,0.257894171461991,1,0.170479237551435,0.529525510877335
"cross_border",0.389168239834864,-0.156830852723956,-0.0456552400120833,0.170479237551435,1,0.428335863543963
"final",0.643231471204163,0.354121806266071,0.680778659178369,0.529525510877335,0.428335863543963,1
