"","corporate","consumption","property","income","international","final"
"corporate",1,-0.320471529126253,0.396941300911034,0.520628418863118,0.301227151409916,0.622143476405871
"consumption",-0.320471529126253,1,0.0569525837197793,-0.168735998679484,0.106059111272354,0.354752069403431
"property",0.396941300911034,0.0569525837197793,1,0.472180171310723,-0.149798195969414,0.637633019775528
"income",0.520628418863118,-0.168735998679484,0.472180171310723,1,0.0954761657754177,0.641625752899822
"international",0.301227151409916,0.106059111272354,-0.149798195969414,0.0954761657754177,1,0.48526348307796
"final",0.622143476405871,0.354752069403431,0.637633019775528,0.641625752899822,0.48526348307796,1
