"","corporate","consumption","property","income","international","final"
"corporate",1,-0.225025325171637,0.410808634566263,0.522959030147754,0.476155805335782,0.672381917561831
"consumption",-0.225025325171637,1,0.0621519777030936,-0.158156012871183,0.207132177428793,0.376999565736295
"property",0.410808634566263,0.0621519777030936,1,0.409363568653236,0.143848077230788,0.676022935552744
"income",0.522959030147754,-0.158156012871183,0.409363568653236,1,0.254319914008279,0.627387580045954
"international",0.476155805335782,0.207132177428793,0.143848077230788,0.254319914008279,1,0.667466998697988
"final",0.672381917561831,0.376999565736295,0.676022935552744,0.627387580045954,0.667466998697988,1
