"","corporate","consumption","property","income","cross_border","final"
"corporate",1,-0.330841872154476,0.263180248378308,0.435883561584833,0.323022469314165,0.550814970775083
"consumption",-0.330841872154476,1,0.181985967017414,-0.0533963840622049,-0.0579505260546659,0.384123035847572
"property",0.263180248378308,0.181985967017414,1,0.248538907237815,-0.063514140275401,0.6086219877525
"income",0.435883561584833,-0.0533963840622049,0.248538907237815,1,0.324464051716061,0.668923746877954
"cross_border",0.323022469314165,-0.0579505260546659,-0.063514140275401,0.324464051716061,1,0.512954217610048
"final",0.550814970775083,0.384123035847572,0.6086219877525,0.668923746877954,0.512954217610048,1
