"","corporate","consumption","property","income","international","final"
"corporate",1,-0.23073282187881,0.44007875291546,0.541065902219592,0.458348758092691,0.678346813357467
"consumption",-0.23073282187881,1,0.0621519777030936,-0.164145741065702,0.207132177428793,0.375285221623443
"property",0.44007875291546,0.0621519777030936,1,0.400987441829582,0.143848077230788,0.682496957331697
"income",0.541065902219592,-0.164145741065702,0.400987441829582,1,0.249823055729931,0.624673665940735
"international",0.458348758092691,0.207132177428793,0.143848077230788,0.249823055729931,1,0.660384815627764
"final",0.678346813357467,0.375285221623443,0.682496957331697,0.624673665940735,0.660384815627764,1
