"","corporate","consumption","property","income","international","final"
"corporate",1,-0.218090698870777,0.469219052566624,0.546480410949804,0.476377154456827,0.694568966546129
"consumption",-0.218090698870777,1,0.0456975222012872,-0.164516513081247,0.212898750913174,0.368782501943991
"property",0.469219052566624,0.0456975222012872,1,0.411761911831201,0.185447579724458,0.685809055722669
"income",0.546480410949804,-0.164516513081247,0.411761911831201,1,0.272119020050499,0.632399365353719
"international",0.476377154456827,0.212898750913174,0.185447579724458,0.272119020050499,1,0.683429966961246
"final",0.694568966546129,0.368782501943991,0.685809055722669,0.632399365353719,0.683429966961246,1
