"","corporate","consumption","property","income","international","final"
"corporate",1,-0.216231252136839,0.448541241748942,0.537567263020041,0.462110895799488,0.684675893166137
"consumption",-0.216231252136839,1,0.0621519777030936,-0.157536645512368,0.207132177428793,0.379069076331684
"property",0.448541241748942,0.0621519777030936,1,0.40860518179734,0.143848077230788,0.684071280533012
"income",0.537567263020041,-0.157536645512368,0.40860518179734,1,0.254540983570118,0.628130623786821
"international",0.462110895799488,0.207132177428793,0.143848077230788,0.254540983570118,1,0.659590325815256
"final",0.684675893166137,0.379069076331684,0.684071280533012,0.628130623786821,0.659590325815256,1
