"","corporate","consumption","property","income","cross_border","final"
"corporate",1,-0.255140372724181,0.36581959892146,0.362939345544227,0.367432638315585,0.638015326243065
"consumption",-0.255140372724181,1,0.142031964292921,-0.154094080593325,-0.156830852723956,0.356271996941499
"property",0.36581959892146,0.142031964292921,1,0.257894171461991,-0.0456552400120833,0.67671610228143
"income",0.362939345544227,-0.154094080593325,0.257894171461991,1,0.170479237551435,0.540866914180352
"cross_border",0.367432638315585,-0.156830852723956,-0.0456552400120833,0.170479237551435,1,0.420168877708468
"final",0.638015326243065,0.356271996941499,0.67671610228143,0.540866914180352,0.420168877708468,1
