"","corporate","consumption","property","income","cross_border","final"
"corporate",1,-0.328429298807239,0.366432171805787,0.518000749135781,0.397191866326522,0.650321081080623
"consumption",-0.328429298807239,1,0.126361252673761,-0.186009660694836,-0.0826902379959671,0.320497514731248
"property",0.366432171805787,0.126361252673761,1,0.327296945725124,-0.0366344923092829,0.673594910255883
"income",0.518000749135781,-0.186009660694836,0.327296945725124,1,0.181337483041718,0.607338028215525
"cross_border",0.397191866326522,-0.0826902379959671,-0.0366344923092829,0.181337483041718,1,0.470914274219453
"final",0.650321081080623,0.320497514731248,0.673594910255883,0.607338028215525,0.470914274219453,1
