"","corporate","consumption","property","income","international","final"
"corporate",1,-0.254271782942915,0.412519569103813,0.225806999994974,0.0909104505975779,0.527162585126589
"consumption",-0.254271782942915,1,0.00163565054943523,-0.179608126327174,0.141302629542496,0.371862414265879
"property",0.412519569103813,0.00163565054943523,1,0.473260570638318,-0.0589797019612906,0.689158641939201
"income",0.225806999994974,-0.179608126327174,0.473260570638318,1,0.0159427030543341,0.545378256032024
"international",0.0909104505975779,0.141302629542496,-0.0589797019612906,0.0159427030543341,1,0.447477716496778
"final",0.527162585126589,0.371862414265879,0.689158641939201,0.545378256032024,0.447477716496778,1
