"","corporate","consumption","property","income","cross_border","final"
"corporate",1,-0.343901703443679,0.276328288530757,0.433988820274282,0.305933005077779,0.550211480674641
"consumption",-0.343901703443679,1,0.181607796073199,-0.154654402389517,-0.0623345327321183,0.357975277153131
"property",0.276328288530757,0.181607796073199,1,0.263818989887296,-0.047609091941179,0.642719010339874
"income",0.433988820274282,-0.154654402389517,0.263818989887296,1,0.311933159552485,0.622193865442833
"cross_border",0.305933005077779,-0.0623345327321183,-0.047609091941179,0.311933159552485,1,0.508001001892454
"final",0.550211480674641,0.357975277153131,0.642719010339874,0.622193865442833,0.508001001892454,1
