"","corporate","consumption","property","income","international","final"
"corporate",1,-0.216231252136839,0.448541241748942,0.531393745349747,0.462110895799488,0.684908575769973
"consumption",-0.216231252136839,1,0.0621519777030936,-0.164569081368193,0.207132177428793,0.379814237790611
"property",0.448541241748942,0.0621519777030936,1,0.410198945578523,0.143848077230788,0.687134961017636
"income",0.531393745349747,-0.164569081368193,0.410198945578523,1,0.228739763427833,0.616028010528215
"international",0.462110895799488,0.207132177428793,0.143848077230788,0.228739763427833,1,0.654796594221143
"final",0.684908575769973,0.379814237790611,0.687134961017636,0.616028010528215,0.654796594221143,1
