"","corporate","consumption","property","income","cross_border","final"
"corporate",1,-0.328429298807239,0.366432171805787,0.518058346836168,0.376975590873089,0.649780671908531
"consumption",-0.328429298807239,1,0.126361252673761,-0.177663221089514,-0.175945766076634,0.289081364683567
"property",0.366432171805787,0.126361252673761,1,0.336265477403233,0.015766296374232,0.690946074995865
"income",0.518058346836168,-0.177663221089514,0.336265477403233,1,0.196404381407442,0.620777444812821
"cross_border",0.376975590873089,-0.175945766076634,0.015766296374232,0.196404381407442,1,0.463949861201161
"final",0.649780671908531,0.289081364683567,0.690946074995865,0.620777444812821,0.463949861201161,1
