"","corporate","consumption","property","income","cross_border","final"
"corporate",1,-0.338522152755032,0.34630650022542,0.393408805124876,0.281680177089097,0.560714285257396
"consumption",-0.338522152755032,1,0.129945599649368,0.0221739268874411,-0.133807789399663,0.366940616188224
"property",0.34630650022542,0.129945599649368,1,0.347295832392391,-0.0225327889276842,0.674082398171834
"income",0.393408805124876,0.0221739268874411,0.347295832392391,1,0.0989186791718448,0.661898801152419
"cross_border",0.281680177089097,-0.133807789399663,-0.0225327889276842,0.0989186791718448,1,0.408713031409764
"final",0.560714285257396,0.366940616188224,0.674082398171834,0.661898801152419,0.408713031409764,1
