"","corporate","consumption","property","income","international","final"
"corporate",1,-0.27815615526795,0.394144582237792,0.507426006569427,0.248202004397619,0.621682196356779
"consumption",-0.27815615526795,1,0.0569525837197793,-0.129186937476463,0.106059111272354,0.37901035343232
"property",0.394144582237792,0.0569525837197793,1,0.490407331918819,-0.149798195969414,0.643106058446242
"income",0.507426006569427,-0.129186937476463,0.490407331918819,1,0.034608605165451,0.641756360338291
"international",0.248202004397619,0.106059111272354,-0.149798195969414,0.034608605165451,1,0.446934509356686
"final",0.621682196356779,0.37901035343232,0.643106058446242,0.641756360338291,0.446934509356686,1
