"","corporate","consumption","property","income","cross_border","final"
"corporate",1,-0.330841872154476,0.263180248378308,0.341676817367243,0.323022469314165,0.522585413659813
"consumption",-0.330841872154476,1,0.181985967017414,-0.0178440358521393,-0.0579505260546659,0.394754619063477
"property",0.263180248378308,0.181985967017414,1,0.208578846909283,-0.063514140275401,0.596531802948334
"income",0.341676817367243,-0.0178440358521393,0.208578846909283,1,0.354593341769293,0.661328517104005
"cross_border",0.323022469314165,-0.0579505260546659,-0.063514140275401,0.354593341769293,1,0.52703572595154
"final",0.522585413659813,0.394754619063477,0.596531802948334,0.661328517104005,0.52703572595154,1
