"","corporate","consumption","property","income","cross_border","final"
"corporate",1,-0.328429298807239,0.366432171805787,0.518000749135781,0.376288422175232,0.651995118151784
"consumption",-0.328429298807239,1,0.126361252673761,-0.186009660694836,-0.178335136386609,0.286667189996372
"property",0.366432171805787,0.126361252673761,1,0.327296945725124,0.017973228280499,0.691750208240085
"income",0.518000749135781,-0.186009660694836,0.327296945725124,1,0.185674447922469,0.61300739663409
"cross_border",0.376288422175232,-0.178335136386609,0.017973228280499,0.185674447922469,1,0.46032391355186
"final",0.651995118151784,0.286667189996372,0.691750208240085,0.61300739663409,0.46032391355186,1
