"","corporate","consumption","property","income","cross_border","final"
"corporate",1,-0.254271782865341,0.412519569087762,0.225807000081264,0.0909104505056861,0.527162585143527
"consumption",-0.254271782865341,1,0.00163565041813517,-0.179608126394894,0.141302629506289,0.371862414232732
"property",0.412519569087762,0.00163565041813517,1,0.473260570594893,-0.0589797018293071,0.689158641895078
"income",0.225807000081264,-0.179608126394894,0.473260570594893,1,0.0159427031760244,0.545378256048351
"cross_border",0.0909104505056861,0.141302629506289,-0.0589797018293071,0.0159427031760244,1,0.447477716545013
"final",0.527162585143527,0.371862414232732,0.689158641895078,0.545378256048351,0.447477716545013,1
