"","corporate","consumption","property","income","cross_border","final"
"corporate",1,-0.343895713855629,0.276320886868063,0.494346972435851,0.305839146109438,0.564698233619146
"consumption",-0.343895713855629,1,0.181607796073199,-0.113829820478987,-0.0623345327321183,0.364128074348995
"property",0.276320886868063,0.181607796073199,1,0.255255047471236,-0.047609091941179,0.631042684225681
"income",0.494346972435851,-0.113829820478987,0.255255047471236,1,0.303939358263438,0.655265575648152
"cross_border",0.305839146109438,-0.0623345327321183,-0.047609091941179,0.303939358263438,1,0.499232358151619
"final",0.564698233619146,0.364128074348995,0.631042684225681,0.655265575648152,0.499232358151619,1
