"","corporate","consumption","property","income","international","final"
"corporate",1,-0.285934389834507,0.37056690428707,0.490663927352129,0.280878342042959,0.614084626885318
"consumption",-0.285934389834507,1,0.0569535305908828,-0.139018837370528,0.10605911120935,0.376752134028128
"property",0.37056690428707,0.0569535305908828,1,0.461749262545563,-0.149797458408158,0.626534743799953
"income",0.490663927352129,-0.139018837370528,0.461749262545563,1,0.0792170659222482,0.635836201093412
"international",0.280878342042959,0.10605911120935,-0.149797458408158,0.0792170659222482,1,0.474600872429044
"final",0.614084626885318,0.376752134028128,0.626534743799953,0.635836201093412,0.474600872429044,1
