"","corporate","consumption","property","income","international","final"
"corporate",1,-0.259541135968289,0.433881281316645,0.520614501966176,0.288976821082284,0.62637433951477
"consumption",-0.259541135968289,1,0.0621519777030936,-0.164569081368193,0.207132177428793,0.371808186240711
"property",0.433881281316645,0.0621519777030936,1,0.410198945578523,0.143848077230788,0.700116682119572
"income",0.520614501966176,-0.164569081368193,0.410198945578523,1,0.228739763427833,0.629444515456408
"international",0.288976821082284,0.207132177428793,0.143848077230788,0.228739763427833,1,0.615033965991232
"final",0.62637433951477,0.371808186240711,0.700116682119572,0.629444515456408,0.615033965991232,1
