"","corporate","consumption","property","income","cross_border","final"
"corporate",1,-0.255845587633578,0.378434010651697,0.355461765835548,0.385119964439081,0.643569930468744
"consumption",-0.255845587633578,1,0.142031964292921,-0.168998925438892,-0.156830852723956,0.347194408783063
"property",0.378434010651697,0.142031964292921,1,0.278401159257407,-0.0456552400120833,0.683503481486486
"income",0.355461765835548,-0.168998925438892,0.278401159257407,1,0.201157060620461,0.545728936558253
"cross_border",0.385119964439081,-0.156830852723956,-0.0456552400120833,0.201157060620461,1,0.43433353351916
"final",0.643569930468744,0.347194408783063,0.683503481486486,0.545728936558253,0.43433353351916,1
