"","corporate","consumption","property","income","cross_border","final"
"corporate",1,-0.254647247277217,0.36790429128719,0.402886187764236,0.366227707459771,0.660257590594919
"consumption",-0.254647247277217,1,0.142031964292921,-0.232609585479376,-0.156830852723956,0.335587613953225
"property",0.36790429128719,0.142031964292921,1,0.219125203814858,-0.0456552400120833,0.673874480860645
"income",0.402886187764236,-0.232609585479376,0.219125203814858,1,0.163630007490331,0.506163585603322
"cross_border",0.366227707459771,-0.156830852723956,-0.0456552400120833,0.163630007490331,1,0.423053330866496
"final",0.660257590594919,0.335587613953225,0.673874480860645,0.506163585603322,0.423053330866496,1
