"","corporate","consumption","property","income","cross_border","final"
"corporate",1,-0.271700471340615,0.316473750597525,0.234773224407292,0.0893321263064095,0.468862326673422
"consumption",-0.271700471340615,1,0.129945599649368,0.0246024989657223,-0.133807789399663,0.400345913740063
"property",0.316473750597525,0.129945599649368,1,0.373404810351981,-0.0225327889276842,0.696605588194208
"income",0.234773224407292,0.0246024989657223,0.373404810351981,1,0.0449271226001981,0.652285830221041
"cross_border",0.0893321263064095,-0.133807789399663,-0.0225327889276842,0.0449271226001981,1,0.326412345513733
"final",0.468862326673422,0.400345913740063,0.696605588194208,0.652285830221041,0.326412345513733,1
