"","corporate","consumption","property","income","cross_border","final"
"corporate",1,-0.330841872154476,0.263180248378308,0.480636571291722,0.323022469314165,0.56858901956474
"consumption",-0.330841872154476,1,0.181985967017414,-0.0888791110689389,-0.0579505260546659,0.372635353816533
"property",0.263180248378308,0.181985967017414,1,0.238910224306774,-0.063514140275401,0.60734884224687
"income",0.480636571291722,-0.0888791110689389,0.238910224306774,1,0.302527279252188,0.661305879659232
"cross_border",0.323022469314165,-0.0579505260546659,-0.063514140275401,0.302527279252188,1,0.507483565152637
"final",0.56858901956474,0.372635353816533,0.60734884224687,0.661305879659232,0.507483565152637,1
