"","corporate","consumption","property","income","cross_border","final"
"corporate",1,-0.330764697861476,0.287231805558959,0.507276407789813,0.305910813338367,0.5768044191816
"consumption",-0.330764697861476,1,0.181607796073199,-0.113829820478987,-0.0623345327321183,0.366568596827281
"property",0.287231805558959,0.181607796073199,1,0.255255047471236,-0.047609091941179,0.631578192102497
"income",0.507276407789813,-0.113829820478987,0.255255047471236,1,0.303939358263438,0.656511316126007
"cross_border",0.305910813338367,-0.0623345327321183,-0.047609091941179,0.303939358263438,1,0.496667854367208
"final",0.5768044191816,0.366568596827281,0.631578192102497,0.656511316126007,0.496667854367208,1
