"","corporate","consumption","property","income","international","final"
"corporate",1,-0.254271782942915,0.412519569103813,0.225806999994974,0.196951786334544,0.568656709878158
"consumption",-0.254271782942915,1,0.00163565054943523,-0.179608126327174,0.0239702873328668,0.333269580612589
"property",0.412519569103813,0.00163565054943523,1,0.473260570638318,-0.0608366988098876,0.699287219669755
"income",0.225806999994974,-0.179608126327174,0.473260570638318,1,0.0370564135683446,0.559686054391342
"international",0.196951786334544,0.0239702873328668,-0.0608366988098876,0.0370564135683446,1,0.420402040795873
"final",0.568656709878158,0.333269580612589,0.699287219669755,0.559686054391342,0.420402040795873,1
