"","corporate","consumption","property","income","international","final"
"corporate",1,-0.216583932199926,0.457115417750332,0.54086911018231,0.46479030408289,0.688290901559553
"consumption",-0.216583932199926,1,0.0510067860162809,-0.163394579051201,0.212309993988976,0.37553951496554
"property",0.457115417750332,0.0510067860162809,1,0.402525039619053,0.165762065716913,0.679178996645952
"income",0.54086911018231,-0.163394579051201,0.402525039619053,1,0.262546565121978,0.627168015418815
"international",0.46479030408289,0.212309993988976,0.165762065716913,0.262546565121978,1,0.674356707166623
"final",0.688290901559553,0.37553951496554,0.679178996645952,0.627168015418815,0.674356707166623,1
