"","corporate","consumption","property","income","cross_border","final"
"corporate",1,-0.254647247277217,0.36790429128719,0.364739058940738,0.364077247186652,0.631935191745652
"consumption",-0.254647247277217,1,0.142031964292921,-0.154094080593325,-0.127528773029474,0.368064952968217
"property",0.36790429128719,0.142031964292921,1,0.257894171461991,-0.0117858068036151,0.688517654179237
"income",0.364739058940738,-0.154094080593325,0.257894171461991,1,0.16017297413701,0.535263571474017
"cross_border",0.364077247186652,-0.127528773029474,-0.0117858068036151,0.16017297413701,1,0.425006621267966
"final",0.631935191745652,0.368064952968217,0.688517654179237,0.535263571474017,0.425006621267966,1
