"","corporate","consumption","property","income","cross_border","final"
"corporate",1,-0.0659156864282174,0.437452473616349,0.169498754040223,0.033085548675664,0.56818202649196
"consumption",-0.0659156864282174,1,0.101073990739726,-0.0710682532318084,-0.105856778135455,0.39503234343186
"property",0.437452473616349,0.101073990739726,1,0.320126010850728,-0.0589797018293071,0.684402142216511
"income",0.169498754040223,-0.0710682532318084,0.320126010850728,1,-8.59110470965744e-05,0.611029174392271
"cross_border",0.033085548675664,-0.105856778135455,-0.0589797018293071,-8.59110470965744e-05,1,0.276336590697494
"final",0.56818202649196,0.39503234343186,0.684402142216511,0.611029174392271,0.276336590697494,1
