"","corporate","consumption","property","income","cross_border","final"
"corporate",1,-0.302254268884945,0.338777813331096,0.497264756558947,0.369569420302615,0.651736007803182
"consumption",-0.302254268884945,1,0.205012991460522,-0.190431916422401,-0.189459884700686,0.323814366333369
"property",0.338777813331096,0.205012991460522,1,0.264021279801288,-0.0818328025779335,0.671990051469329
"income",0.497264756558947,-0.190431916422401,0.264021279801288,1,0.167687160566372,0.583622930663572
"cross_border",0.369569420302615,-0.189459884700686,-0.0818328025779335,0.167687160566372,1,0.418504846595871
"final",0.651736007803182,0.323814366333369,0.671990051469329,0.583622930663572,0.418504846595871,1
