"","corporate","consumption","property","income","international","final"
"corporate",1,-0.275744148515615,0.39869510671356,0.500299565606502,0.241208996022653,0.620038281904847
"consumption",-0.275744148515615,1,0.0569535305517356,-0.139018837148078,0.106059111272354,0.377519058978874
"property",0.39869510671356,0.0569535305517356,1,0.461749262540147,-0.149797458352156,0.635353813966
"income",0.500299565606502,-0.139018837148078,0.461749262540147,1,0.0792170660114859,0.638698001164288
"international",0.241208996022653,0.106059111272354,-0.149797458352156,0.0792170660114859,1,0.460055820852156
"final",0.620038281904847,0.377519058978874,0.635353813966,0.638698001164288,0.460055820852156,1
