"","corporate","consumption","property","income","international","final"
"corporate",1,-0.276911842087757,0.350683191744519,0.483768922052274,0.327597353376145,0.622163625495959
"consumption",-0.276911842087757,1,0.0430570847736568,-0.146646547219194,0.128457776192868,0.374898909631627
"property",0.350683191744519,0.0430570847736568,1,0.448356503799624,-0.114026592108638,0.609601233252006
"income",0.483768922052274,-0.146646547219194,0.448356503799624,1,0.108145080145897,0.629071971973009
"international",0.327597353376145,0.128457776192868,-0.114026592108638,0.108145080145897,1,0.52235103023701
"final",0.622163625495959,0.374898909631627,0.609601233252006,0.629071971973009,0.52235103023701,1
