"","corporate","consumption","property","income","cross_border","final"
"corporate",1,-0.24591399996031,0.400695755907479,0.330426616087876,0.280766378026464,0.586499140042684
"consumption",-0.24591399996031,1,0.020702400192282,-0.172134011903078,0.141302629506289,0.370571094024259
"property",0.400695755907479,0.020702400192282,1,0.514485937888512,0.0092884183651597,0.689659906650045
"income",0.330426616087876,-0.172134011903078,0.514485937888512,1,0.0368429395591152,0.577542412257302
"cross_border",0.280766378026464,0.141302629506289,0.0092884183651597,0.0368429395591152,1,0.522492158524121
"final",0.586499140042684,0.370571094024259,0.689659906650045,0.577542412257302,0.522492158524121,1
