"","corporate","consumption","property","income","international","final"
"corporate",1,-0.285934389797367,0.370567158866292,0.487681744037838,0.280878342007522,0.614741908913241
"consumption",-0.285934389797367,1,0.0569525837197793,-0.175608324816353,0.106059111272354,0.363926185869947
"property",0.370567158866292,0.0569525837197793,1,0.472943106119606,-0.149798195969414,0.631804172947435
"income",0.487681744037838,-0.175608324816353,0.472943106119606,1,0.100107782061979,0.633124499263512
"international",0.280878342007522,0.106059111272354,-0.149798195969414,0.100107782061979,1,0.48172092356057
"final",0.614741908913241,0.363926185869947,0.631804172947435,0.633124499263512,0.48172092356057,1
