"country","year","corporate_rank","corporate","consumption_rank","consumption","property_rank","property","income_rank","income","international_rank","international","final_rank","final","ISO_2","ISO_3"
"Chile",2019,30,47.5314560786276,28,61.3179794445565,17,65.0308053919614,23,63.6610168366427,36,35.8628784550269,32,49.097972024528,"CL","CHL"
"Chile",2015,13,63.6643272354058,29,50.4283481367867,17,67.2321766839972,21,61.2701637462056,35,40.5894025374823,29,56.0046490537905,"CL","CHL"
"Chile",2014,13,68.4728569689561,29,48.022395884332,18,66.6257081785386,21,59.7217432237233,35,40.6893641794527,31,55.7877582660448,"CL","CHL"
"Chile",2016,19,61.4160283940952,31,46.8860133599614,17,67.3482845872177,29,53.635707376991,36,30.4865862634925,33,49.4570486007127,"CL","CHL"
"Chile",2018,29,47.314175075446,30,48.4764532068226,17,66.8138904747147,20,61.2083344167487,36,30.1543076197969,33,46.6732441654977,"CL","CHL"
"Chile",2017,29,49.5786409962054,30,46.658032444175,17,67.2117970629463,23,62.6802345969103,36,30.3196274927573,33,49.289143690766,"CL","CHL"
