"country","year","corporate_rank","corporate","consumption_rank","consumption","property_rank","property","income_rank","income","international_rank","international","final_rank","final","ISO_2","ISO_3"
"Lithuania",2019,3,85.6207759944827,24,62.2476455740536,7,79.6543496219757,3,96.7886656789412,17,76.9941790010626,4,81.5236284422872,"LT","LTU"
"Lithuania",2015,2,89.8746833408633,30,49.2595578195588,7,81.6502364070514,2,88.2338647612629,15,70.1549034470609,4,80.8102599710735,"LT","LTU"
"Lithuania",2016,2,90.0674486748525,28,47.7911671566575,7,81.4896657790897,4,84.0299057649802,15,70.736025585625,4,79.6126194249994,"LT","LTU"
"Lithuania",2017,2,84.7734820538982,27,47.7316822739326,7,81.2999976166468,5,90.4320474822103,14,70.574388021457,5,78.8196344315187,"LT","LTU"
"Lithuania",2018,3,85.654763099619,28,50.24770703572,6,81.196233620903,4,89.6490151219926,13,70.7837950355245,4,78.7484595581901,"LT","LTU"
"Lithuania",2014,2,91.3701816772657,30,47.4981318935847,7,81.4718396091451,3,86.9667319488093,16,69.9220057688747,5,80.09607062712,"LT","LTU"
