"ISO_2","ISO_3","country","year","corporate_rate","loss_carryback","loss_carryforward","machines_cost_recovery","buildings_cost_recovery","intangibles_cost_recovery","inventory","allowance_corporate_equity","patent_box","r_and_d_credit","digital_services_tax","corporate_alt_minimum","corporate_surtax","corporate_other_rev","top_income_rate","threshold_top_income_rate","tax_wedge","personal_surtax","personal_other_rev","capital_gains_rate","dividends_rate","vat_rate","vat_threshold","vat_base","property_tax","property_tax_collections","net_wealth","estate_or_inheritance_tax","transfer_tax","asset_tax","capital_duties","financial_transaction_tax","dividends_exemption","capital_gains_exemption","country_limitations","dividends_withholding_tax","interest_withholding_tax","royalties_withholding_tax","tax_treaties","cfc_rules","thin_capitalization_rules","minimum_tax"
"AT","AUT","Austria",2014,0.25,0,75,0.813463195231154,0.391406012913837,0.737888702767901,1,0,0,0.12,0,2,0,0.441723,0.5,13.879673,1.09645361773845,0,0,0.25,0.25,20,34987.893314216,0.592377033703392,0,0.117337554354194,0,0,1,1,1,0,1,1,0,0.25,0,0.2,84,0,0.5,0
"AU","AUS","Australia",2014,0.3,0,100,0.851484971473245,0.479318672008477,0.547953910556565,0.5,0,0,0.1425,0,0,0,0,0.465,2.266751,1.43905821484179,0,0,0.2325,0.27142857,10,48730.6403375008,0.451234945719453,1,0.744876722152994,0,0,1,0,0,0,1,1,0,0.3,0.1,0.3,44,0.333333333333333,0.5,0
"BE","BEL","Belgium",2014,0.3399,0,100,0.875897349190039,0.622404878792567,1.00486525392967,1,1,1,0.155,0,3,1,0.007604,0.5839317,1.592011,1.20775753738468,0,0,0,0.25,21,6319.04976005039,0.472228833755445,0.5,0.683286814295638,0,1,1,1,0,1,0.95,0.987878788,0,0.25,0.25,0.25,91,0,0.5,0
"CA","CAN","Canada",2014,0.26225272,3,20,0.965116279069767,0.614285714285714,0.43,0.5,0,0,0.245,0,1,0,0.273643,0.495296,3.421462,1.24818605090435,0,0,0.2475,0.338414,15.6,23453.725818895,0.375507158225657,0.5,1.54969026526429,0,0,1,1,1,0,1,0.5,1,0.25,0.25,0.25,95,0.333333333333333,0.5,0
"CH","CHE","Switzerland",2014,0.21148581,0,7,0.86,0.554838709677419,0.905263157894737,1,0,0,-0.01,0,0,0,0.995491,0.41752888,3.461304,1.37395503520181,0,0,0,0.21135,8,63826.8268100133,0.687148595173838,0.5,0.0652880508943644,1,1,1,1,1,1,1,1,0,0.35,0.35,0,89,0,0.5,0
"CL","CHL","Chile",2014,0.21,100,100,0.705977756078566,0.42321653857669,0,0.5,0,0,0.295,0,1,0,1.037524,0.4,10.379357,1.09656944261898,0,0,0.2,0.24050633,19,0,0.664812909781637,0.5,0.0009479134417863,0,1,0,1,0,0,0,0,1,0.14,0.35,0.3,25,0,0.5,0
"CO","COL","Colombia",2014,0.34,0,100,0.737888702767901,0.547953910556565,0.869865253929667,0.5,0,0,0.31,0,5,1,0.174203,0.33,10.910447,0,0,1.772783,0.1,0,16,0,0.462679063219835,0.5,0.00022961255796535,0,1,1,0,0,1,0,0,0,0.2,0.33,0.33,5,0,0.5,0
"CR","CRI","Costa Rica",2014,0.3,0,3,0.822456690745778,0.278958448750364,0.737888702767901,1,0,0,-0.02,0,3,0,0.516565,0.22310769,1.947543,1.07240552697699,0,6.441908,0,0.15,13,0,0.459392991069972,0.5,0.00029978195889762,0,0,1,1,0,1,0,1,0,0.2,0.15,0.25,1,0,0,0
"CZ","CZE","Czech Republic",2014,0.19,0,5,0.873879108036537,0.543222830616488,0.841318847888109,0.5,0,0,0.175,0,0,0,0,0.15,3e-06,1.1494982455684,0,0,0,0.15,21,67707.9535587165,0.554411868102042,0.5,0.00469314784518068,0,1,1,0,0,0,1,1,1,0.15,0.15,0.15,83,0,0.5,0
"DE","DEU","Germany",2014,0.2970721,1,60,0.737888702767901,0.391406012913837,0.869865253929667,1,0,0,-0.02,0,0,1,0,0.47475,5.655649,1.09620397179002,1,0,0.25,0.26375,19,21297.5222109729,0.541000661800473,0.5,0.251687193602955,0,1,1,0,0,0,0.95,0.95,0,0.26375,0,0.15825,93,0.333333333333333,1,0
"DK","DNK","Denmark",2014,0.245,0,60,0.826923076923077,0.479318672008477,0.81340644290143,0,0,0,-0.01,0,0,0,2.337689,0.55564,1.227747,1.21440659437092,0,0,0.42,0.42,25,5879.07638734969,0.577489602352864,0.5,0.115015962179191,0,1,1,0,0,0,1,1,1,0.27,0.25,0.25,73,0.666666666666667,0.5,0
"EE","EST","Estonia",2014,0.21,100,100,1,1,1,1,1,0,0,0,0,0,0,0.21,0.142892,1.05969516645565,0,0,0.21,0,20,25581.7765656457,0.684085892986962,1,0.210247440050094,0,0,0,0,0,0,1,0,1,0,0,0.1,51,0,0,0
"ES","ESP","Spain",2014,0.3,0,18,0.695001856615886,0.291385530174685,0.278958448750364,0.5,0,1,0.31,0,3,0,0,0.52,11.66034,1.10757664865188,0,0,0.27,0.27,21,0,0.398466763681639,0.5,0.601715175293352,1,1,1,0,1,0,1,1,1,0.21,0.21,0.2475,85,0.333333333333333,1,0
"FI","FIN","Finland",2014,0.2,0,10,0.826923076923077,0.518965517241379,0.737888702767901,0,0,0,0.17,0,0,0,0,0.57211391,2.530586,1.27934956070341,0,0,0.32,0.272,24,8589.47283647476,0.5654811588544,0.5,0.345711387917245,0,1,1,1,0,1,1,1,1,0.2,0,0.2,75,0.5,1,0
"FR","FRA","France",2014,0.38,1,50,0.880275603755891,0.547953910556565,0.869865253929667,0.5,0,1,0.425,0,3,1,0.520775,0.55011,15.054145,1.22974354934036,0,0,0.38,0.44001,20,93551.0876400815,0.479634473872248,0.5,1.43807440872946,1,1,1,1,1,1,0.95,0.88,1,0.3,0,0.3333,122,0.666666666666667,1,0
"GB","GBR","United Kingdom",2014,0.21,1,100,0.758823529411765,0,0.826923076923077,0,0,1,0.185,0,1,0,0,0.47,4.271088,1.35256151899845,0,0,0.28,0.3055625,20,102850.559900547,0.435336159269144,0.5,2.7485567471429,0,1,1,1,0,1,1,1,0,0,0.2,0.2,123,0.5,0,0
"GR","GRC","Greece",2014,0.26,0,5,0.737888702767901,0.479318672008477,0.737888702767901,1,0,1,0.07,0,0,0,0.444865,0.46,5.272871,1.21879533416814,0,0,0.15,0.1,23,6677.54959454146,0.378095236307258,0.5,0.892923709990042,0,1,1,1,1,1,1,0,1,0.25,0.15,0.2,55,0.333333333333333,0.5,0
"HU","HUN","Hungary",2014,0.19,0,50,0.816200383417959,0.278958448750364,0.737888702767901,0.5,0,1,0.2925,0,3,0,0.005453,0.345,0,1,0,0.102662,0.16,0.16,27,42328.198651231,0.520695149727031,0.5,0.00091219825349828,0,1,1,1,0,0,1,1,0,0,0,0,73,0.666666666666667,0.5,0
"IE","IRL","Ireland",2014,0.125,3,100,0.787075165170195,0.479318672008477,0.646263719038607,0.5,0,0,0.235,0,1,0,0.002473,0.52,0.756265,1.47909529309448,0,0,0.33,0.51,23,78844.2561518391,0.441269980293727,0.5,0.552062521977089,0,1,1,0,0,1,0,1,1,0.2,0.2,0.2,68,0,0,0
"IL","ISR","Israel",2014,0.265,0,100,0.901030024355631,0.566067958099106,0.835370889649727,0.5,0,0,-0.01,0,0,0,0.999129,0.5,6.0228,1.80581261277672,0,0,0.27,0.32,18,18611.874917961,0.645640833645588,0.5,0.314230965228147,0,0,1,0,0,0,1,1,0,0.3,0.25,0.25,53,0.333333333333333,0,0
"IS","ISL","Iceland",2014,0.2,0,10,0.86,0.602353618717047,0.812269350072009,0,0,0,0.24,0,1,0,1.025389,0.4624,1.366742,1.31119274927109,0,3.47112,0.2,0.2,25.5,7006.49705254991,0.424793109523839,0,0.00584861896001721,1,1,0,1,0,0,1,1,0,0.18,0.1,0.2,39,0.666666666666667,0,0
"IT","ITA","Italy",2014,0.3129275,0,80,0.760252585046526,0.462657542127945,0.965116279069767,1,1,0,-0.02,0,1,0,2.338909,0.478431,9.885683,1.16592048916528,0,0,0.2,0.2,22,35990.6737367146,0.371981295828974,0,0.768299660299591,0.5,1,1,0,1,1,0.95,0.95,1,0.2,0.2,0.225,95,0.666666666666667,1,0
"JP","JPN","Japan",2014,0.3462,0.5,7.2,0.859028659709284,0.278958448750364,0.787075165170195,0.5,0,0,0.1,0,1,0,0.070041,0.510858,4.486476,1.08156295584319,1,0,0.204,0.20315,5,88240.3441644497,0.689149560117302,0.5,0.0101200626777129,0,1,1,0,1,0,0.95,0,0,0.2,0.2,0.2,59,0.666666666666667,0.5,0
"KR","KOR","Korea",2014,0.242,0.5,10,0.921720532319392,0.547953910556565,0.737888702767901,1,0,1,0.165,0,6,0,0,0.43199462,4.583659,1.17032042536795,1,0,0,0.35398,10,26238.6011968703,0.625671748184548,0,0.00027033797828761,0,1,1,0,1,1,0,0,1,0.22,0.22,0.22,80,0.666666666666667,0.5,0
"LT","LTU","Lithuania",2014,0.15,0,70,0.905263157894737,0.826923076923077,0.966194331983806,1,0,0,0.28,0,2,0,0,0.15,0.243957,1.06597852816577,0,0,0.15,0.15,21,101580,0.504836516956391,0.5,0.249355349610509,0,1,0,0,0,0,1,1,1,0.15,0.1,0.1,49,0.333333333333333,0.5,0
"LU","LUX","Luxembourg",2014,0.2922,0,100,0.873417350634541,0.479318672008477,0.869865253929667,1,0,1,-0.01,0,2,1,0.033877,0.45,2.982644,1.37930186096313,1,0,0,0.2,15,25182.6246203907,1.03002663156975,0.5,0.0667676730189388,0,1,1,1,0,0,1,1,0,0.15,0,0,70,0,0.5,0
"LV","LVA","Latvia",2014,0.15,0,100,0.905263157894737,0.614285714285714,0.869865253929667,0.5,0,0,0,0,0,0,0,0.24,0.113023,1.04186231521335,0,0,0.15,0.1,21,100402,0.490964368043442,0.5,0.495278435477721,0,0,1,0,0,0,1,1,1,0,0.05,0.05,56,0,0.5,0
"MX","MEX","Mexico",2014,0.3,0,10,0.795219524916135,0.630382676079967,0.795219524916135,0.5,0,0,-0.01,0,0,0,0.7079,0.35,29.08548,1.23755685038611,0,1.998456,0.1,0.17142857,16,0,0.284432163934219,0.5,0.00728428752117391,0,0,1,0,0,0,0,0,0,0.1,0.4,0.4,50,0.666666666666667,0.5,0
"NL","NLD","Netherlands",2014,0.25,1,9,0.813463195231154,0.338474732816403,0.869865253929667,1,0,1,0.1975,0,1,0,0.048007,0.52,1.2394,1.27861525149859,0,0,0.3,0.22,21,1537.1932964077,0.510408294811067,0.5,0.445280420208871,0,1,1,1,0,0,1,1,0,0.15,0,0,96,0,0,0
"NO","NOR","Norway",2014,0.27,0,100,0.809090909090909,0.373913043478261,0.737888702767901,0,0,0,0.235,0,0,0,0,0.472,1.593848,1.29353579334581,0,0,0.27,0.27,25,5181.61744007035,0.543324621414541,0.5,0.024574817513485,1,0,1,0,0,0,0.97,0.97,1,0.25,0,0,88,0.5,1,0
"NZ","NZL","New Zealand",2014,0.28,0,100,0.731914893617021,0,0.547953910556565,0.5,0,0,-0.015,0,0,0,1.16843,0.33,1.272312,1.51657566333512,0,0,0,0.06944444,15,38134.0006652947,0.940350594434632,0.5,1.00251710990397,0,0,0,0,0,0,1,1,0,0.3,0.15,0.15,37,0.333333333333333,0.5,0
"PL","POL","Poland",2014,0.19,0,2.5,0.737888702767901,0.338474732816403,0.869865253929667,1,0,0,-0.005,0,0,0,0,0.38751185,2.261463,1.04749361676091,0,0,0.19,0.19,23,77747.204225308,0.427940492990834,0.5,0.254091957739578,0,1,1,0,1,1,1,0,1,0.19,0.2,0.2,85,0,0.5,0
"PT","PRT","Portugal",2014,0.315,0,8.4,0.888411247396436,0.547953910556565,0.547953910556565,0.5,0,0,0.365,0,4,0,0.082698,0.61285,17.952075,1.2924877491264,0,0,0.28,0.28,23,14317.549643698,0.476837180700205,0.5,0.368275841588529,0,1,1,1,0,0,1,0,1,0.25,0.25,0.25,63,0.666666666666667,1,0
"SE","SWE","Sweden",2014,0.22,0,100,0.86,0.479318672008477,0.86,0,0,0,-0.01,0,0,0,0,0.5686,1.508153,1.19381191525703,0,0.008708,0.3,0.3,25,0,0.545826491660416,0.5,0.0536359821510034,0,0,1,1,0,0,1,1,0,0.3,0,0,79,0.666666666666667,0.5,0
"SI","SVN","Slovenia",2014,0.17,0,50,0.869865253929667,0.391406012913837,0.737888702767901,0.5,0,0,0.17,0,1,0,0.009982,0.6105,5.307771,1.22095144329362,0,0,0,0.25,22,74142.1047824595,0.577079632290644,0,0.28030833610303,0,1,1,0,0,0,0.95,0.475,1,0.15,0.15,0.15,0,0,0.5,0
"SK","SVK","Slovak Republic",2014,0.22,0,4,0.873879108036537,0.652728119257913,0.869865253929667,0.5,0,0,-0.01,0,3,0,0.226705,0.3505,3.766554,1.13151092379339,0,0,0.22,0,20,86990.532950811,0.432838657762112,0.5,0.276020347592775,0,0,0,1,0,0,1,0,1,0,0.19,0.19,66,0,0,0
"TR","TUR","Turkey",2014,0.2,0,5,0.864149148541634,0.431068736527055,0.69441435606903,0.5,0,0,0.05,0,0,0,0,0.358,3.998254,1.16838072167691,0,0,0,0.175,18,0,0.413990480397435,0.5,0.0577849407948802,0,1,1,0,1,1,1,1,0,0.15,0.1,0.2,80,0.666666666666667,0.5,0
"US","USA","United States",2014,0.390755,2,20,0.93846273303009,0.34958311169213,0.632751338890881,1,0,0,0.055,0,1,0,0,0.486,8.220619,1.25179536706257,0,0,0.2858,0.28583863,7.2,0,0.340304339743926,0.5,1.57727334999075,0,1,1,1,0,0,0,0,0,0.3,0.3,0.3,66,0.333333333333333,0.5,0
"AT","AUT","Austria",2015,0.25,0,75,0.813463195231154,0.391406012913837,0.737888702767901,1,0,0,0.12,0,2,0,0.421646,0.5,13.539476,1.0918321235404,0,0,0.25,0.25,20,34987.893314216,0.590574561306031,0,0.122447364965379,0,0,1,1,1,0,1,1,0,0.25,0,0.2,85,0,0.5,0
"AU","AUS","Australia",2015,0.3,0,100,0.851484971473245,0.479318672008477,0.547953910556565,0.5,0,0,0.1425,0,0,0,0,0.49,2.229938,1.42440798506398,0,0,0.245,0.27142857,10,48730.6403375008,0.472482948362954,1,0.700134652837894,0,0,1,0,0,0,1,1,0,0.3,0.1,0.3,44,0.333333333333333,0.5,0
"BE","BEL","Belgium",2015,0.3399,0,100,0.875897349190039,0.622404878792567,1.00486525392967,1,1,1,0.155,0,3,1,0.013076,0.58435331,1.025977,1.21029970007111,0,0,0,0.25,21,6319.04976005039,0.46884433072661,0.5,0.732958573607878,0,1,1,1,0,1,0.95,0.987878788,0,0.25,0.25,0.25,91,0,0.5,0
"CA","CAN","Canada",2015,0.2668885,3,20,0.965116279069767,0.614285714285714,0.43,0.5,0,0,0.2125,0,1,0,0.282508,0.495296,3.353659,1.23819889307829,0,0,0.2475,0.338214,10.6,23453.725818895,0.363656503811612,0.5,1.49048030561777,0,0,1,1,1,0,1,0.5,1,0.25,0.25,0.25,95,0.333333333333333,0.5,0
"CH","CHE","Switzerland",2015,0.21148581,0,7,0.86,0.554838709677419,0.905263157894737,1,0,0,-0.01,0,0,0,1.176225,0.4173622,3.474337,1.33463969632039,0,0,0,0.21135,8,63826.8268100133,0.691118348248865,0.5,0.06636522044111,1,1,1,1,1,1,1,1,0,0.35,0.35,0,90,0,0.5,0
"CL","CHL","Chile",2015,0.225,100,100,0.705977756078566,0.42321653857669,0,0.5,0,0,0.295,0,0,0,1.103676,0.4,10.035255,1.0962158410178,0,0,0.2,0.22580645,19,0,0.655358538664883,0.5,0.00083227200229589,0,1,0,1,0,0,0,0,1,0.125,0.35,0.3,25,0,0.5,0
"CO","COL","Colombia",2015,0.39,0,100,0.737888702767901,0.547953910556565,0.869865253929667,0.5,0,0,0.31,0,5,1,0.16266,0.33,11.369485,0,0,2.330851,0.1,0,16,0,0.405465129187652,0.5,0.00024535799803762,1,1,1,0,0,1,0,0,0,0.2,0.33,0.33,7,0,0.5,0
"CR","CRI","Costa Rica",2015,0.3,0,3,0.822456690745778,0.278958448750364,0.737888702767901,0.5,0,0,-0.02,0,3,0,0.598371,0.22467692,1.981938,1.0718240431944,0,6.501117,0,0.15,13,0,0.451870670124876,0.5,0.00032986058068274,0,0,1,1,0,1,1,1,0,0.15,0.15,0.25,1,0,0,0
"CZ","CZE","Czech Republic",2015,0.19,0,5,0.873879108036537,0.543222830616488,0.841318847888109,0.5,0,0,0.18,0,0,0,0,0.15,3e-06,1.14448685981597,0,0,0,0.15,21,67707.9535587165,0.553680420894398,0.5,0.00475123011906899,0,1,1,0,0,0,1,1,1,0.15,0.15,0.15,83,0,0.5,0
"DE","DEU","Germany",2015,0.29780475,1,60,0.737888702767901,0.391406012913837,0.869865253929667,1,0,0,-0.02,0,0,1,0,0.47475,5.529533,1.09637751941758,1,0,0.26375,0.26375,19,21297.5222109729,0.536334934624412,0.5,0.261049600655081,0,1,1,0,0,0,0.95,0.95,0,0.26375,0,0.15825,93,0.333333333333333,1,0
"DK","DNK","Denmark",2015,0.235,0,60,0.826923076923077,0.479318672008477,0.81340644290143,0,0,0,-0.01,0,0,0,1.146121,0.55794,1.236698,1.22350959029854,0,0,0.42,0.42,25,5879.07638734969,0.550762331226742,0.5,0.124539949645505,0,1,1,0,0,0,1,1,1,0.27,0.22,0.22,73,0.666666666666667,0.5,0
"EE","EST","Estonia",2015,0.2,100,100,1,1,1,1,1,0,0,0,0,0,0,0.2032,0.143966,1.05659664467061,0,0,0.2,0,20,25581.7765656457,0.651908977287506,1,0.200150039084019,0,0,0,0,0,0,1,0,1,0,0,0.1,55,0,0,0
"ES","ESP","Spain",2015,0.28,0,50,0.778563038959402,0.391406012913837,0.278958448750364,0.5,0,1,0.31,0,3,0,0,0.45,2.445619,1.100087896549,0,0,0.24,0.235,21,0,0.38430853360049,0.5,0.682532248272521,1,1,1,0,1,0,1,1,1,0.195,0.195,0.195,87,0.333333333333333,1,0
"FI","FIN","Finland",2015,0.2,0,10,0.826923076923077,0.518965517241379,0.737888702767901,0,0,0,0.13,0,0,0,0,0.57467517,2.255193,1.27973903794593,0,0,0.33,0.2805,24,8589.47283647476,0.557527327340092,0.5,0.373599471194225,0,1,1,0,0,1,1,1,1,0.2,0,0.2,75,0.5,1,0
"FR","FRA","France",2015,0.38,1,50,0.880275603755891,0.547953910556565,0.869865253929667,0.5,0,1,0.425,0,3,1,0.529223,0.550365,14.77634,1.23126985164724,0,0,0.344,0.44001,20,93551.0876400815,0.478653518071982,0.5,1.53144696845107,1,1,1,1,1,1,0.95,0.88,1,0.3,0,0.3333,122,0.666666666666667,1,0
"GB","GBR","United Kingdom",2015,0.2,1,100,0.758823529411765,0,0.826923076923077,0,0,1,0.185,0,2,0,0,0.47,4.169222,1.37144974916249,0,0,0.28,0.3055625,20,102850.559900547,0.438874146533234,0.5,2.75466895600656,0,1,1,1,0,1,1,1,0,0,0.2,0.2,123,0.5,0,0
"GR","GRC","Greece",2015,0.29,0,5,0.737888702767901,0.479318672008477,0.737888702767901,0.5,0,1,0.07,0,0,0,0.653514,0.5,25.031983,1.22660680778477,0,0,0.15,0.1,23,6677.54959454146,0.369838845714173,0.5,0.889713336452606,0,1,1,1,1,1,1,0,1,0.1,0.15,0.2,57,0.333333333333333,1,0
"HU","HUN","Hungary",2015,0.19,0,2.5,0.816200383417959,0.278958448750364,0.737888702767901,0.5,0,1,0.285,0,3,0,0,0.345,0,1,0,0.084546,0.16,0.16,27,42328.198651231,0.522554356110699,0.5,0.00132530348065495,0,1,1,1,0,0,1,1,0,0,0,0,75,0.666666666666667,0.5,0
"IE","IRL","Ireland",2015,0.125,1,100,0.787075165170195,0.479318672008477,0.646263719038607,0.5,0,0,0.245,0,1,0,0.002431,0.52,1.601654,1.47380061626527,0,0,0.33,0.51,23,78844.2561518391,0.447749548623797,0.5,0.656750035175377,0,1,1,0,0,1,0,1,1,0.2,0.2,0.2,68,0,0,0
"IL","ISR","Israel",2015,0.265,0,100,0.901030024355631,0.566067958099106,0.835370889649727,0.5,0,0,-0.01,0,0,0,0.698779,0.5,5.80213,1.75297205312979,0,0,0.27,0.32,18,18611.874917961,0.649773699512403,0.5,0.334930929397713,0,0,1,0,0,0,1,1,0,0.3,0.265,0.265,53,0.333333333333333,0,0
"IS","ISL","Iceland",2015,0.2,0,10,0.86,0.602353618717047,0.812269350072009,0,0,0,0.24,0,1,0,1.094827,0.4624,1.363465,1.30661468480631,0,3.521854,0.2,0.2,24,7006.49705254991,0.426024536009722,0,0.00646746830674518,0,1,0,1,0,0,1,1,0,0.18,0.1,0.2,39,0.666666666666667,0,0
"IT","ITA","Italy",2015,0.3129275,0,80,0.760252585046526,0.462657542127945,0.965116279069767,1,1,1,-0.02,0,1,0,2.362174,0.488131,9.819967,1.20258863894233,0,0,0.26,0.26,22,35990.6737367146,0.366925702778244,0,0.694765557824141,0.5,1,1,0,1,1,0.95,0.95,1,0.26,0.26,0.225,95,0.666666666666667,1,0
"JP","JPN","Japan",2015,0.3211,0.5,5.85,0.859028659709284,0.278958448750364,0.787075165170195,0.5,0,0,0.1,0,1,1,0.067957,0.56165275,8.739852,1.07597999577863,1,0,0.204,0.20315,8,88240.3441644497,0.704258210071558,0.5,0.00826994658062395,0,1,1,0,1,0,0.95,0,0,0.2042,0.2042,0.2042,62,0.666666666666667,0.5,0
"KR","KOR","Korea",2015,0.242,0.5,10,0.921720532319392,0.547953910556565,0.737888702767901,1,0,1,0.1525,0,4,0,0,0.43224366,4.456371,1.20163057443951,1,0,0,0.35398,10,26238.6011968703,0.606463450534366,0,0.00028265378802206,0,1,1,0,1,1,0,0,1,0.22,0.22,0.22,83,0.5,0.5,0
"LT","LTU","Lithuania",2015,0.15,0,70,0.905263157894737,0.826923076923077,0.966194331983806,1,0,0,0.28,0,2,0,0,0.24,0.231005,1.08299363752899,0,0,0.15,0.15,21,100897,0.504767500993234,0.5,0.250030820236227,0,1,0,0,0,0,1,1,1,0.15,0.1,0.1,51,0.333333333333333,0.5,0
"LU","LUX","Luxembourg",2015,0.2922,0,100,0.873417350634541,0.479318672008477,0.869865253929667,1,0,1,-0.01,0,2,1,0.031032,0.455,2.932785,1.36679427462508,1,0,0,0.2,17,25182.6246203907,1.0810052264981,0.5,0.0648991798739665,0,1,1,1,0,0,1,1,0,0.15,0,0,74,0,0.5,0
"LV","LVA","Latvia",2015,0.15,0,100,0.905263157894737,0.614285714285714,0.869865253929667,0.5,0,0,0.28,0,0,0,0,0.23,0.104819,1.04660329015017,0,0,0.15,0.1,21,100604,0.517286196192543,0.5,0.507754521754698,0,0,1,0,0,0,1,1,1,0,0,0,57,0,0.5,0
"MX","MEX","Mexico",2015,0.3,0,10,0.795219524916135,0.630382676079967,0.795219524916135,0.5,0,0,-0.01,0,0,0,0.822182,0.35,27.92276,1.21837419938503,0,2.076163,0.1,0.17142857,16,0,0.259242402814058,0.5,0.00729597276271823,0,0,1,0,0,0,0,0,0,0.1,0.4,0.4,54,0.666666666666667,0.5,0
"NL","NLD","Netherlands",2015,0.25,1,9,0.813463195231154,0.338474732816403,0.869865253929667,1,0,1,0.195,0,1,0,0.020884,0.5265942,1.223137,1.33425350124903,0,0,0.3,0.25,21,1537.1932964077,0.465716681041926,0.5,0.526360764002787,0,1,1,1,0,0,1,1,0,0.15,0,0,96,0,0,0
"NO","NOR","Norway",2015,0.27,0,100,0.809090909090909,0.373913043478261,0.737888702767901,0,0,0,0.2325,0,0,0,0,0.472,1.59089,1.29377699895611,0,0,0.27,0.27,25,5181.61744007035,0.540716076361379,0.5,0.025659600136589,1,0,1,0,0,0,0.97,0.97,1,0.25,0,0,88,0.5,1,0
"NZ","NZL","New Zealand",2015,0.28,0,100,0.731914893617021,0,0.547953910556565,0.5,0,0,-0.015,0,0,0,1.06103,0.33,1.240343,1.49457213175502,0,0,0,0.06944444,15,38134.0006652947,0.947369325037464,0.5,1.03044015481194,0,0,0,0,0,0,1,1,0,0.3,0.15,0.15,39,0.333333333333333,0.5,0
"PL","POL","Poland",2015,0.19,0,2.5,0.737888702767901,0.338474732816403,0.869865253929667,1,0,0,-0.005,0,0,0,0,0.38751185,2.181915,1.04430579860227,0,0,0.19,0.19,23,77747.204225308,0.426185221770588,0.5,0.276728500125308,0,1,1,0,1,1,1,0,1,0.19,0.2,0.2,85,0.5,1,0
"PT","PRT","Portugal",2015,0.295,0,8.4,0.888411247396436,0.547953910556565,0.547953910556565,0.5,0,0,0.36,0,4,0,0.082002,0.61285,17.79962,1.29529759786429,0,0,0.28,0.28,23,14317.549643698,0.461929896692866,0.5,0.454795748354059,0,1,1,1,0,0,1,1,1,0.25,0.25,0.25,63,0.666666666666667,1,0
"SE","SWE","Sweden",2015,0.22,0,100,0.86,0.479318672008477,0.86,0,0,0,0.05,0,0,0,0,0.5699,1.519275,1.20339295839062,0,0.032418,0.3,0.3,25,0,0.543107331604018,0.5,0.0600980634832038,0,0,1,1,0,0,1,1,0,0.3,0,0,80,0.666666666666667,0.5,0
"SI","SVN","Slovenia",2015,0.17,0,50,0.869865253929667,0.391406012913837,0.737888702767901,0.5,0,0,0.17,0,1,0,0.007186,0.6105,5.265523,1.21683195711397,0,0,0,0.25,22,74142.1047824595,0.631098521529257,0,0.30772193587179,0,1,1,1,0,0,0.95,0.475,1,0.15,0.15,0.15,0,0,0.5,0
"SK","SVK","Slovak Republic",2015,0.22,0,4,0.873879108036537,0.547953910556565,0.869865253929667,0.5,0,0,-0.01,0,3,0,0.23818,0.3505,3.680808,1.12814808905516,0,0,0.22,0,20,86990.532950811,0.471338295360289,0.5,0.29017940578755,0,0,0,1,0,0,1,0,1,0,0.19,0.19,66,0,1,0
"TR","TUR","Turkey",2015,0.2,0,5,0.864149148541634,0.431068736527055,0.69441435606903,0.5,0,0,0.055,0,0,0,0,0.358,3.862626,1.1559445608408,0,0,0,0.175,18,0,0.453254123370126,0.5,0.0533010794293549,0,1,1,0,1,1,1,1,0,0.15,0.1,0.2,80,0.666666666666667,0.5,0
"US","USA","United States",2015,0.389975,2,20,0.93846273303009,0.34958311169213,0.632751338890881,1,0,0,0.055,0,1,0,0,0.486,8.20792,1.24584614509777,0,0,0.2854,0.28535406,7.3,0,0.351283908502509,0.5,1.56742350334384,0,1,1,1,0,0,0,0,0,0.3,0.3,0.3,66,0.333333333333333,0.5,0
"AT","AUT","Austria",2016,0.25,0,75,0.813463195231154,0.338474732816403,0.737888702767901,1,0,0,0.12,0,2,0,0.391851,0.55,24.310926,1.0870029378926,0,0,0.275,0.275,20,36585.3658536585,0.589963472682976,0,0.121515922887211,0,0,1,1,0,0,1,1,0,0.275,0,0.2,86,0,0.5,0
"AU","AUS","Australia",2016,0.3,0,100,0.851484971473245,0.479318672008477,0.547953910556565,0.5,0,0,0.1425,0,1,0,0,0.49,2.194088,1.45666927578124,0,0,0.245,0.27142857,10,50335.5704697987,0.473442624068506,1,0.65009387354164,0,0,1,0,0,0,1,1,0,0.3,0.1,0.3,44,0.333333333333333,0.5,0
"BE","BEL","Belgium",2016,0.3399,0,100,0.875897349190039,0.622404878792567,1.00486525392967,1,1,1,0.155,0,3,1,0.014619,0.60533822,1.046325,1.21683582532099,0,0,0,0.27,21,30487.8048780488,0.464082552315409,0.5,0.745417114891105,0,1,1,1,0,1,0.95,0.987878788,0,0.27,0.27,0.27,93,0,0.5,0
"CA","CAN","Canada",2016,0.26686924,3,20,0.965116279069767,0.614285714285714,0.43,0.5,0,0,0.2125,0,1,0,0.3331,0.535296,3.374233,1.23699499646999,0,0,0.2475,0.39343524,10.6,24000,0.369094919139386,0.5,1.35975446955951,0,0,1,1,1,0,1,0.5,1,0.25,0.25,0.25,95,0.333333333333333,0.5,0
"CH","CHE","Switzerland",2016,0.21148581,0,7,0.86,0.554838709677419,0.905263157894737,1,0,0,-0.01,0,0,0,1.174687,0.41729972,3.371824,1.33650183664244,0,0,0,0.21135,8,78125,0.684784595507014,0.5,0.0657079503510403,1,1,1,1,1,1,1,1,0,0.35,0.35,0,91,0,0.5,0
"CL","CHL","Chile",2016,0.24,100,100,0.705977756078566,0.42321653857669,0,0.5,0,0,0.295,0,0,0,0.890607,0.4,9.754696,1.09267151823827,0,0,0.4,0.21052632,19,0,0.651358617151269,0.5,0.00067531324776915,0,1,0,1,0,0,0,0,1,0.11,0.35,0.3,25,0.666666666666667,0.5,0
"CO","COL","Colombia",2016,0.4,0,100,0.737888702767901,0.547953910556565,0.869865253929667,0.5,0,0,0.38,0,5,1,0.169886,0.33,11.492163,0,0,1.797831,0.1,0,16,0,0.422509423949585,0.5,0.00023712192908877,1,1,1,0,0,1,0,0,0,0.2,0.33,0.33,9,0,0.5,0
"CR","CRI","Costa Rica",2016,0.3,0,3,0.822456690745778,0.278958448750364,0.737888702767901,0.5,0,0,-0.02,0,3,0,0.600665,0.23107123,2.026157,1.07248856743288,0,6.498398,0,0.15,13,0,0.442089415647467,0.5,0.00031938059667471,0,0,1,1,0,1,1,1,0,0.15,0.15,0.25,1,0,0,0
"CZ","CZE","Czech Republic",2016,0.19,0,5,0.873879108036537,0.543222830616488,0.841318847888109,0.5,0,0,0.18,0,0,0,0,0.15,3e-06,1.13960448042804,0,0,0,0.15,21,75872.5341426404,0.569057447595794,0.5,0.00437825059118558,0,1,1,0,0,0,1,1,1,0.15,0.15,0.15,86,0,0.5,0
"DE","DEU","Germany",2016,0.29818844,1,60,0.737888702767901,0.391406012913837,0.869865253929667,1,0,0,-0.02,0,0,1,0,0.47475,5.504366,1.09659736453006,1,0,0.26375,0.26375,19,22151.8987341772,0.539349202284178,0.5,0.261472275032206,0,1,1,0,0,0,0.95,0.95,0,0.26375,0,0.15825,93,0.333333333333333,1,0
"DK","DNK","Denmark",2016,0.22,0,60,0.826923076923077,0.479318672008477,0.81340644290143,0,0,0,-0.01,0,0,0,2.795232,0.55794,1.249225,1.22316299719042,0,0,0.42,0.42,25,6666.66666666667,0.559685466281436,0.5,0.127154776970473,0,1,1,0,0,0,1,1,1,0.27,0.22,0.22,73,0.666666666666667,0.5,0
"EE","EST","Estonia",2016,0.2,100,100,1,1,1,1,1,0,0,0,0,0,0,0.2,0.147724,1.05597333193948,0,0,0.2,0,20,28571.4285714286,0.683809813976812,1,0.196724184451783,0,0,0,0,0,0,1,0,1,0,0,0.1,56,0,0,0
"ES","ESP","Spain",2016,0.25,0,25,0.778563038959402,0.391406012913837,0.737888702767901,0.5,0,1,0.305,0,1,0,0,0.45,2.449093,1.10695352184893,0,0,0.23,0.23,21,0,0.404376714977857,0.5,0.721736805903959,1,1,1,0,1,0,1,1,1,0.19,0.19,0.19,92,0.333333333333333,1,0
"FI","FIN","Finland",2016,0.2,0,10,0.826923076923077,0.518965517241379,0.737888702767901,0,0,0,-0.005,0,0,0,0,0.58943686,1.803856,1.28215380591184,0,0,0.34,0.289,24,10752.688172043,0.54932439014208,0.5,0.410172164004842,0,1,0,0,0,1,1,1,1,0.2,0,0.2,75,0.5,1,0
"FR","FRA","France",2016,0.34433333,1,50,0.880275603755891,0.547953910556565,0.869865253929667,0.5,0,1,0.425,0,3,1,0.537835,0.55062,14.830284,1.27221402759431,0,0,0.3444675,0.44001,20,100243.902439024,0.476904816857445,0.5,1.53658194989926,1,1,1,1,1,1,0.95,0.88,1,0.3,0,0.3333,122,0.666666666666667,1,0
"GB","GBR","United Kingdom",2016,0.2,1,100,0.758823529411765,0,0.826923076923077,0,0,1,0.195,0,1,0,0,0.47,4.042911,1.37679220551763,0,0,0.28,0.381,20,118840.579710145,0.444842424850705,0.5,2.90590138423708,0,1,1,1,0,1,1,1,0,0,0.2,0.2,124,0.5,0,0
"GR","GRC","Greece",2016,0.29,0,5,0.737888702767901,0.479318672008477,0.737888702767901,0.5,0,1,0.085,0,0,0,0.70937,0.55,11.59406,1.31293792908651,0,0,0.15,0.1,23,16393.4426229508,0.38141190237184,0.5,1.18819488105087,0,1,1,1,1,1,1,0,1,0.1,0.15,0.2,57,0.333333333333333,1,0
"HU","HUN","Hungary",2016,0.19,0,2.5,0.816200383417959,0.278958448750364,0.737888702767901,0.5,0,1,0.285,0,3,0,0.004755,0.335,0,1,0,0.073007,0.15,0.15,27,44822.9493500672,0.559784143082692,0.5,0.00124780768397335,0,1,1,1,0,0,1,1,0,0,0,0,77,0.666666666666667,0.5,0
"IE","IRL","Ireland",2016,0.125,1,100,0.787075165170195,0.479318672008477,0.646263719038607,0.5,0,1,0.26,0,1,0,0.002217,0.52,1.566533,1.4949963742723,0,0,0.33,0.51,23,88339.222614841,0.482817251622132,0.5,0.695466453404019,0,1,1,0,0,1,0,1,1,0.2,0.2,0.2,70,0,0,0
"IL","ISR","Israel",2016,0.25,0,100,0.901030024355631,0.566067958099106,0.835370889649727,0.5,0,0,-0.01,0,0,0,0.645011,0.5,5.59539,1.7122417060285,0,0,0.27,0.32,17,25517.0103092784,0.637323469647497,0.5,0.334956429501285,0,0,1,0,0,0,1,1,0,0.3,0.25,0.25,53,0.333333333333333,0,0
"IS","ISL","Iceland",2016,0.2,0,10,0.86,0.602353618717047,0.812269350072009,0.5,0,0,0.24,0,1,0,2.886775,0.46249998,1.261743,1.29119231546595,0,3.48367,0.2,0.2,24,7032.3488045007,0.435290657860444,0,0.00705735504341185,0,1,0,1,0,0,1,1,0,0.18,0.1,0.2,39,0.666666666666667,0,0
"IT","ITA","Italy",2016,0.3129275,0,80,0.760252585046526,0.462657542127945,0.965116279069767,1,1,1,0.04,0,1,0,2.323288,0.488131,9.797844,1.21179400976651,0,0,0.26,0.26,22,40000,0.361474709909124,0,0.850775866307617,0.5,1,1,0,1,1,0.95,0.95,1,0.26,0.26,0.225,96,0.666666666666667,1,0
"JP","JPN","Japan",2016,0.2997,0.5,5.4,0.859028659709284,0.278958448750364,0.787075165170195,0.5,0,0,0.06,0,1,1,0.067937,0.56121221,8.632352,1.07173199452563,1,0,0.204,0.2032,8,94939.7132820659,0.998277635370478,0.5,0.00755956039079261,0,1,1,0,1,0,0.95,0,0,0.2042,0.2042,0.2042,63,0.666666666666667,0.5,0
"KR","KOR","Korea",2016,0.242,0.5,8,0.921720532319392,0.547953910556565,0.737888702767901,1,0,1,0.145,0,4,0,0,0.43239866,4.27601,1.3242849238861,1,0,0,0.35398,10,26928.4712482468,0.622668207673665,0,0.00030539343576057,0,1,1,0,1,1,0,0,1,0.22,0.22,0.22,85,0.5,0.5,0
"LT","LTU","Lithuania",2016,0.15,0,70,0.905263157894737,0.826923076923077,0.966194331983806,1,0,0,0.28,0,2,0,0,0.24,0.256148,1.0780887452249,0,0,0.15,0.15,21,100671,0.515195780846831,0.5,0.26898818601233,0,1,0,0,0,0,1,1,1,0.15,0.1,0.1,54,0.333333333333333,0.5,0
"LU","LUX","Luxembourg",2016,0.2922,0,100,0.873417350634541,0.479318672008477,0.869865253929667,1,0,1,-0.01,0,2,1,0.022995,0.455,2.902134,1.36672204021544,1,0,0,0.2,17,27777.7777777778,1.15434553238559,0.5,0.0652280258186781,0,1,1,1,0,0,1,1,0,0.15,0,0,74,0,0.5,0
"LV","LVA","Latvia",2016,0.15,0,100,0.905263157894737,0.614285714285714,0.869865253929667,0.5,0,0,0.28,0,0,0,0,0.23,0.13215,1.04188229989831,0,0,0.15,0.1,21,98619.3293885602,0.536362469025909,0.5,0.542596831057513,0,0,1,0,0,0,1,1,1,0,0,0,58,0,0.5,0
"MX","MEX","Mexico",2016,0.3,0,10,0.795219524916135,0.630382676079967,0.795219524916135,0.5,0,0,-0.01,0,0,0,0.130809,0.35,26.87409,1.2311406759727,0,2.086121,0.1,0.17142857,16,0,0.291399708081684,0.5,0.00799186319563472,0,0,1,0,0,0,0,0,0,0.1,0.4,0.4,55,0.666666666666667,0.5,0
"NL","NLD","Netherlands",2016,0.25,1,9,0.813463195231154,0.338474732816403,0.869865253929667,1,0,1,0.195,0,1,0,0.004863,0.526512,1.393037,1.32000309249138,0,0,0.3,0.25,21,1620.48192771084,0.461391967320122,0.5,0.653944448280645,0,1,1,1,0,0,1,1,0,0.15,0,0,96,0,0,0
"NO","NOR","Norway",2016,0.25,0,100,0.809090909090909,0.373913043478261,0.737888702767901,0,0,0,0.2325,0,0,0,0,0.469,1.616283,1.29778346759071,0,0,0.288,0.2875,25,5102.04081632653,0.533087417340904,0.5,0.0243259481868283,1,0,1,0,0,0,0.97,0.97,1,0.25,0,0,87,0.5,1,0
"NZ","NZL","New Zealand",2016,0.28,0,100,0.731914893617021,0,0.547953910556565,0.5,0,0,-0.02,0,0,0,1.155881,0.33,1.203228,1.47622772725371,0,0,0,0.06944444,15,40816.3265306122,0.962844990880115,0.5,1.04429016917941,0,0,0,0,0,0,1,1,0,0.3,0.15,0.15,39,0.333333333333333,0.5,0
"PL","POL","Poland",2016,0.19,0,2.5,0.737888702767901,0.338474732816403,0.869865253929667,1,0,0,-0.005,0,0,0,0,0.38751185,2.110023,1.0426806657941,0,0,0.19,0.19,23,83333.3333333333,0.43561605007097,0.5,0.280938523987081,0,1,1,1,1,1,1,0,1,0.19,0.2,0.2,85,0.5,1,0
"PT","PRT","Portugal",2016,0.295,0,8.4,0.888411247396436,0.547953910556565,0.547953910556565,0.5,0,0,0.35,0,3,0,0.140216,0.61285,15.980727,1.25733407121881,0,0,0.28,0.28,23,16949.1525423729,0.488493385766762,0.5,0.494995287550526,0,1,1,1,0,0,1,1,1,0.25,0.25,0.25,64,0.666666666666667,1,0
"SE","SWE","Sweden",2016,0.22,0,100,0.86,0.479318672008477,0.86,0,0,0,0.05,0,0,0,0,0.601,1.503143,1.20270650277373,0,0.010784,0.3,0.3,25,0,0.547691438052985,0.5,0.0558173783430452,0,0,1,1,0,0,1,1,0,0.3,0,0,81,0.666666666666667,0.5,0
"SI","SVN","Slovenia",2016,0.17,0,50,0.869865253929667,0.391406012913837,0.737888702767901,0.5,0,0,0.17,0,1,0,0.005702,0.6105,5.194874,1.2147355215129,0,0,0,0.25,22,83333.3333333333,0.593100807091788,0,0.298405131001351,0,1,1,1,0,0,0.95,0.475,1,0.15,0.15,0.15,0,0,0.5,0
"SK","SVK","Slovak Republic",2016,0.22,0,4,0.873879108036537,0.547953910556565,0.869865253929667,0.5,0,0,0.095,0,3,0,0.228652,0.3505,3.576551,1.12486423872124,0,0,0,0,20,99580,0.49281655088285,0.5,0.290647797107071,0,0,0,1,0,0,1,0,1,0,0.19,0.19,66,0,1,0
"TR","TUR","Turkey",2016,0.2,0,5,0.864149148541634,0.431068736527055,0.69441435606903,0.5,1,1,0.055,0,0,0,0,0.358,3.460417,1.15099982891797,0,0,0,0.175,18,0,0.409253498537585,0.5,0.0520320207112868,0,1,1,0,1,1,1,1,0,0.15,0.1,0.2,81,0.666666666666667,0.5,0
"US","USA","United States",2016,0.38923934,2,20,0.93846273303009,0.34958311169213,0.632751338890881,1,0,0,0.055,0,1,0,0,0.486,8.088075,1.25434910763449,0,0,0.2852,0.2851581,7.3,0,0.356626268476982,0.5,1.56355814270321,0,1,1,1,0,0,0,0,0,0.3,0.3,0.3,66,0.333333333333333,0.5,0
"AT","AUT","Austria",2017,0.25,0,75,0.813463195231154,0.338474732816403,0.737888702767901,1,0,0,0.15,0,2,0,0.378568,0.55,23.826478,1.11347511444249,0,0,0.275,0.275,20,36585.3658536585,0.594081593838077,0,0.101178752990041,0,0,1,1,0,0,1,1,0,0.275,0,0.2,86,0,0.5,0
"AU","AUS","Australia",2017,0.3,0,100,0.851484971473245,0.479318672008477,0.547953910556565,0.5,0,0,0.1525,0,3,0,0,0.49,2.15994,1.44605208289466,0,0,0.245,0.24285714,10,50335.5704697987,0.483701427146851,1,0.538621758392005,0,0,1,1,0,0,1,1,0,0.3,0.1,0.3,44,0.333333333333333,0.5,0
"BE","BEL","Belgium",2017,0.3399,0,100,0.875897349190039,0.622404878792567,1.00486525392967,1,1,1,0.155,0,3,1,0.012129,0.60215738,1.044424,1.24232298974462,0,0,0,0.3,21,30487.8048780488,0.455971895682323,0.5,0.622182777487546,0,1,1,1,0,1,0.95,0.987878788,0,0.3,0.3,0.3,93,0,0.5,0
"CA","CAN","Canada",2017,0.26644782,3,20,0.965116279069767,0.614285714285714,0.43,0.5,0,0,0.2125,0,1,0,0.333745,0.535296,3.278689,1.23901410816404,0,0,0.2675,0.39343524,12.4,24000,0.552792373023635,0.5,1.15057989923564,0,0,1,1,1,0,1,0.5,1,0.25,0.25,0.25,95,0.333333333333333,0.5,0
"CH","CHE","Switzerland",2017,0.21148581,0,7,0.86,0.554838709677419,0.905263157894737,1,0,0,-0.01,0,0,0,1.328588,0.41692468,3.357612,1.3787052760042,0,0,0,0.21135,8,78125,0.673937071640511,0.5,0.0684526564130401,1,1,1,1,1,1,1,1,0,0.35,0.35,0,92,0,0.5,0
"CL","CHL","Chile",2017,0.255,0,100,0.705977756078566,0.42321653857669,0,0.5,0,0,0.295,0,1,0,1.13572,0.35,7.727266,1.0897172494346,0,0,0.35,0.24731544,19,0,0.657371548095395,0.5,0.00059268453148798,0,1,0,1,0,0,0,0,1,0.1843,0.35,0.3,26,0.666666666666667,0.5,0
"CO","COL","Colombia",2017,0.4,0,12,0.737888702767901,0.305956530933891,0.869865253929667,0.5,0,0,0.395,0,3,1,0.252431,0.33,11.615895,0,0,1.688241,0.1,0.1,19,0,0.414249785033447,0.5,0.0001708760869792,1,1,1,0,0,1,0,0,0,0.1,0.33,0.33,9,0.333333333333333,0.5,0
"CR","CRI","Costa Rica",2017,0.3,0,3,0.822456690745778,0.278958448750364,0.737888702767901,0.5,0,0,-0.02,0,3,0,0.666567,0.23607123,1.973903,1.06771182311917,0,6.583872,0,0.15,13,0,0.439635940124568,0.5,0.00034188023557873,0,0,1,1,0,1,1,1,0,0.15,0.15,0.25,2,0,0,0
"CZ","CZE","Czech Republic",2017,0.19,0,5,0.873879108036537,0.543222830616488,0.841318847888109,0.5,0,0,0.18,0,0,0,0,0.15,3e-06,1.13315299762286,0,0,0,0.15,21,75872.5341426404,0.569929397758405,0.5,0.0037463658262512,0,1,1,0,0,0,1,1,1,0.15,0.15,0.15,88,0,0.5,0
"DE","DEU","Germany",2017,0.29889263,1,60,0.737888702767901,0.391406012913837,0.869865253929667,1,0,0,-0.02,0,0,1,0,0.47475,5.464008,1.09534462589061,1,0,0.26375,0.26375,19,22151.8987341772,0.545637178463438,0.5,0.221831266126122,0,1,1,0,0,0,0.95,0.95,0,0.26375,0,0.15825,94,0.333333333333333,1,0
"DK","DNK","Denmark",2017,0.22,0,60,0.826923076923077,0.479318672008477,0.81340644290143,0,0,0,-0.01,0,0,0,1.256119,0.55794,1.265165,1.22551356720087,0,0,0.42,0.42,25,6666.66666666667,0.564056705749034,0.5,0.107847918254426,0,1,1,0,0,0,1,1,1,0.27,0.22,0.22,73,0.666666666666667,0.5,0
"EE","EST","Estonia",2017,0.2,100,100,1,1,1,1,1,0,0,0,0,0,0,0.2,0.146415,1.05752191364352,0,0,0.2,0,20,28571.4285714286,0.712216954991223,1,0.154736377400055,0,0,0,0,0,0,1,1,1,0,0,0.1,56,0,0,0
"ES","ESP","Spain",2017,0.25,0,25,0.778563038959402,0.391406012913837,0.737888702767901,0.5,0,1,0.295,0,1,0,0,0.435,2.442919,1.10699056914054,0,0,0.23,0.23,21,0,0.426084612973758,0.5,0.609257539008642,1,1,1,0,1,0,1,1,1,0.19,0.19,0.19,92,0.333333333333333,1,0
"FI","FIN","Finland",2017,0.2,0,10,0.826923076923077,0.518965517241379,0.737888702767901,0,0,0,-0.005,0,0,0,0,0.58349397,1.844204,1.28614070381486,0,0,0.34,0.289,24,10752.688172043,0.539396957953532,0.5,0.360618028090195,0,1,1,0,0,1,1,1,1,0.2,0,0.2,75,0.5,1,0
"FR","FRA","France",2017,0.44433333,1,50,0.880275603755891,0.547953910556565,0.869865253929667,0.5,0,1,0.405,0,3,1,0.549042,0.550875,14.779185,1.26766106026671,0,0,0.3444675,0.44001,20,100243.902439024,0.479918776040559,0.5,1.31933303403883,1,1,1,1,1,1,0.95,0.88,1,0.3,0,0.3333,122,0.666666666666667,1,0
"GB","GBR","United Kingdom",2017,0.19,1,50,0.758823529411765,0,0.826923076923077,0,0,1,0.195,0,1,0,0,0.47,3.894003,1.3707857807909,0,0,0.2,0.381,20,118840.579710145,0.453525773364736,0.5,2.70612778486229,0,1,1,1,0,1,1,1,0,0,0.2,0.2,126,0.5,1,0
"GR","GRC","Greece",2017,0.29,0,5,0.737888702767901,0.479318672008477,0.737888702767901,0.5,0,1,0.085,0,0,0,0.359825,0.55,11.707338,1.25017791504827,0,0,0.15,0.15,24,16393.4426229508,0.39177088172709,0.5,1.12594291973215,0,1,1,1,1,1,1,0,1,0.15,0.15,0.2,57,0.333333333333333,1,0
"HU","HUN","Hungary",2017,0.09,0,2.5,0.816200383417959,0.278958448750364,0.737888702767901,0.5,0,1,0.285,1,1,0,0.026171,0.335,0,1,0,0.072063,0.15,0.15,27,44822.9493500672,0.592797388673714,0.5,0.00105456393235007,0,1,1,1,0,0,1,1,0,0,0,0,80,0.666666666666667,0.5,0
"IE","IRL","Ireland",2017,0.125,1,100,0.787075165170195,0.479318672008477,0.646263719038607,0.5,0,1,0.26,0,1,0,0.001633,0.52,1.539297,1.49729283914551,0,0,0.33,0.51,23,88339.222614841,0.478515655389736,0.5,0.524431470398418,0,1,1,0,0,1,0,1,1,0.2,0.2,0.2,72,0,0,0
"IL","ISR","Israel",2017,0.24,0,100,0.795219524916135,0.566067958099106,0.835370889649727,0.5,0,1,-0.01,0,0,0,0.712569,0.5,4.3262,1.72015087132884,0,0,0.28,0.27,17,25517.0103092784,0.636854990042004,0.5,0.311599759529768,0,0,1,0,0,0,1,1,0,0.3,0.24,0.24,54,0.333333333333333,0,0
"IS","ISL","Iceland",2017,0.2,0,10,0.86,0.602353618717047,0.812269350072009,0.5,0,0,0.24,0,1,0,2.6952,0.4624,1.229826,1.26971995793072,0,3.413552,0.2,0.2,24,7032.3488045007,0.502995040707955,0,0.00676717258132963,0,1,0,1,0,0,1,1,0,0.18,0.1,0.2,41,0.666666666666667,1,0
"IT","ITA","Italy",2017,0.278064,0,80,0.869865253929667,0.576669379707147,0.965116279069767,1,1,1,0.04,0,NA,0,2.153339,0.52765573,2.712898,1.21188966403932,0,0,0.26,0.26,22,40000,0.371412678012698,0,0.720139865220434,0.5,1,1,0,1,1,0.95,0.95,1,0.26,0.26,0.225,97,0.666666666666667,1,0
"JP","JPN","Japan",2017,0.2997,0.5,4.95,0.859028659709284,0.278958448750364,0.787075165170195,0.5,0,0,0.0625,0,1,1,0.06682,0.56077165,8.595115,1.06875635798929,1,0,0.204,0.2032,8,94939.7132820659,0.729728270762749,0.5,0.00651090443498992,0,1,1,0,1,0,0.95,0,0,0.2042,0.2042,0.2042,64,0.333333333333333,0.5,0
"KR","KOR","Korea",2017,0.242,0.5,8,0.921720532319392,0.547953910556565,0.737888702767901,1,0,1,0.135,0,4,0,0,0.45309835,12.88879,1.30359240194273,1,0,0,0.3784,10,26928.4712482468,0.569518195671843,0,0.00029216131674958,0,1,1,0,1,1,0,0,1,0.22,0.22,0.22,91,0.5,0.5,0
"LT","LTU","Lithuania",2017,0.15,0,70,0.905263157894737,0.826923076923077,0.966194331983806,1,0,0,0.28,0,2,0,0,0.24,0.364149,1.09515713943807,0,0,0.15,0.15,21,100223,0.519598272155733,0.5,0.250776295873252,0,1,0,0,0,0,1,1,1,0.15,0.1,0.1,54,0.333333333333333,0.5,0
"LU","LUX","Luxembourg",2017,0.2708,0,17,0.873417350634541,0.479318672008477,0.869865253929667,1,0,0,-0.01,0,1,1,0.051803,0.4718,3.679296,1.36286520599058,1,0,0,0.21,17,27777.7777777778,0.743182408824628,0.5,0.053094605555045,0,1,1,1,0,0,1,1,0,0.15,0,0,79,0,0.5,0
"LV","LVA","Latvia",2017,0.15,0,75,0.905263157894737,0.614285714285714,0.869865253929667,0.5,0,0,0.28,0,0,0,0,0.23,0.140346,1.05716673103604,0,0,0.15,0.1,21,98619.3293885602,0.549801292676719,0.5,0.449905962223862,0,0,1,0,0,0,1,1,1,0,0,0,59,0,0.5,0
"MX","MEX","Mexico",2017,0.3,0,10,0.795219524916135,0.630382676079967,0.795219524916135,0.5,0,0,-0.01,0,0,0,0.149403,0.35,25.660191,1.21344642090281,0,2.128333,0.1,0.17142857,16,0,0.29709479637874,0.5,0.00605618565813908,0,0,1,0,0,0,0,0,0,0.1,0.4,0.4,55,0.666666666666667,0.5,0
"NL","NLD","Netherlands",2017,0.25,1,9,0.813463195231154,0.338474732816403,0.869865253929667,1,0,1,0.225,0,1,0,0,0.52197272,1.38825,1.39131894030725,0,0,0.3,0.25,21,1620.48192771084,0.479441305963975,0.5,0.534434823932369,0,1,1,1,0,0,1,1,0,0.15,0,0,96,0,0,0
"NO","NOR","Norway",2017,0.24,0,100,0.781818181818182,0.373913043478261,0.737888702767901,0,0,0,0.225,0,0,0,0,0.4672,1.632658,1.23797396923022,0,0,0.298,0.2976,25,5102.04081632653,0.528263686762252,0.5,0.0209391555643912,1,0,1,0,0,0,0.97,1,1,0.25,0,0,87,0.5,1,0
"NZ","NZL","New Zealand",2017,0.28,0,100,0.731914893617021,0,0.547953910556565,0.5,0,0,-0.02,0,0,0,1.166038,0.33,1.174848,1.45548482823408,0,0,0,0.06944444,15,40816.3265306122,0.971090823276637,0.5,0.867499457546358,0,0,0,0,0,0,1,1,0,0.3,0.15,0.15,40,0.333333333333333,0.5,0
"PL","POL","Poland",2017,0.19,0,2.5,0.737888702767901,0.338474732816403,0.869865253929667,1,0,0,0.04,0,1,0,0,0.39908085,1.973042,1.04157528156199,0,0,0.19,0.19,23,83333.3333333333,0.43105735824275,0.5,0.234722414465485,0,1,1,1,1,1,1,0,1,0.19,0.2,0.2,85,0.5,1,0
"PT","PRT","Portugal",2017,0.295,0,3.5,0.888411247396436,0.547953910556565,0.547953910556565,0.5,1,1,0.35,0,3,0,0.15575,0.610269,15.622325,1.2444983874101,0,0,0.28,0.28,23,16949.1525423729,0.501285078855009,0.5,0.438098986559568,0,1,1,1,0,0,1,1,1,0.25,0.25,0.25,68,0.666666666666667,1,0
"SE","SWE","Sweden",2017,0.22,0,100,0.86,0.479318672008477,0.86,0,0,0,0.05,0,0,0,0,0.6012,1.49517,1.2102576759004,0,0.004928,0.3,0.3,25,0,0.560051873227119,0.5,0.0442439860682349,0,0,1,1,0,0,1,1,0,0.3,0,0,81,0.666666666666667,0.5,0
"SI","SVN","Slovenia",2017,0.19,0,50,0.869865253929667,0.391406012913837,0.737888702767901,0.5,0,0,0.17,0,1,0,0.006057,0.6105,5.056709,1.21663366757661,0,0,0,0.25,22,83333.3333333333,0.594114338806747,0,0.254076665224507,0,1,1,1,0,0,0.95,0.475,1,0.15,0.15,0.15,0,0,0.5,0
"SK","SVK","Slovak Republic",2017,0.21,0,4,0.873879108036537,0.547953910556565,0.869865253929667,0.5,0,0,0.095,0,3,0,0.201558,0.3505,3.443444,1.12083862560677,0,0,0,0.07,20,99580,0.514883693628053,0.5,0.243642082887142,0,0,0,1,0,0,1,0,1,0.35,0.19,0.19,67,0,1,0
"TR","TUR","Turkey",2017,0.2,0,5,0.864149148541634,0.431068736527055,0.69441435606903,0.5,1,1,0.055,0,0,0,0,0.455,3.125218,1.22322269573686,0,0,0,0.175,18,0,0.432212761220776,0.5,0.043133491706264,0,1,1,0,1,1,1,1,0,0.15,0.1,0.2,83,0.666666666666667,0.5,0
"US","USA","United States",2017,0.38906474,2,20,0.93846273303009,0.34958311169213,0.632751338890881,1,0,0,0.0575,0,1,0,0,0.486,7.93496,1.25091528336118,0,0,0.2851,0.28506064,7.4,0,0.351937265410383,0.5,1.56340539187263,0,1,1,1,0,0,0,0,0,0.3,0.3,0.3,66,0.333333333333333,0.5,0
"AT","AUT","Austria",2018,0.25,0,75,0.813463195231154,0.338474732816403,0.737888702767901,1,0,0,0.15,0,2,0,0.319657,0.55,23.289873,1.10822081465241,0,0,0.275,0.275,20,37457.4389849533,0.598600373926139,0,0.100026579599104,0,0,1,1,0,0,1,1,0,0.275,0,0.2,88,0,0.5,0
"AU","AUS","Australia",2018,0.3,0,100,0.851484971473245,0.479318672008477,0.547953910556565,0.5,0,0,0.1375,0,3,0,0,0.47,2.098449,1.39325515343565,0,0,0.234,0.24285714,10,50950.9831162029,0.483222161988042,1,0.554357773251979,0,0,1,1,0,0,1,1,0,0.3,0.1,0.3,44,0.333333333333333,0.5,0
"BE","BEL","Belgium",2018,0.2958,0,100,0.875897349190039,0.622404878792567,1.06986525392967,1,1,1,0.15,0,1,1,0.015404,0.60215738,1.049507,1.24101990171903,0,0,0,0.3,21,31109.1533083962,0.46354669589639,0.5,0.631203734176195,0.5,1,1,1,0,1,1,1,0,0.3,0.3,0.3,95,0,0.5,0
"CA","CAN","Canada",2018,0.26767004,3,20,0.965116279069767,0.614285714285714,0.43,0.5,0,0,0.2125,0,1,0,0.334331,0.535296,3.211679,1.2503747085311,0,0,0.2675,0.39343524,12.4,23975.8898451717,0.560492100832702,0.5,1.11151336123367,0,0,1,1,1,0,1,0.5,1,0.25,0.25,0.25,95,0.333333333333333,0.5,0
"CH","CHE","Switzerland",2018,0.21148581,0,7,0.86,0.554838709677419,0.905263157894737,1,0,0,-0.01,0,0,0,1.19603,0.41721638,3.318929,1.37744670346548,0,0,0,0.21135,7.7,81953.3750858462,0.664055257092073,0.5,0.0702088317010996,1,1,1,1,1,1,1,1,0,0.35,0.35,0,92,0,0.5,0
"CL","CHL","Chile",2018,0.27,0,100,0.705977756078566,0.42321653857669,0,0.5,0,0,0.295,0,1,0,0.774605,0.35,7.705428,1.08742511576066,0,0,0.35,0.2390411,19,0,0.643870679981182,0.5,0.00058725588542458,0,1,0,1,0,0,0,0,1,0.1745,0.35,0.3,32,0.666666666666667,0.5,0
"CO","COL","Colombia",2018,0.37,0,12,0.737888702767901,0.305956530933891,0.869865253929667,0.5,0,0,0.315,0,3,1,0.2439,0.33,11.452119,0,0,1.787837,0.1,0.1,19,0,0.384774138430504,0.5,0.00014893798246965,1,1,1,0,0,1,0,0,0,0.1,0.15,0.264,9,0.333333333333333,0.5,0
"CR","CRI","Costa Rica",2018,0.3,0,3,0.822456690745778,0.278958448750364,0.737888702767901,0.5,0,0,-0.02,0,3,0,0.81095,0.24107123,1.976605,1.06499224048964,0,6.889851,0,0.15,13,0,0.444480444758348,0.5,0.00035318170114759,0,0,1,1,0,1,1,1,0,0.15,0.15,0.25,2,0,0,0
"CZ","CZE","Czech Republic",2018,0.19,0,5,0.873879108036537,0.543222830616488,0.841318847888109,0.5,0,0,0.18,0,0,0,0,0.15,3e-06,1.12411919343544,0,0,0,0.15,21,76296.5356413544,0.580484831334846,0.5,0.00379149073338684,0,1,1,0,0,0,1,1,1,0.15,0.15,0.15,88,0,0.5,0
"DE","DEU","Germany",2018,0.29897059,1,60,0.737888702767901,0.391406012913837,0.869865253929667,1,0,0,-0.02,0,0,1,0,0.47475,5.390284,1.0940217230671,1,0,0.26375,0.26375,19,22456.2808292655,0.545453463645676,0.5,0.223960105801907,0,1,1,0,0,0,0.95,0.95,0,0.26375,0,0.15825,94,0.333333333333333,1,0
"DK","DNK","Denmark",2018,0.22,0,60,0.826923076923077,0.479318672008477,0.81340644290143,0,0,0,-0.01,0,0,0,1.693541,0.558584,1.287778,1.22850117729157,0,0,0.42,0.42,25,6907.63633670914,0.589634932275893,0.5,0.106000680715293,0,1,1,0,0,0,1,1,1,0.27,0.22,0.22,73,0.666666666666667,0.5,0
"EE","EST","Estonia",2018,0.2,100,100,1,1,1,1,1,0,0,0,0,0,0,0.2,0.387521,1.05698132325442,0,0,0.2,0,20,72611.8858395931,0.708008880195223,1,0.152306388975333,0,0,0,0,0,0,1,1,1,0,0,0.1,56,0,0,0
"ES","ESP","Spain",2018,0.25,0,25,0.778563038959402,0.391406012913837,0.737888702767901,0.5,0,1,0.295,0,1,0,0,0.435,2.409777,1.23788823423651,0,0,0.23,0.23,21,0,0.431070269987097,0.5,0.61438495025947,1,1,1,0,1,0,1,1,1,0.19,0.19,0.24,93,0.333333333333333,1,0
"FI","FIN","Finland",2018,0.2,0,10,0.826923076923077,0.518965517241379,0.737888702767901,0,0,0,-0.005,0,0,0,0,0.58435142,1.842791,1.30527528938012,0,0,0.34,0.289,24,11062.4119155451,0.554264691644883,0.5,0.369458787575738,0,1,1,0,0,1,1,1,1,0.2,0,0.2,76,0.5,1,0
"FR","FRA","France",2018,0.34433333,1,50,0.880275603755891,0.547953910556565,0.869865253929667,0.5,0,1,0.405,0,2,1,0.537054,0.55572,14.63573,1.27408692785277,0,0,0.34,0.34,20,103912.923981672,0.480349976493153,0.5,1.34384734999324,0.5,1,1,1,1,1,0.95,0.88,1,0.3,0,0.333,122,0.666666666666667,1,0
"GB","GBR","United Kingdom",2018,0.19,1,50,0.758823529411765,0,0.826923076923077,0,0,1,0.185,0,1,0,0,0.47,3.785407,1.36795725377944,0,0,0.2,0.381,20,119167.287037543,0.448659847209634,0.5,2.39273526763546,0,1,1,1,0,1,1,1,0,0,0.2,0.2,129,0.5,1,0
"GR","GRC","Greece",2018,0.29,0,5,0.737888702767901,0.479318672008477,0.737888702767901,0.5,0,1,0.09,0,0,0,0.482665,0.55,11.700915,1.25046708152657,0,0,0.15,0.15,24,16710.6993594789,0.443127850341524,0.5,1.20605190791984,0,1,1,1,1,1,1,0,1,0.15,0.15,0.2,57,0.333333333333333,1,0
"HU","HUN","Hungary",2018,0.09,0,2.5,0.816200383417959,0.278958448750364,0.737888702767901,0.5,0,1,0.21,1,1,0,0.020362,0.335,0,1,0,0.071349,0.15,0.15,27,57601.502523673,0.555133204619886,0.5,0.001066982479592,0,1,1,1,0,0,1,1,0,0,0,0,80,0.333333333333333,0.5,0
"IE","IRL","Ireland",2018,0.125,1,100,0.787075165170195,0.479318672008477,0.646263719038607,0.5,0,1,0.26,0,1,0,0.001611,0.52,1.483161,1.49547136480738,0,0,0.33,0.51,23,92218.141398691,0.487147432359893,0.5,0.45959603055615,0,1,1,0,0,1,0,1,1,0.2,0.2,0.2,72,0,0,0
"IL","ISR","Israel",2018,0.23,0,100,0.795219524916135,0.566067958099106,0.835370889649727,0.5,0,1,-0.01,0,0,0,0.576334,0.5,4.31824,1.73197794288459,0,0,0.28,0.33,17,26132.3890060412,0.647230594462939,0.5,0.313154082926969,0,0,1,0,0,0,1,1,0,0.3,0.23,0.23,54,0.333333333333333,0,0
"IS","ISL","Iceland",2018,0.2,0,10,0.86,0.602353618717047,0.812269350072009,0.5,0,0,0.24,0,1,0,1.53247,0.4624,1.282301,1.26829944544366,0,3.351581,0.22,0.22,24,14202.1555989162,0.525894844488061,0,0.00850146952890918,0,1,0,1,0,0,1,1,0,0.2,0.12,0.2,44,0.666666666666667,1,0
"IT","ITA","Italy",2018,0.278064,0,80,0.869865253929667,0.576669379707147,0.965116279069767,1,1,1,0.09,0,NA,0,1.674511,0.52765573,2.689386,1.21226071931554,0,0,0.26,0.26,22,90380.9627102053,0.372161391717805,0,0.620156228640241,0.5,1,1,0,1,1,0.95,0.95,1,0.26,0.26,0.225,100,0.666666666666667,1,0
"JP","JPN","Japan",2018,0.2974,0.5,5,0.859028659709284,0.278958448750364,0.787075165170195,0.5,0,0,0.0875,0,1,1,0.067159,0.56077165,8.493955,1.06699409606627,1,0,0.204,0.2032,8,100407.568377102,0.71432982566587,0.5,0.0073745687380068,0,1,1,1,1,0,0.95,0,0,0.2,0.2,0.2,67,0.333333333333333,0.5,0
"KR","KOR","Korea",2018,0.275,0.5,7,0.921720532319392,0.547953910556565,0.737888702767901,1,0,1,0.135,0,3,0,0,0.47428142,12.244843,1.27746417340747,1,0,0,0.4028,10,27364.3889891267,0.620686606072647,0,0.00028581545666498,0,1,1,0,1,1,0,0,1,0.22,0.22,0.22,93,0.5,0.5,0
"LT","LTU","Lithuania",2018,0.15,0,70,0.905263157894737,0.826923076923077,0.966194331983806,1,0,1,0.28,0,2,0,0,0.24,0.408492,1.13842225889773,0,0,0.15,0.15,21,97563.0907987165,0.521702707998565,0.5,0.238947950455443,0,1,0,0,0,0,1,1,1,0.15,0.1,0.1,54,0.333333333333333,0.5,0
"LU","LUX","Luxembourg",2018,0.2601,0,17,0.873417350634541,0.479318672008477,0.869865253929667,1,0,1,-0.01,0,1,1,0.060242,0.4718,3.587221,1.39392084679436,1,0,0,0.21,17,33690.3764562665,0.7577606452656,0.5,0.0524575062867177,0,1,1,1,0,0,1,1,0,0.15,0,0,80,0,0.5,0
"LV","LVA","Latvia",2018,0.2,100,100,1,1,1,1,1,0,0.28,0,0,0,0,0.402,4.625039,1.06348402670348,0,0,0.2,0,21,79773.9207087115,0.573300253837343,0.5,0.497179939808328,0,0,1,0,0,0,1,1,1,0,0,0,61,0,1,0
"MX","MEX","Mexico",2018,0.3,0,10,0.795219524916135,0.630382676079967,0.795219524916135,0.5,0,0,0.0575,0,0,0,0.213911,0.35,28.201692,1.18568195311513,0,2.09549,0.1,0.17142857,16,0,0.310811762562239,0.5,0.00484719382125782,0,0,1,0,0,0,0,0,0,0.1,0.35,0.35,58,0.666666666666667,0.5,0
"NL","NLD","Netherlands",2018,0.25,1,9,0.813463195231154,0.338474732816403,0.869865253929667,1,0,1,0.225,0,1,NA,0,0.52378095,1.392983,1.41366469246815,0,0,0.3,0.25,21,1650.19336094698,0.50439167248284,0.5,0.539351281430367,0,1,1,1,0,0,1,1,0,0.15,0,0,96,0,0,0
"NO","NOR","Norway",2018,0.23,0,100,0.781818181818182,0.373913043478261,0.737888702767901,0,0,0,0.2225,0,0,0,0,0.466,1.628185,1.24332016785719,0,0,0.3059,0.3059,25,4916.69351181324,0.533883578849987,0.5,0.0214702259033057,1,0,1,0,0,0,0.97,1,1,0.25,0,0,87,0.5,1,0
"NZ","NZL","New Zealand",2018,0.28,0,100,0.731914893617021,0,0.547953910556565,0.5,0,0,-0.02,0,0,0,1.016808,0.33,1.14233,1.44000730987065,0,0,0,0.06944444,15,40813.1614282974,0.95579357639563,0.5,0.850510213189027,0,0,0,0,0,0,1,1,0,0.3,0.15,0.15,40,0.333333333333333,0.5,0
"PL","POL","Poland",2018,0.19,0,2.5,0.737888702767901,0.338474732816403,0.869865253929667,1,0,0,0.0875,0,1,0,0,0.39908085,1.836534,1.03877149170029,0,0,0.19,0.19,23,111214.726164321,0.449715903937719,0.5,0.219192139768078,0,1,1,1,1,1,1,0,1,0.19,0.2,0.2,85,0.5,1,0
"PT","PRT","Portugal",2018,0.315,0,3.5,0.888411247396436,0.547953910556565,0.547953910556565,0.5,1,1,0.35,0,3,0,0.180142,0.5817,15.037109,1.23407922313459,0,0,0.28,0.28,23,16886.4437318365,0.498617513029606,0.5,0.429668018824101,0,1,1,1,0,0,1,1,1,0.25,0.25,0.25,76,0.666666666666667,1,0
"SE","SWE","Sweden",2018,0.22,0,100,0.86,0.479318672008477,0.86,0,0,0,0.05,0,0,0,0,0.6012,1.50956,1.20764991059814,0,0.02182,0.3,0.3,25,3296.89096588135,0.576413500777845,0.5,0.043262674313101,0,0,1,1,0,0,1,1,0,0.3,0,0,81,0.666666666666667,0.5,0
"SI","SVN","Slovenia",2018,0.19,0,50,0.869865253929667,0.391406012913837,0.737888702767901,0.5,0,0,0.19,0,1,0,0.00691,0.6105,4.868058,1.16336945933163,0,0,0,0.25,22,83256.737135169,0.580841322928663,0,0.268230701561221,0,1,1,1,0,0,0.95,0.475,1,0.15,0.15,0.15,0,0,0.5,0
"SK","SVK","Slovak Republic",2018,0.21,0,4,0.873879108036537,0.547953910556565,0.869865253929667,0.5,0,1,0.09,0,0,0,0.219565,0.3505,3.269759,1.11638131225735,0,0,0,0.07,20,100763.364958068,0.496255605374191,0.5,0.249792493433873,0,0,0,1,0,0,1,1,1,0.35,0.19,0.19,69,0,1,0
"TR","TUR","Turkey",2018,0.22,0,5,0.864149148541634,0.431068736527055,0.69441435606903,0.5,1,1,0.055,0,0,0,0,0.455,2.880756,1.20596200754617,0,0,0,0.175,18,0,0.413677664692199,0.5,0.0387519166156283,0,1,1,0,1,1,1,1,0,0.15,0.1,0.2,83,0.666666666666667,0.5,0
"US","USA","United States",2018,0.2583858,5,100,1,0.34958311169213,0.632751338890881,1,0,1,0.0575,0,2,0,0,0.46,9.299292,1.24641453866901,0,0,0.2888,0.28881436,7.4,0,0.350947552329414,0.5,1.58627415720788,0,1,1,1,0,0,1,0,0,0.3,0.3,0.3,66,0.333333333333333,1,1
"AT","AUT","Austria",2019,0.25,0,75,0.813463195231154,0.338474732816403,0.737888702767901,1,0,0,0.17,0,2,0,0.29698,0.55,22.659401,1.10184892115766,0,0,0.275,0.275,20,37457.4389849533,0.600455193969517,0,0.103888379148526,0,0,1,1,0,0,1,1,0,0.275,0,0.2,89,0.666666666666667,0.5,0
"AU","AUS","Australia",2019,0.3,0,100,0.851484971473245,0.479318672008477,0.547953910556565,0.5,0,0,0.1375,0,2,0,0,0.47,2.050567,1.37782993834609,0,0,0.235,0.24285714,10,50950.9831162029,0.481701044881165,1,0.584189649593165,0,0,1,1,0,0,1,1,0,0.3,0.1,0.3,44,0.333333333333333,0.5,0
"BE","BEL","Belgium",2019,0.2958,0,70,0.875897349190039,0.622404878792567,1.06986525392967,1,1,1,0.155,0,1,1,0.014885,0.60215738,1.046545,1.27428541019482,0,0,0,0.3,21,31109.1533083962,0.463431924941184,0.5,0.633424174171977,0.5,1,1,1,0,1,1,1,0,0.3,0.3,0.3,95,0,1,0
"CA","CAN","Canada",2019,0.26607878,3,20,1,0.635714285714286,0.518965517241379,0.5,0,0,0.2125,0,1,0,0.349381,0.535296,3.198852,1.25003747421933,0,0,0.2675,0.39344076,12.4,23975.8898451717,0.49085964811127,0.5,1.12560047288434,0,0,1,1,1,0,1,0.5,1,0.25,0.25,0.25,96,0.333333333333333,0.5,0
"CH","CHE","Switzerland",2019,0.21148581,0,7,0.86,0.554838709677419,0.905263157894737,1,0,0,-0.01,0,0,0,1.815504,0.4167,3.268144,1.37074753250476,0,0,0,0.21135,7.7,81953.3750858462,0.669193550189438,0.5,0.0678210284852441,1,1,1,1,1,1,1,1,0,0.35,0.35,0,93,0,0.5,0
"CL","CHL","Chile",2019,0.27,0,100,0.705977756078566,0.42321653857669,0,0.5,0,0,0.285,0,1,0,0.757166,0.35,7.621059,1.23215635562629,0,0,0.35,0.2390411,19,0,0.647387701980698,0.5,0.00061929650848321,0,1,0,1,0,0,0,0,1,0.1745,0.35,0.3,33,0.666666666666667,0.5,0
"CO","COL","Colombia",2019,0.33,0,12,0.737888702767901,0.305956530933891,0.869865253929667,0.5,0,0,0.305,0,3,0,0.242697,0.38999999,64.10572,0,0,1.45053,0.1,0.15,19,0,0.371582511935366,0.5,0.00015842849525311,1,1,1,0,0,1,1,0,0,0.15,0.15,0.264,9,0.666666666666667,0.5,0
"CR","CRI","Costa Rica",2019,0.3,0,3,0.822456690745778,0.278958448750364,0.737888702767901,0.5,0,0,-0.02,0,5,0,0.791017,0.26401644,6.665202,1.06419270772227,0,6.637688,0.15,0.15,13,0,0.421387589636391,0.5,0.00034549979303814,0,0,1,1,1,1,1,1,0,0.15,0.15,0.25,2,0,0,0
"CZ","CZE","Czech Republic",2019,0.19,0,5,0.873879108036537,0.543222830616488,0.841318847888109,0.5,0,0,0.18,0,0,0,0,0.15,2e-06,1.11442095170514,0,0,0,0.15,21,76296.5356413544,0.595725209245203,0.5,0.00390119457893735,0,1,1,0,0,0,1,1,1,0.15,0.15,0.15,89,0.333333333333333,1,0
"DE","DEU","Germany",2019,0.29937781,1,60,0.737888702767901,0.391406012913837,0.869865253929667,1,0,0,-0.02,0,0,1,0,0.47475,5.348707,1.09568314163364,1,0,0.26375,0.26375,19,22456.2808292655,0.546584618791188,0.5,0.226481688905538,0,1,1,0,0,0,0.95,0.95,0,0.26375,0,0.15825,95,0.333333333333333,1,0
"DK","DNK","Denmark",2019,0.22,0,60,0.826923076923077,0.479318672008477,0.81340644290143,0,0,0,-0.005,0,0,0,1.517061,0.55886,1.290873,1.23997709853951,0,0,0.42,0.42,25,6907.63633670914,0.593870785107482,0.5,0.10518860537134,0,1,1,0,0,0,1,1,1,0.27,0.22,0.22,75,0.666666666666667,1,0
"EE","EST","Estonia",2019,0.2,100,100,1,1,1,1,1,0,0,0,1,0,0,0.2,0.362567,1.19826304713391,0,0,0.2,0,20,72611.8858395931,0.721355501485944,1,0.144662126912427,0,0,0,0,0,0,1,1,1,0,0,0.1,58,0.333333333333333,1,0
"ES","ESP","Spain",2019,0.25,0,25,0.778563038959402,0.391406012913837,0.737888702767901,0.5,0,1,0.295,0,1,0,0,0.435,2.385347,1.23466837206712,0,0,0.23,0.23,21,0,0.437423055774897,0.5,0.631076856203367,1,1,1,0,1,0,1,1,1,0.19,0.19,0.24,93,0.333333333333333,1,0
"FI","FIN","Finland",2019,0.2,0,10,0.826923076923077,0.518965517241379,0.737888702767901,0,0,0,-0.005,0,0,0,0,0.58528973,1.847268,1.31055730023289,0,0,0.34,0.289,24,11062.4119155451,0.570149260404302,0.5,0.389747749066505,0,1,1,0,0,1,1,1,1,0.2,0,0.2,76,0.5,1,0
"FR","FRA","France",2019,0.34433333,1,50,0.880275603755891,0.547953910556565,0.869865253929667,0.5,0,1,0.405,1,2,1,0.548025,0.55572,15.013889,1.27316031684303,0,0,0.34,0.34,20,103912.923981672,0.492400242424516,0.5,1.37291707170935,0.5,1,1,1,0,1,0.95,0.88,1,0.3,0,0.333,122,0.666666666666667,1,0
"GB","GBR","United Kingdom",2019,0.19,1,50,0.758823529411765,0.278958448750364,0.826923076923077,0,0,1,0.19,0,1,0,0,0.47,3.659439,1.36905528477729,0,0,0.2,0.381,20,119167.287037543,0.454126226199722,0.5,2.28634229869174,0,1,1,1,0,1,1,1,0,0,0.2,0.2,129,0.5,1,0
"GR","GRC","Greece",2019,0.24,0,5,0.737888702767901,0.479318672008477,0.737888702767901,0.5,0,1,0.09,0,0,0,0.487658,0.55,11.575702,1.2484773945329,0,0,0.15,0.1,24,16710.6993594789,0.423676039806617,0.5,1.26458330684245,0,1,1,1,1,1,1,0,1,0.1,0.15,0.2,57,0.333333333333333,1,0
"HU","HUN","Hungary",2019,0.09,0,2.5,0.816200383417959,0.278958448750364,0.737888702767901,0.5,0,1,0.1975,0,1,0,0.021166,0.335,0,1,0,0.06643,0.15,0.15,27,57601.502523673,0.55933369995282,0.5,0.00108964650685207,0,1,1,1,0,0,1,1,0,0,0,0,81,0.333333333333333,1,0
"IE","IRL","Ireland",2019,0.125,1,100,0.787075165170195,0.479318672008477,0.646263719038607,0.5,0,1,0.26,0,1,0,0.001442,0.52,1.325477,1.47986773197284,0,0,0.33,0.51,23,92218.141398691,0.480430563027635,0.5,0.424174234221087,0,1,1,0,0,1,0,1,1,0.2,0.2,0.2,73,0.333333333333333,0,0
"IL","ISR","Israel",2019,0.23,0,100,0.795219524916135,0.566067958099106,0.835370889649727,0.5,0,1,-0.01,0,0,0,1.521384,0.5,4.166414,1.73988382315352,0,0,0.28,0.33,17,26132.3890060412,0.63833721742264,0.5,0.334565990273873,0,0,1,0,0,0,1,1,0,0.3,0.23,0.23,56,0.333333333333333,0,0
"IS","ISL","Iceland",2019,0.2,0,10,0.86,0.602353618717047,0.812269350072009,0.5,0,0,0.24,0,1,0,1.490144,0.4624,1.28079,1.2694727944479,0,3.348351,0.22,0.22,24,14202.1555989162,0.562696448498767,0,0.0105951473726217,0,1,0,1,0,0,1,1,0,0.2,0.12,0.2,45,0.666666666666667,1,0
"IT","ITA","Italy",2019,0.278064,0,80,0.869865253929667,0.576669379707147,0.965116279069767,1,1,1,0.09,0,2,0,1.714252,0.52765573,2.654326,1.25889278909077,0,0,0.26,0.26,22,90380.9627102053,0.384145541881645,0,0.633631781889738,0.5,1,1,0,1,1,0.95,0.95,1,0.26,0.26,0.225,100,0.666666666666667,1,0
"JP","JPN","Japan",2019,0.2974,0.5,5,0.859028659709284,0.278958448750364,0.787075165170195,0.5,0,0,0.0875,0,1,1,0.066797,0.56077165,8.469835,1.06555000432633,1,0,0.204,0.2032,8,100407.568377102,0.716505004444101,0.5,0.00715801114662113,0,1,1,1,1,0,0.95,0,0,0.2,0.2,0.2,70,0.333333333333333,0.5,0
"KR","KOR","Korea",2019,0.275,0.5,6,0.921720532319392,0.547953910556565,0.737888702767901,1,0,1,0.13,0,4,0,0,0.47531497,11.903192,1.28614965320593,1,0,0,0.4028,10,27364.3889891267,0.644130654896917,0,0.00030353544586354,0,1,1,0,1,1,0,0,1,0.22,0.22,0.22,93,0.5,1,0
"LT","LTU","Lithuania",2019,0.15,0,70,0.905263157894737,0.826923076923077,0.966194331983806,1,0,1,0.28,0,2,0,0,0.3398,8.833456,1.1482050261628,0,0,0.2,0.15,21,97563.0907987165,0.537353760748802,0.5,0.234932989477269,0,1,0,0,0,0,1,1,1,0.15,0.1,0.1,55,0.333333333333333,1,0
"LU","LUX","Luxembourg",2019,0.2494,0,17,0.873417350634541,0.479318672008477,0.869865253929667,1,0,1,-0.01,0,1,1,0.04589,0.4718,3.526601,1.40678040193172,1,0,0,0.21,17,33690.3764562665,0.767219307049289,0.5,0.0530570241437225,0,1,1,1,0,0,1,1,0,0.15,0,0,82,0.333333333333333,1,0
"LV","LVA","Latvia",2019,0.2,100,100,1,1,1,1,1,0,0,0,0,0,0,0.318,4.904767,1.11543889354782,0,0,0.2,0,21,79773.9207087115,0.575551471407759,0.5,0.512499989260106,0,0,1,0,0,0,1,1,1,0,0,0,61,0.333333333333333,1,0
"MX","MEX","Mexico",2019,0.3,0,10,0.795219524916135,0.630382676079967,0.795219524916135,0.5,0,0,0.055,0,0,0,0.215883,0.35,26.30794,1.21247564177471,0,2.074968,0.1,0.17142857,16,0,0.298450306031221,0.5,0.00480572084177701,0,0,1,0,0,0,0,0,0,0.1,0.35,0.35,59,0.666666666666667,0.5,0
"NL","NLD","Netherlands",2019,0.25,1,6,0.813463195231154,0.338474732816403,0.869865253929667,1,0,1,0.215,0,1,0,0,0.540309,1.364903,1.40723799457802,0,0,0.3,0.25,21,1650.19336094698,0.506186006825939,0.5,0.564150122141421,0,1,1,1,0,0,1,1,0,0.15,0,0,97,0.333333333333333,1,0
"NO","NOR","Norway",2019,0.22,0,100,0.781818181818182,0.373913043478261,0.737888702767901,0,0,0,0.22,0,0,0,0,0.464,1.574887,1.24454048711167,0,0,0.3168,0.3168,25,4916.69351181324,0.537315978592113,0.5,0.0235248388049303,1,0,1,0,0,0,0.97,1,1,0.25,0,0,87,0.5,1,0
"NZ","NZL","New Zealand",2019,0.28,0,100,0.731914893617021,0,0.547953910556565,0.5,0,0,-0.02,0,0,0,0.98143,0.33,1.108116,1.42268195448294,0,0,0,0.06944444,15,40813.1614282974,0.976681045552941,0.5,0.858277614330529,0,0,0,0,0,0,1,1,0,0.3,0.15,0.15,40,0.333333333333333,0.5,0
"PL","POL","Poland",2019,0.19,0,2.5,0.737888702767901,0.338474732816403,0.869865253929667,1,0,1,0.195,0,1,0,0,0.39892022,1.726467,1.03599266358838,0,0,0.19,0.19,23,111214.726164321,0.484459656991138,0.5,0.231955642057802,0,1,1,1,1,1,1,0,1,0.19,0.2,0.2,86,0.5,1,0
"PT","PRT","Portugal",2019,0.315,0,3.5,0.888411247396436,0.547953910556565,0.547953910556565,0.5,1,1,0.35,0,4,0,0.110476,0.5817,14.351723,1.28225506784123,0,0,0.28,0.28,23,16886.4437318365,0.516324542303407,0.5,0.445173706976654,0,1,1,1,0,0,1,1,1,0.25,0.25,0.25,77,0.666666666666667,1,0
"SE","SWE","Sweden",2019,0.214,0,100,0.86,0.479318672008477,0.86,0,0,0,0.05,0,0,0,0,0.6019,1.544646,1.20732190752679,0,0.018272,0.3,0.3,25,3296.89096588135,0.581748088212242,0.5,0.0403140135358569,0,0,1,1,0,0,1,1,0,0.3,0,0,81,0.666666666666667,1,0
"SI","SVN","Slovenia",2019,0.19,0,50,0.869865253929667,0.391406012913837,0.737888702767901,0.5,0,0,0.19,0,1,0,0.00668,0.6105,4.700871,1.31813715512507,0,0,0,0.25,22,83256.737135169,0.594291643134182,0,0.285827072680336,0,1,1,1,0,0,0.95,0.475,1,0.15,0.15,0.15,0,0.333333333333333,0.5,0
"SK","SVK","Slovak Republic",2019,0.21,0,4,0.873879108036537,0.547953910556565,0.869865253929667,0.5,0,1,0.245,0,0,0,0.210017,0.3505,3.182854,1.1103466971916,0,0,0,0.07,20,100763.364958068,0.510608318598036,0.5,0.255228934661365,0,0,0,1,0,0,1,1,1,0.35,0.19,0.19,70,0.833333333333333,1,0
"TR","TUR","Turkey",2019,0.22,0,5,0.864149148541634,0.431068736527055,0.69441435606903,0.5,1,1,0.055,0,0,0,0,0.455,2.815569,1.18811255927862,0,0,0,0.175,18,0,0.420123585429155,0.5,0.0271064419291436,0,1,1,0,1,1,1,1,0,0.15,0.1,0.2,85,0.666666666666667,0.5,0
"US","USA","United States",2019,0.25886141,5,100,1,0.34958311169213,0.632751338890881,1,0,1,0.0675,0,2,0,0,0.46,9.23521,1.24043144141255,0,0,0.2891,0.28913494,7.4,0,0.350924699712973,0.5,1.59645086647821,0,1,1,1,0,0,1,0,0,0.3,0.3,0.3,66,0.333333333333333,1,1
"AT","AUT","Austria",2020,0.25,1,75,0.884365027341364,0.855181259045101,0.737888702767901,1,0,0,0.17,1,2,0,0.293445,0.55,22.348941,1.09685644629748,0,0,0.275,0.275,20,46065.4814237656,0.603286890309454,0,0.105402879023746,0,0,1,1,0,0,1,1,0,0.275,0,0.2,89,0.666666666666667,0.5,0
"AU","AUS","Australia",2020,0.3,0,100,0.851484971473245,0.479318672008477,0.547953910556565,0.5,0,0,0.1375,0,2,0,0,0.47,1.98057,1.41394107484494,0,0,0.235,0.24285714,10,52090.1701681679,0.467666698731248,1,0.59162561228355,0,0,1,1,0,0,1,1,0,0.3,0.1,0.3,45,0.333333333333333,0.5,0
"BE","BEL","Belgium",2020,0.25,1,70,0.737888702767901,0.547953910556565,1.00486525392967,1,1,1,0.15,0,1,2,0.015278,0.60215738,1.0504,1.28731515716075,0,0,0,0.3,21,33101.8411244033,0.466386051042486,0.5,0.630556050155834,0,1,1,1,0,1,1,1,0,0.3,0.3,0.3,95,0.333333333333333,1,0
"CA","CAN","Canada",2020,0.26244757,3,20,1,0.635714285714286,0.518965517241379,0.5,0,0,0.2125,0,1,0,0.399208,0.535296,2.893114,1.26084950795864,0,0,0.2675,0.39344076,12.4,25130.1953537619,0.493476575711396,0.5,1.12117049966129,0,0,1,1,1,0,1,0.5,1,0.25,0.25,0.25,96,0.333333333333333,0.5,0
"CH","CHE","Switzerland",2020,0.21148581,0,7,0.86,0.554838709677419,0.905263157894737,1,0,1,-0.01,0,0,0,1.571754,0.41734127,3.216664,1.36280247476228,0,0,0,0.22285,7.7,87121.2187213045,0.676586141612304,0.5,0.0681055135292278,1,1,1,1,1,1,1,1,0,0.35,0.35,0,94,0,0.5,0
"CL","CHL","Chile",2020,0.27,0,100,1,1,1,0.5,0,0,0.285,0,1,0,1.476469,0.35,7.658949,1.22880916942572,0,0,0.35,0.2390411,19,0,0.658907351112804,0.5,0.00064756924137903,0,1,0,1,0,0,0,0,1,0.1745,0.35,0.3,33,0.666666666666667,0.5,0
"CO","COL","Colombia",2020,0.32,0,12,0.737888702767901,0.305956530933891,0.869865253929667,0.5,0,0,0.295,0,3,0,0.316587,0.39000005,68.894177,0,0,1.84169,0.1,0.1,19,0,0.382286462068943,0.5,0.00015862888486391,1,1,1,0,0,1,0,0,0,0.1,0.2,0.2,10,0.666666666666667,0.5,0
"CR","CRI","Costa Rica",2020,0.3,0,3,0.822456690745778,0.278958448750364,0.737888702767901,0.5,0,0,-0.02,0,5,0,0.83391,0.33445205,6.81783,1.06304321568009,0,6.915512,0.15,0.15,13,0,0.41281850410374,0.5,0.00033620027885886,0,0,1,1,1,1,1,1,0,0.15,0.15,0.25,3,0,0,0
"CZ","CZE","Czech Republic",2020,0.19,0,5,0.972093023255814,0.543222830616488,0.841318847888109,0.5,0,0,0.18,0,0,0,0,0.15,2e-06,1.10632060371666,0,0,0,0.15,21,80365.3472980447,0.584158723468269,0.5,0.00408042805188739,0,1,0,0,0,0,1,1,1,0.15,0.15,0.15,89,0.333333333333333,1,0
"DE","DEU","Germany",2020,0.29830331,1,60,0.847117028387074,0.391406012913837,0.869865253929667,1,0,0,-0.02,0,0,1,0,0.47475,5.547725,1.0969234772429,1,0,0.26375,0.26375,19,29842.5668948267,0.549884677868387,0.5,0.231312819158474,0,1,1,0,0,0,0.95,0.95,0,0.26375,0,0.15825,95,0.333333333333333,1,0
"DK","DNK","Denmark",2020,0.22,0,60,0.826923076923077,0.479318672008477,0.81340644290143,0,0,0,-0.005,0,0,0,0.634269,0.558952,1.31176,1.23674737383362,0,0,0.42,0.42,25,7497.8840971078,0.613024154722279,0.5,0.109890079359761,0,1,1,0,0,0,1,1,1,0.27,0.22,0.22,75,0.666666666666667,1,0
"EE","EST","Estonia",2020,0.2,100,100,1,1,1,1,1,0,0,0,1,0,0,0.2,0.35402,1.18316230796552,0,0,0.2,0,20,73454.4720000735,0.722370692484686,1,0.142845030337811,0,0,0,0,0,0,1,1,1,0,0,0.1,58,0.333333333333333,1,0
"ES","ESP","Spain",2020,0.25,0,25,0.778563038959402,0.391406012913837,0.737888702767901,0.5,0,1,0.295,0,1,0,0,0.435,2.501202,1.23115570141234,0,0,0.23,0.23,21,0,0.444542509829821,0.5,0.653997886714628,1,1,1,0,1,0,1,1,1,0.19,0.19,0.24,93,0.333333333333333,1,0
"FI","FIN","Finland",2020,0.2,0,10,0.934782608695652,0.518965517241379,0.737888702767901,0,0,0,-0.005,0,0,0,0,0.5927723,1.822825,1.31866316191105,0,0,0.34,0.289,24,11801.3177351383,0.581964230066009,0.5,0.401323466159442,0,1,1,0,0,1,1,1,1,0.2,0,0.2,76,0.5,1,0
"FR","FRA","France",2020,0.32023,1,50,0.880275603755891,0.547953910556565,0.869865253929667,0.5,0,1,0.405,1,2,1,0.583317,0.55572,15.601425,1.30891710377515,0,0,0.34,0.34,20,117259.409794304,0.498396453028076,0.5,1.36547535243204,0.5,1,1,1,0,1,0.95,0.88,1,0.28,0,0.28,122,0.666666666666667,1,0
"GB","GBR","United Kingdom",2020,0.19,1,50,0.758823529411765,0.391406012913837,0.826923076923077,0,0,1,0.19,1,1,0,0,0.47,3.752071,1.3759956357544,0,0,0.2,0.381,20,124934.593065983,0.455633252218749,0.5,2.40042835042319,0,1,1,1,0,1,1,1,0,0,0.2,0.2,130,0.5,1,0
"GR","GRC","Greece",2020,0.24,0,5,0.737888702767901,0.479318672008477,0.737888702767901,0.5,0,1,0.07,0,0,0,0.509369,0.54,12.430177,1.24392717121946,0,0,0.15,0.05,24,17950.098725543,0.437795388607015,0.5,1.34005679391107,0,1,1,1,1,1,1,1,1,0.05,0.15,0.2,57,0.333333333333333,1,0
"HU","HUN","Hungary",2020,0.09,0,2.5,0.816200383417959,0.278958448750364,0.737888702767901,0.5,0,1,0.19,0,1,0,0.017085,0.335,0,1,0,0.061489,0.15,0.15,27,85145.3662713831,0.591834598211341,0.5,0.0010264910283858,0,1,1,1,0,0,1,1,0,0,0,0,81,0.333333333333333,1,0
"IE","IRL","Ireland",2020,0.125,1,100,0.787075165170195,0.479318672008477,0.646263719038607,0.5,0,1,0.26,0,1,0,0,0.52,1.298036,1.47356598674844,0,0,0.33,0.51,23,94185.9632775208,0.486680728865646,0.5,0.412138059614078,0,1,1,0,0,1,0,1,1,0.25,0.2,0.2,73,0.333333333333333,0,0
"IL","ISR","Israel",2020,0.23,0,100,0.901030024355631,0.478865241362287,0.835370889649727,0.5,0,1,-0.01,0,0,0,0.52912,0.5,3.94336,1.6997794883461,0,0,0.28,0.33,17,27256.8377392103,0.640062873874186,0.5,0.325745115456442,0,0,1,0,0,0,1,1,0,0.3,0.23,0.23,58,0.333333333333333,0,0
"IS","ISL","Iceland",2020,0.2,0,10,0.86,0.602353618717047,0.812269350072009,0.5,0,0,0.24,0,1,0,1.453122,0.4624,1.242477,1.27301407930591,0,3.399893,0.22,0.22,24,14635.034688069,0.540012456103227,0,0.0103763798182646,0,1,0,1,0,0,1,1,0,0.2,0.12,0.2,45,0.666666666666667,1,0
"IT","ITA","Italy",2020,0.2781,0,80,0.869865253929667,0.576669379707147,0.965116279069767,1,1,1,0.07,1,1,0,1.717626,0.52765573,2.584444,1.25471394447653,0,0,0.26,0.26,22,96898.2136441629,0.383801950625067,0,0.661678790377168,0.5,1,1,0,1,1,0.95,0.95,1,0.26,0.26,0.225,100,0.666666666666667,1,0
"JP","JPN","Japan",2020,0.2974,0.5,5,0.859028659709284,0.278958448750364,0.787075165170195,0.5,0,0,0.0875,0,1,1,0.06797,0.56165275,8.324279,1.06528665494636,1,0,0.204,0.2032,10,98547.4616598144,0.717171253471664,0.5,0.00719268339943101,0,1,1,1,1,0,0.95,0,0,0.2,0.2,0.2,71,0.333333333333333,1,0
"KR","KOR","Korea",2020,0.275,0.5,9,0.921720532319392,0.547953910556565,0.737888702767901,1,0,1,0.13,0,4,0,0,0.48608539,11.736734,1.33802652558713,1,0,0,0.4028,10,34875.0428435542,0.635991063566597,0,0.00031906684686688,0,1,1,0,1,1,0,0,1,0.22,0.22,0.22,93,0.5,1,0
"LT","LTU","Lithuania",2020,0.15,0,70,0.905263157894737,0.826923076923077,0.966194331983806,1,0,1,0.28,0,2,0,0,0.3898,6.190679,1.1609625080923,0,0,0.2,0.15,21,98948.7247708238,0.536256225761865,0.5,0.245539808990856,0,1,0,0,0,0,1,1,1,0.15,0.1,0.1,55,0.333333333333333,1,0
"LU","LUX","Luxembourg",2020,0.2494,0,17,0.873417350634541,0.479318672008477,0.869865253929667,1,0,1,-0.01,0,1,1,0.047902,0.4718,3.340764,1.39828136325109,1,0,0,0.21,17,35513.171243328,0.804326848632984,0.5,0.0537218383165441,0,1,1,1,0,0,1,1,0,0.15,0,0,83,0.333333333333333,1,0
"LV","LVA","Latvia",2020,0.2,100,100,1,1,1,1,1,0,0,0,0,0,0,0.318,4.598755,1.13329516276404,0,0,0.2,0,21,80850.7111830682,0.615212479866268,0.5,0.498710716674982,0,0,1,0,0,0,1,1,1,0,0,0,62,0.333333333333333,1,0
"MX","MEX","Mexico",2020,0.3,0,10,0.795219524916135,0.630382676079967,0.795219524916135,0.5,0,0,0.055,0,0,0,0.237596,0.35,25.31648,1.17971699677425,0,2.105694,0.1,0.17142857,16,0,0.318592173687576,0.5,0.00479937995252306,0,0,1,0,0,0,0,0,1,0.1,0.35,0.35,60,0.666666666666667,1,0
"NL","NLD","Netherlands",2020,0.25,1,6,0.813463195231154,0.338474732816403,0.869865253929667,1,0,1,0.225,0,1,0,0,0.514818,1.330203,1.44839945158077,0,0,0.3,0.2625,21,25479.7518781762,0.51201668541853,0.5,0.602451890993776,0,1,1,1,0,0,1,1,0,0.15,0,0,97,0.333333333333333,1,0
"NO","NOR","Norway",2020,0.22,2,100,0.781818181818182,0.373913043478261,0.737888702767901,0,0,0,0.22,0,0,0,0,0.464,1.589437,1.24408618123641,0,0,0.3168,0.3168,25,5034.84971930209,0.539152573459311,0.5,0.0238912659060826,1,0,1,0,0,0,0.97,1,1,0.25,0,0,87,0.5,1,0
"NZ","NZL","New Zealand",2020,0.28,1,100,0.731914893617021,0.307142857142857,0.547953910556565,0.5,0,0,0.18,0,0,0,1.014105,0.33,1.07703,1.40489663896193,0,0,0,0.06944444,15,41283.7029830228,0.97024135250744,0.5,0.833600336532989,0,0,0,0,0,0,1,1,0,0.3,0.15,0.15,40,0.333333333333333,0.5,0
"PL","POL","Poland",2020,0.19,0,2.5,0.737888702767901,0.338474732816403,0.869865253929667,1,1,1,0.195,1,1,0,0,0.39843792,1.537408,1.03652386487163,0,0,0.19,0.19,23,114294.661924962,0.509035811164569,0.5,0.238581434351672,0,1,1,1,1,1,1,0,1,0.19,0.2,0.2,86,0.5,1,0
"PT","PRT","Portugal",2020,0.315,0,9.6,0.888411247396436,0.547953910556565,0.547953910556565,0.5,1,1,0.35,0,4,0,0.167402,0.5817,14.13854,1.28058481607771,0,0,0.28,0.28,23,17640.0754289625,0.528202373349086,0.5,0.476897717061583,0,1,1,1,0,0,1,1,1,0.25,0.25,0.25,78,0.5,1,0
"SE","SWE","Sweden",2020,0.214,0,100,0.86,0.479318672008477,0.86,0,0,0,0.05,0,0,0,0,0.5228,1.127048,1.22157744214188,0,0.010647,0.3,0.3,25,3430.19361613526,0.583776927975261,0.5,0.0378128137383774,0,0,1,1,0,0,1,1,0,0.3,0,0,81,0.666666666666667,1,0
"SI","SVN","Slovenia",2020,0.19,0,63,0.869865253929667,0.391406012913837,0.737888702767901,0.5,0,0,0.19,0,1,0,0.005442,0.6105,4.603398,1.15014744995322,0,0,0,0.275,22,88413.5774962689,0.611245075079714,0,0.294681074926866,0,1,1,1,0,0,0.95,0.475,1,0.15,0.15,0.15,0,0.333333333333333,0.5,0
"SK","SVK","Slovak Republic",2020,0.21,0,2.5,0.873879108036537,0.547953910556565,0.869865253929667,0.5,0,1,0.365,0,1,0,0.2317,0.3505,3.198286,1.1076062798088,0,0,0,0.07,20,98557.7589244358,0.517154919549045,0.5,0.261652466496332,0,0,0,1,0,0,1,1,1,0.35,0.19,0.19,70,0.833333333333333,1,0
"TR","TUR","Turkey",2020,0.22,0,5,0.864149148541634,0.431068736527055,0.69441435606903,0.5,1,1,0.055,1,0,0,0,0.408,8.771485,1.16679454771312,0,0,0,0.2,18,0,0.411597206024237,0.5,0.0206674383958878,0,1,1,0,1,1,1,1,0,0.15,0.1,0.2,86,0.666666666666667,0.5,0
"US","USA","United States",2020,0.25766571,5,100,1,0.34958311169213,0.632751338890881,1,0,1,0.0675,0,2,0,0,0.46,8.918471,1.2394444223132,0,0,0.2887,0.28872019,7.4,0,0.352080656869323,0.5,1.57988860708332,0,1,1,1,0,0,1,0,0,0.3,0.3,0.3,66,0.333333333333333,1,1
"AT","AUT","Austria",2021,0.25,0,75,0.884365027341364,0.855181259045101,0.737888702767901,1,0,0,0.17,1,2,0,0.209818,0.55,21.751674,1.10585957919665,0,0,0.275,0.275,20,46065.4814237656,0.609514138706305,0,0.103061590526418,0,0,1,1,0,0,1,1,0,0.275,0,0.2,89,0.666666666666667,1,0
"AU","AUS","Australia",2021,0.3,0,100,0.851484971473245,0.479318672008477,0.547953910556565,0.5,0,0,0.1375,0,2,0,0,0.47,1.937535,1.47514263255953,0,0,0.235,0.24285714,10,52090.1701681679,0.453161902363025,1,0.570971894437568,0,0,1,1,0,0,1,1,0,0.3,0.1,0.3,45,0.333333333333333,0.5,0
"BE","BEL","Belgium",2021,0.25,0,70,0.869865253929667,0.547953910556565,0.869865253929667,1,1,1,0.1525,0,1,0,0.01508,0.60172491,1.037233,1.28902965771201,0,0,0,0.3,21,33101.8411244033,0.461392877915208,0.5,0.649151176694303,0.5,1,1,1,0,1,1,1,0,0.3,0.3,0.3,95,0.333333333333333,1,0
"CA","CAN","Canada",2021,0.26168278,3,20,1,0.635714285714286,0.518965517241379,0.5,0,0,0.2125,0,1,0,0.436772,0.535296,2.770956,1.29576392483765,0,0,0.2675,0.39344076,12.4,25130.1953537619,0.489666261038885,0.5,1.1454013526783,0,0,1,1,1,0,1,0.5,1,0.25,0.25,0.25,96,0.333333333333333,0.5,0
"CH","CHE","Switzerland",2021,0.19698516,0,7,0.86,0.554838709677419,0.905263157894737,1,0,1,-0.01,0,0,0,1.798855,0.41694538,3.096507,1.34981383807259,0,0,0,0.22285,7.7,87121.2187213045,0.663091376784642,0.5,0.0721404850595523,1,1,1,1,1,1,1,1,0,0.35,0.35,0,94,0,0.5,0
"CL","CHL","Chile",2021,0.27,0,100,1,1,1,0.5,0,0,0.285,0,1,0,0.894064,0.39999999,19.187084,1.22998122626334,0,0,0.4,0.2390411,19,0,0.641851482076732,0.5,0.00062961343218402,0,1,0,1,0,0,0,0,1,0.1745,0.35,0.3,33,0.666666666666667,0.5,0
"CO","COL","Colombia",2021,0.31,0,12,0.737888702767901,0.305956530933891,0.869865253929667,0.5,0,0,0.44,0,2,0,0.283338,0.39000005,65.985844,0,0,1.844845,0.1,0.1,19,0,0.39123690070416,0.5,0.0001537905543428,1,1,1,0,0,1,0,0,0,0.1,0.2,0.2,10,0.666666666666667,0.5,0
"CR","CRI","Costa Rica",2021,0.3,0,3,0.822456690745778,0.278958448750364,0.737888702767901,0.5,0,0,-0.02,0,5,0,0.676215,0.32769231,5.940131,1.10664116481609,0,6.99075,0.15,0.15,13,0,0.433289071248038,0.5,0.00036702408324062,0,0,1,1,1,1,1,1,0,0.15,0.15,0.25,3,0,0,0
"CZ","CZE","Czech Republic",2021,0.19,2,5,0.972093023255814,0.543222830616488,0.841318847888109,0.5,0,0,0.18,0,0,0,0,0.275,3.810768,1.10273410805012,0,0,0,0.23,21,80365.3472980447,0.58358786794493,0.5,0.00386900974491611,0,1,0,0,0,0,1,1,1,0.15,0.15,0.15,93,0.333333333333333,1,0
"DE","DEU","Germany",2021,0.29941208,1,60,0.847117028387074,0.391406012913837,0.869865253929667,1,0,0,0.205,0,0,1,0,0.47475,5.450095,1.09453180118218,1,0,0.26375,0.26375,19,29842.5668948267,0.550207884774112,0.5,0.225182450632484,0,1,1,0,0,0,0.95,0.95,0,0.26375,0,0.15825,95,0.333333333333333,1,0
"DK","DNK","Denmark",2021,0.22,0,60,0.826923076923077,0.479318672008477,0.81340644290143,0,0,0,0.065,0,0,0,2.796739,0.558952,1.3107,1.24241400805062,0,0,0.42,0.42,25,7497.8840971078,0.601091280666546,0.5,0.107364457026897,0,1,1,0,0,0,1,1,1,0.27,0.22,0.22,75,0.666666666666667,1,0
"EE","EST","Estonia",2021,0.2,100,100,1,1,1,1,1,0,0,0,1,0,0,0.2,0.329784,1.17806622775585,0,0,0.2,0,20,73454.4720000735,0.711928700739656,1,0.130030886025761,0,0,0,0,0,0,1,1,1,0,0,0.1,61,0.333333333333333,1,0
"ES","ESP","Spain",2021,0.25,0,25,0.778563038959402,0.391406012913837,0.737888702767901,0.5,0,1,0.295,1,1,0,0,0.490386,11.066264,1.46966838786571,0,0,0.26,0.26,21,0,0.441087867327156,0.5,0.6280601990379,1,1,1,0,1,1,0.95,0.95,1,0.19,0.19,0.24,95,0.333333333333333,1,0
"FI","FIN","Finland",2021,0.2,0,10,0.934782608695652,0.518965517241379,0.737888702767901,0,0,0,0,0,0,0,0,0.59533255,1.828297,1.32699989928607,0,0,0.34,0.289,24,11801.3177351383,0.585007369165367,0.5,0.394335959813883,0,1,1,0,0,1,1,1,1,0.2,0,0.2,76,0.5,1,0
"FR","FRA","France",2021,0.284075,1,50,0.880275603755891,0.547953910556565,0.869865253929667,0.5,0,1,0.37,1,2,1,0.600402,0.55572,14.850376,1.3098530337217,0,0,0.34,0.34,20,117259.409794304,0.50756432252056,0.5,1.26662319530565,0.5,1,1,1,0,1,0.95,0.88,1,0.265,0,0.265,121,0.666666666666667,1,0
"GB","GBR","United Kingdom",2021,0.19,1,50,1.3,0.391406012913837,0.826923076923077,0,0,1,0.195,1,1,0,0,0.47,3.532088,1.40219154818711,0,0,0.2,0.381,20,124934.593065983,0.457281374806765,0.5,2.38367808051783,0,1,1,1,0,1,1,1,0,0,0.2,0.2,130,0.5,1,0
"GR","GRC","Greece",2021,0.22,0,5,0.737888702767901,0.479318672008477,0.737888702767901,0.5,0,1,0.255,0,0,0,0.307807,0.536248,2.322172,1.30283300630315,0,0,0,0.05,24,17950.098725543,0.427197581136346,0.5,1.21136647372054,0,1,1,1,1,1,1,1,1,0.05,0.15,0.2,57,0.333333333333333,1,0
"HU","HUN","Hungary",2021,0.09,0,2.5,0.816200383417959,0.278958448750364,0.737888702767901,0.5,0,1,0.18,0,1,0,0.016986,0.335,0,1,0,0.058333,0.15,0.15,27,85145.3662713831,0.586254236701,0.5,0.00092013659960752,0,1,1,1,0,0,1,1,0,0,0,0,82,0.333333333333333,1,0
"IE","IRL","Ireland",2021,0.125,1,100,0.787075165170195,0.479318672008477,0.646263719038607,0.5,0,1,0.245,0,1,0,0,0.52,1.378917,1.45610082421126,0,0,0.33,0.51,23,94185.9632775208,0.498355509497206,0.5,0.321195447618976,0,1,1,0,0,1,0,1,1,0.25,0.2,0.2,73,0.333333333333333,0,0
"IL","ISR","Israel",2021,0.23,0,100,0.901030024355631,0.478865241362287,0.835370889649727,0.5,0,1,-0.01,0,0,0,0.537055,0.5,3.806604,1.67767975452896,0,0,0.28,0.33,17,27256.8377392103,0.629625590428315,0.5,0.32977264352351,0,0,1,0,0,0,1,1,0,0.3,0.23,0.23,58,0.333333333333333,0,0
"IS","ISL","Iceland",2021,0.2,0,10,0.86,0.602353618717047,0.812269350072009,0.5,0,0,0.36,0,1,0,1.419888,0.4625,1.240187,1.28122177549046,0,3.180225,0.22,0.22,24,14635.034688069,0.499702399650227,0,0.00987798589897187,0,1,0,1,0,0,1,1,0,0.2,0.12,0.2,45,0.666666666666667,1,0
"IT","ITA","Italy",2021,0.2781,0,80,0.869865253929667,0.576669379707147,0.965116279069767,1,1,1,0.11,1,1,0,1.812627,0.52765573,2.514594,1.27040520224821,0,0,0.26,0.26,22,96898.2136441629,0.388696416402746,0,0.64714251157005,0.5,1,1,0,1,1,0.95,0.95,1,0.26,0.26,0.225,100,0.5,1,0
"JP","JPN","Japan",2021,0.2974,NA,5,0.859028659709284,0.278958448750364,0.787075165170195,0.5,0,0,0.0875,0,1,1,0.06945,0.56077165,8.575664,1.067265449367,1,0,0.2032,0.2032,10,98547.4616598144,0.734294146024682,0.5,0.00740943474421176,0,1,1,1,1,0,0.95,0,0,0.2042,0.2042,0.2042,72,0.333333333333333,1,0
"KR","KOR","Korea",2021,0.275,0.5,9,0.921720532319392,0.547953910556565,0.813463195231154,1,0,1,0.135,0,4,0,0,0.51835686,21.796074,1.32508355373349,1,0,0,0.4395,10,34875.0428435542,0.648027637739191,0,0.00033519188787426,0,1,1,0,1,1,0,0,1,0.22,0.22,0.22,94,0.5,1,0
"LT","LTU","Lithuania",2021,0.15,0,70,0.905263157894737,0.826923076923077,0.966194331983806,1,0,1,0.28,0,2,0,0,0.3898,4.372888,1.20163109244151,0,0,0.2,0.15,21,98948.7247708238,0.553828808341399,0.5,0.236679527509558,0,1,0,0,0,0,1,1,1,0.15,0.1,0.1,55,0.333333333333333,1,0
"LU","LUX","Luxembourg",2021,0.2494,0,17,0.873417350634541,0.479318672008477,0.869865253929667,1,0,1,-0.01,0,1,1,0.046558,0.4718,3.291102,1.38253316064479,1,0,0,0.21,17,35513.171243328,0.819575991218033,0.5,0.0500217680035998,0,1,1,1,0,0,1,1,0,0.15,0,0,83,0.333333333333333,1,0
"LV","LVA","Latvia",2021,0.2,100,100,1,1,1,1,1,0,0,0,0,0,0,0.314,4.111032,1.16330678527317,0,0,0.2,0,21,80850.7111830682,0.629071935010302,0.5,0.473726936344496,0,0,1,0,0,0,1,1,1,0,0,0,64,0.333333333333333,1,0
"MX","MEX","Mexico",2021,0.3,0,10,0.795219524916135,0.630382676079967,0.795219524916135,0.5,0,0,0.055,0,0,0,0.242813,0.35,25.40676,1.12203922147444,0,2.197524,0.1,0.17142857,16,0,0.311616305241046,0.5,0.00495782549555611,0,0,1,0,0,0,0,0,0,0.1,0.35,0.35,60,0.666666666666667,1,0
"NL","NLD","Netherlands",2021,0.25,1,6,0.813463195231154,0.338474732816403,0.869865253929667,1,0,1,0.225,0,1,0,0,0.518592,1.284229,1.44991053486428,0,0,0.31,0.269,21,25479.7518781762,0.54430679815448,0.5,0.568885457820662,0,1,1,1,0,0,1,1,0,0.15,0,0,93,0.333333333333333,1,0
"NO","NOR","Norway",2021,0.22,0,100,0.781818181818182,0.373913043478261,0.737888702767901,0,0,0,0.22,0,0,0,0,0.464,1.550312,1.23960357550964,0,0,0.3168,0.3168,25,5034.84971930209,0.536133802930661,0.5,0.0223613666953177,1,0,1,0,0,0,0.97,1,1,0.25,0,0,87,0.5,1,0
"NZ","NZL","New Zealand",2021,0.28,1,100,0.731914893617021,0.307142857142857,0.547953910556565,0.5,0,0,0.18,0,0,0,0.920551,0.39,2.72906,1.38912062469496,0,0,0,0.15277778,15,41283.7029830228,0.937199952921646,0.5,0.800761230799702,0,0,0,0,0,0,1,1,0,0.3,0.15,0.15,40,0.333333333333333,0.5,0
"PL","POL","Poland",2021,0.19,0,2.5,0.737888702767901,0.338474732816403,0.869865253929667,1,1,1,0.195,1,1,0,0,0.39843792,1.52857,1.14424782284841,0,0,0.19,0.19,23,114294.661924962,0.50497453156499,0.5,0.223405850370492,0,1,1,1,1,1,1,0,1,0.19,0.2,0.2,87,0.5,1,0
"PT","PRT","Portugal",2021,0.315,0,9.6,0.888411247396436,0.547953910556565,0.547953910556565,0.5,1,1,0.35,1,4,0,0.115935,0.5817,15.101345,1.2772858322999,0,0,0.28,0.28,23,17640.0754289625,0.533781459202305,0.5,0.474745528478948,0,1,1,1,0,0,1,1,1,0.25,0.25,0.25,78,0.5,1,0
"SE","SWE","Sweden",2021,0.206,0,100,0.86,0.479318672008477,0.86,0,0,0,0.105,0,0,0,0,0.5227,1.127806,1.196829678758,0,0.013189,0.3,0.3,25,3430.19361613526,0.585517764779869,0.5,0.035827737318765,0,0,1,1,0,0,1,1,0,0.3,0,0,85,0.666666666666667,1,0
"SI","SVN","Slovenia",2021,0.19,0,63,0.869865253929667,0.391406012913837,0.737888702767901,0.5,0,0,0.19,0,0,0,0.00564,0.6105,4.350842,1.11538443764543,0,0,0,0.275,22,88413.5774962689,0.600945242655943,0,0.295693686369888,0,1,1,1,0,0,0.95,0.475,1,0.15,0.15,0.15,0,0.333333333333333,0.5,0
"SK","SVK","Slovak Republic",2021,0.21,0,2.5,0.873879108036537,0.547953910556565,0.869865253929667,0.5,0,1,0.49,0,1,0,0.25978,0.3505,3.050888,1.12007683657114,0,0,0,0.07,20,98557.7589244358,0.525396894114821,0.5,0.251483445188094,0,0,0,0,0,0,1,1,1,0.35,0.19,0.19,70,0.833333333333333,1,0
"TR","TUR","Turkey",2021,0.25,0,5,0.864149148541634,0.431068736527055,0.69441435606903,0.5,1,1,0.055,1,0,0,0,0.408,8.026402,1.16793244798406,0,0,0,0.2,18,0,0.351403845909689,0.5,0.0192053574231604,0,1,1,0,1,1,1,1,0,0.15,0.1,0.2,86,0.666666666666667,0.5,0
"US","USA","United States",2021,0.25754568,0,80,1,0.34958311169213,0.632751338890881,1,0,1,0.0675,0,2,0,0,0.46,8.623598,1.41627200271428,0,0,0.2891,0.28905211,7.4,0,0.356332039882028,0.5,1.6503031126155,0,1,1,1,0,0,1,0,0,0.3,0.3,0.3,66,0.333333333333333,1,1
"AT","AUT","Austria",2022,0.25,0,75,0.884365027341364,0.855181259045101,0.737888702767901,1,0,0,0.17,1,2,0,0.215404,0.55,20.658344,1.13244605591726,0,0,0.275,0.275,20,45454.5454545455,0.584699474218021,0,0.110069292932103,0,0,1,1,0,0,1,1,0,0.275,0,0.2,89,0.666666666666667,1,0
"AU","AUS","Australia",2022,0.3,0,100,0.851484971473245,0.479318672008477,0.547953910556565,0.5,0,0,0.1475,0,2,0,0,0.47,1.880192,1.49653278376305,0,0,0.235,0.24285714,10,52083.3333333333,0.502100620150472,1,0.579368665037086,0,0,1,1,0,0,1,1,0,0.3,0.1,0.3,45,0.333333333333333,0.5,0
"BE","BEL","Belgium",2022,0.25,0,70,0.869865253929667,0.547953910556565,0.869865253929667,1,1,1,0.155,0,1,0,0.014447,0.60172143,0.990934,1.28392792796331,0,0,0,0.3,21,33783.7837837838,0.437411056713932,0.5,0.658231530438273,0.5,1,1,1,0,1,1,1,0,0.3,0.3,0.3,95,0.333333333333333,1,0
"CA","CAN","Canada",2022,0.25949263,3,20,1,0.635714285714286,0.518965517241379,0.5,0,0,0.2125,0,1,0,0.336812,0.535296,2.699502,1.22456768011817,0,0,0.2675,0.39344076,12.4,24000,0.486634359120269,0.5,1.14102239879156,0,0,1,1,1,0,1,0.5,1,0.25,0.25,0.25,96,0.333333333333333,0.5,0
"CH","CHE","Switzerland",2022,0.19653352,0,7,0.86,0.554838709677419,0.905263157894737,1,0,1,-0.01,0,0,0,0.926373,0.4164902,3.137307,1.36307628799201,0,0,0,0.22285,7.7,90909.0909090909,0.67313727566739,0.5,0.0797071625105622,1,1,1,1,1,1,1,1,0,0.35,0.35,0,106,0,0.5,0
"CL","CHL","Chile",2022,0.27,0,100,1,1,1,0.5,0,0,0.275,0,1,0,0.430023,0.40000001,19.719908,2.74307841922431,0,0,0.4,0.2390411,19,0,0.62744698417104,0.5,0.00063865696368908,0,1,0,1,0,0,0,0,1,0.1745,0.35,0.3,33,0.5,0.5,0
"CO","COL","Colombia",2022,0.35,0,12,0.737888702767901,0.305956530933891,0.869865253929667,0.5,0,0,0.435,0,2,0,0.422141,0.38999999,56.138153,0,0,1.841764,0.1,0.1,19,0,0.344536553656186,0.5,0.00014346274665482,1,1,1,0,1,1,0,0,0,0.1,0.2,0.2,12,0.666666666666667,0.5,0
"CR","CRI","Costa Rica",2022,0.3,0,3,0.822456690745778,0.278958448750364,0.737888702767901,0.5,0,0,-0.02,0,5,0,1.103194,0.32769231,5.995148,1.06052544168391,0,7.079686,0.15,0.15,13,0,0.452005904266628,0.5,0.0003790928271067,0,0,1,1,0,1,1,1,0,0.15,0.15,0.25,3,0,1,0
"CZ","CZE","Czech Republic",2022,0.19,2,5,0.972093023255814,0.543222830616488,0.841318847888109,0.5,0,0,0.18,0,0,0,0,0.275,3.89416,1.12040161905191,0,0,0,0.23,21,77519.3798449612,0.56328349897386,0.5,0.00402038682267476,0,1,0,0,0,0,1,1,1,0.15,0.15,0.15,94,0.333333333333333,1,0
"DE","DEU","Germany",2022,0.29927068,2,60,0.847117028387074,0.391406012913837,0.869865253929667,1,0,0,0.205,0,0,1,0,0.47475,5.075538,1.11104187300377,1,0,0.26375,0.26375,19,29542.9305781417,0.508638757593866,0.5,0.236016133802155,0,1,1,0,0,0,0.95,0.95,0,0.26375,0,0.15825,95,0.333333333333333,1,0
"DK","DNK","Denmark",2022,0.22,0,60,0.826923076923077,0.479318672008477,0.81340644290143,0,0,0,0.065,0,0,0,2.12605,0.559044,1.279386,1.23963021519599,0,0,0.42,0.42,25,7587.25341426404,0.632909557927738,0.5,0.112331847575162,0,1,1,0,0,0,1,1,1,0.27,0.22,0.22,76,0.666666666666667,1,0
"EE","EST","Estonia",2022,0.2,100,100,1,1,1,1,1,0,0,0,1,0,0,0.2,0.301495,1.16387741726361,0,0,0.2,0,20,72727.2727272727,0.698508212693634,1,0.126445075449446,0,0,0,0,0,0,1,1,1,0,0,0.1,62,0.333333333333333,1,0
"ES","ESP","Spain",2022,0.25,0,25,0.778563038959402,0.391406012913837,0.737888702767901,0.5,0,1,0.295,1,2,0,0,0.48573128,10.603051,1.22871613303642,0,0,0.26,0.26,21,0,0.416222285517333,0.5,0.640610834147312,1,1,1,0,1,1,0.95,0.95,1,0.19,0.19,0.24,95,0.333333333333333,1,0
"FI","FIN","Finland",2022,0.2,0,10,0.934782608695652,0.518965517241379,0.737888702767901,0,0,0,0,0,0,0,0,0.59413343,1.825101,1.31221048880463,0,0,0.34,0.289,24,18072.2891566265,0.593500381911629,0.5,0.42096054568091,0,1,1,0,0,1,1,1,1,0.2,0,0.2,76,0.666666666666667,1,0
"FR","FRA","France",2022,0.25825,1,50,0.880275603755891,0.547953910556565,0.869865253929667,0.5,0,1,0.3525,1,1,1,0.668977,0.55572,14.059618,1.29022182503167,0,0,0.34,0.34,20,117534.246575342,0.48295993178669,0.5,1.24963486420433,0.5,1,1,1,0,1,0.95,0.88,1,0.25,0,0.25,122,0.666666666666667,1,0
"GB","GBR","United Kingdom",2022,0.19,1,50,1.3,0.391406012913837,0.826923076923077,0,0,1,0.195,1,2,0,0,0.4774,3.327648,1.37211052373854,0,0,0.2,0.3935,20,123188.405797101,0.442683538634102,0.5,2.15832361931301,0,1,1,1,0,1,1,1,0,0,0.2,0.2,130,0.5,1,0
"GR","GRC","Greece",2022,0.22,0,5,0.737888702767901,0.479318672008477,0.737888702767901,0.5,0,1,0.23,0,0,0,0.396921,0.5354605,2.096258,1.2723025612601,0,0,0,0.05,24,18330.2599597467,0.37317337996829,0.5,1.21297372514689,0,1,1,1,1,1,1,1,1,0.05,0.15,0.2,57,0.333333333333333,1,0
"HU","HUN","Hungary",2022,0.09,0,2.5,0.816200383417959,0.278958448750364,0.737888702767901,0.5,0,1,0.1775,0,1,0,0,0.335,0,1,0,0.060044,0.15,0.15,27,77419.3548387097,0.584668059791164,0.5,0.00084697500980202,0,1,1,1,0,1,1,1,0,0,0,0,83,0.333333333333333,1,0
"IE","IRL","Ireland",2022,0.125,1,100,0.787075165170195,0.479318672008477,0.646263719038607,0,0,1,0.245,0,1,0,0,0.52,1.346655,1.43861694123126,0,0,0.33,0.51,23,94936.7088607595,0.426298604584761,0.5,0.18481772406509,0,1,1,0,0,1,0,1,1,0.25,0.2,0.2,73,0.333333333333333,1,0
"IL","ISR","Israel",2022,0.23,0,100,0.901030024355631,0.478865241362287,0.835370889649727,0.5,0,1,-0.01,0,0,0,0.618229,0.5,3.61573,1.68105079408005,0,0,0.28,0.33,17,26918.9473684211,0.644596338384897,0.5,0.304270369475422,0,0,1,0,0,0,1,1,0,0.3,0.23,0.23,60,0.333333333333333,0,0
"IS","ISL","Iceland",2022,0.2,0,10,0.86,0.602353618717047,0.812269350072009,0.5,0,0,0.36,0,1,0,1.085103,0.4625,1.245338,1.31588221792953,0,2.961299,0.22,0.22,24,13245.0331125828,0.4564749763025,0,0.00918318885230563,0,1,1,1,0,0,1,1,0,0.2,0.12,0.2,45,0.666666666666667,1,0
"IT","ITA","Italy",2022,0.2781,0,80,0.869865253929667,0.576669379707147,0.965116279069767,1,1,0,0.2,1,1,0,1.674419,0.52765573,1.660396,1.28479468303258,0,0,0.26,0.26,22,1e+05,0.373613092154151,0,0.663041649867962,0.5,1,1,0,1,1,0.95,0.95,1,0.26,0.26,0.225,101,0.5,1,0
"JP","JPN","Japan",2022,0.2974,0.5,5,0.859028659709284,0.278958448750364,0.787075165170195,0.5,0,0,0.0875,0,1,1,0.071364,0.56077165,8.445833,1.06230253633945,1,0,0.2032,0.2032,10,1e+05,0.694320190846512,0.5,0.00763660430085095,0,1,1,1,1,0,0.95,0,0,0.2042,0.2042,0.2042,76,0.333333333333333,1,0
"KR","KOR","Korea",2022,0.275,0.5,12,0.921720532319392,0.547953910556565,0.813463195231154,1,0,1,0.135,0,4,0,0,0.51910776,20.665668,1.3089816485833,1,0,0,0.4395,10,56670.6021251476,0.650459690816829,0,0.0003644933978677,0,1,1,0,1,1,0.95,0.95,1,0.22,0.22,0.22,94,0.5,1,0
"LT","LTU","Lithuania",2022,0.15,0,70,0.905263157894737,0.826923076923077,0.966194331983806,1,0,1,0.28,0,2,0,0,0.3898,4.257783,1.1806805430532,0,0,0.2,0.15,21,97826.0869565217,0.571627700233064,0.5,0.234398694199908,0,1,0,0,0,0,1,1,1,0.15,0.1,0.1,55,0.333333333333333,1,0
"LU","LUX","Luxembourg",2022,0.2494,0,17,0.873417350634541,0.479318672008477,0.869865253929667,1,0,1,-0.01,0,1,1,0.035249,0.4718,3.149519,1.37908421339685,1,0,0,0.21,17,41176.4705882353,0.845786254364867,0.5,0.051510993582725,0,1,1,1,0,0,1,1,0,0.15,0,0,84,0.333333333333333,1,0
"LV","LVA","Latvia",2022,0.2,100,100,1,1,1,1,1,0,0,0,0,0,0,0.314,4.733394,1.12407661177561,0,0,0.2,0,21,78431.3725490196,0.618920537736935,0.5,0.468934491439314,0,0,1,0,0,0,1,1,1,0,0,0,64,0.333333333333333,1,0
"MX","MEX","Mexico",2022,0.3,0,10,0.795219524916135,0.630382676079967,0.795219524916135,0.5,0,0,0.055,0,0,0,0.263394,0.35,22.723394,1.15197491689889,0,2.391432,0.1,0.17142857,16,0,0.34509856577183,0.5,0.00473748671069341,0,0,1,0,0,0,0,0,0,0.1,0.35,0.35,60,0.666666666666667,1,0
"NL","NLD","Netherlands",2022,0.258,0.5,50,0.813463195231154,0.338474732816403,0.869865253929667,1,0,1,0.265,0,1,0,0,0.5220448,1.234923,1.48512246863272,0,0,0.31,0.269,21,25974.025974026,0.56221890127491,0.5,0.61836506117688,0,1,1,1,0,0,1,1,0,0.15,0,0,93,0.333333333333333,1,0
"NO","NOR","Norway",2022,0.22,0,100,0.781818181818182,0.373913043478261,0.737888702767901,0,0,0,0.22,0,0,0,0,0.474,2.901491,1.30435692910661,0,0,0.3168,0.352,25,5170.63081695967,0.549723175745141,0.5,0.0205606867794391,1,0,1,0,0,0,0.97,1,1,0.25,0,0,87,0.5,1,0
"NZ","NZL","New Zealand",2022,0.28,1,100,0.731914893617021,0.307142857142857,0.547953910556565,0.5,0,0,0.18,0,0,0,0.869545,0.39,2.550012,1.60278909301165,0,0,0,0.15277778,15,40268.4563758389,1.0792344103725,0.5,0.791450193461333,0,0,0,0,0,0,1,1,0,0.3,0.15,0.15,40,0.333333333333333,0.5,0
"PL","POL","Poland",2022,0.19,0,2.5,0.737888702767901,0.338474732816403,0.869865253929667,1,1,1,0.195,1,1,0,0,0.4543866,1.873822,1.14329936443973,0,0,0.19,0.19,23,108695.652173913,0.505571099137027,0.5,0.223660998086848,0,1,1,1,1,1,1,0,1,0.19,0.2,0.2,87,0.5,1,0
"PT","PRT","Portugal",2022,0.315,0,9.6,0.888411247396436,0.547953910556565,0.547953910556565,0.5,1,1,0.35,1,4,0,0.185842,0.5817,14.230982,1.25969945461589,0,0,0.28,0.28,23,21769.1908478839,0.494128651998457,0.5,0.47249113748393,0,1,1,1,0,0,1,1,1,0.25,0.25,0.25,77,0.5,1,0
"SE","SWE","Sweden",2022,0.206,0,100,0.86,0.479318672008477,0.86,0,0,0,0.105,0,0,0,0,0.5224,1.123706,1.21848487524366,0,0.027288,0.3,0.3,25,3444.3168771527,0.590822859654617,0.5,0.0367224260387277,0,0,1,1,0,0,1,1,0,0.3,0,0,83,0.666666666666667,1,0
"SI","SVN","Slovenia",2022,0.19,0,63,0.869865253929667,0.391406012913837,0.737888702767901,0.5,0,0,0.19,0,0,0,0.005166,0.57155,4.272849,1.14375392248994,0,0,0,0.25,22,87962.19736606,0.544364624114462,0,0.308087131776663,0,1,1,0,0,0,0.95,0.475,1,0.15,0.15,0.15,0,0.333333333333333,0.5,0
"SK","SVK","Slovak Republic",2022,0.21,0,2.5,0.873879108036537,0.547953910556565,0.869865253929667,0.5,0,1,0.49,0,1,0,0.249235,0.3505,2.835669,1.13885697571633,0,0,0,0.07,20,92203.7037037037,0.505799586450057,0.5,0.298325383186021,0,0,0,1,0,0,1,1,1,0.35,0.19,0.19,71,0.5,1,0
"TR","TUR","Turkey",2022,0.23,0,5,0.864149148541634,0.431068736527055,0.69441435606903,0.5,1,1,0.055,1,0,0,0,0.408,6.35787,1.16069699543666,0,0,0,0.2,18,0,0.387961863470035,0.5,0.0172140222667347,0,1,1,0,1,1,1,1,0,0.15,0.1,0.2,88,0.666666666666667,0.5,0
"US","USA","United States",2022,0.25808085,0,80,1,0.34958311169213,0.632751338890881,1,0,1,0.0675,0,2,0,0,0.46,8.525744,1.31402111278186,0,0,0.2891,0.28940924,7.4,0,0.35423469760741,0.5,1.67743163090996,0,1,1,1,0,0,1,0,0,0.3,0.3,0.3,66,0.333333333333333,1,1
"AT","AUT","Austria",2023,0.24,0,75,0.884365027341364,0.855181259045101,0.737888702767901,1,0,0,0.17,1,2,0,0.32292,0.55,19.290971,1.14377370796562,0,0,0.275,0.275,20,47945.2054794521,0.593050184410074,0,0.117172686369554,0,0,1,1,0,0,1,1,0,0.275,0,0.2,89,0.666666666666667,1,0
"AU","AUS","Australia",2023,0.3,0,100,0.851484971473245,0.479318672008477,0.547953910556565,0.5,0,1,0.1525,0,2,0,0,0.47,1.807861,1.49320054008415,0,0,0.235,0.24285714,10,52816.9014084507,0.47665726157202,1,0.663331108194848,0,0,1,1,0,0,1,1,0,0.3,0.1,0.3,46,0.333333333333333,1,0
"BE","BEL","Belgium",2023,0.25,0,40,0.869865253929667,0.547953910556565,0.869865253929667,1,1,1,0.155,0,1,0,0.014959,0.60172143,1.014585,1.29370352891858,0,0,0,0.3,21,33783.7837837838,0.482153100855243,0.5,0.702147881711338,0.5,1,1,1,0,1,1,1,0,0.3,0.3,0.3,95,0.833333333333333,1,0
"CA","CAN","Canada",2023,0.26015751,3,20,1,0.635714285714286,0.518965517241379,0.5,0,0,0.2125,0,1,0,0.413397,0.535296,2.70373,1.21421446654922,0,0,0.2676,0.39344076,12.4,24390.243902439,0.530473288861722,0.5,1.23989022323206,0,0,1,1,1,0,1,0.5,1,0.25,0.25,0.25,96,0.333333333333333,0.5,0
"CH","CHE","Switzerland",2023,0.19653352,0,7,0.86,0.554838709677419,0.905263157894737,1,0,1,-0.01,0,0,0,1.843327,0.4154,3.083848,1.3435952227803,0,0,0,0.2222,7.7,95238.0952380952,0.697054631584941,0.5,0.0862833075118036,1,1,1,1,1,1,1,1,0,0.35,0.35,0,108,0,0.5,0
"CL","CHL","Chile",2023,0.27,0,100,0.705977756078566,0.42321653857669,0,0.5,0,0,0.275,0,0,0,2.310024,0.39999998,19.529906,1.09000585097161,0,0,0.4,0.2390411,19,0,0.744636959890676,0.5,0.00072916441035017,0,1,0,1,0,0,0,0,1,0.1745,0.35,0.3,36,0.5,0.5,0
"CO","COL","Colombia",2023,0.35,0,12,0.737888702767901,0.305956530933891,0.869865253929667,0.5,0,0,0.4575,0,3,0,0.247782,0.38999999,51.021979,0,0,1.81732,0.15,0.2,19,0,0.372064556319859,0.5,0.00014731248291055,1,1,1,0,1,1,0,0,0,0.2,0.2,0.2,13,0.666666666666667,0.5,0
"CR","CRI","Costa Rica",2023,0.3,0,3,0.822456690745778,0.278958448750364,0.737888702767901,0.5,0,0,-0.02,0,5,0,1.166702,0.32926154,6.482258,1.06112271152736,0,7.976239,0.15,0.15,13,0,0.520307069596301,0.5,0.00041783860846094,0,0,1,1,0,1,1,1,0,0.15,0.15,0.25,4,0,1,0
"CZ","CZE","Czech Republic",2023,0.19,2,5,0.972093023255814,0.543222830616488,0.841318847888109,0.5,0,0,0.18,0,0,0,0,0.275,3.733828,1.12460601675097,0,0,0,0.23,21,155038.759689922,0.575525430939209,0.5,0.00432171983240882,0,1,0,0,0,0,1,1,1,0.15,0.15,0.15,97,0.333333333333333,1,0
"DE","DEU","Germany",2023,0.30058462,2,60,0.737888702767901,0.391406012913837,0.869865253929667,1,0,0,0.205,0,0,1,0,0.47475,4.867634,1.12745365431779,1,0,0.26375,0.26375,19,30136.9863013699,0.57202770603797,0.5,0.250505577232732,0,1,1,0,0,0,0.95,0.95,0,0.26375,0,0.15825,95,0.333333333333333,1,0
"DK","DNK","Denmark",2023,0.22,0,60,0.826923076923077,0.391406012913837,0.81340644290143,0,0,0,0.065,0,0,0,2.533929,0.559044,1.26301,1.29130812446551,0,0,0.42,0.42,25,7812.5,0.629725526165445,0.5,0.117368224926773,0,1,1,0,0,0,1,1,1,0.27,0.22,0.22,76,0.666666666666667,1,0
"EE","EST","Estonia",2023,0.2,100,100,1,1,1,1,1,0,0,0,1,0,0,0.2,0.353528,1.14775856386714,0,0,0.2,0,20,68965.5172413793,0.747993463025955,1,0.125221595742781,0,0,0,0,0,0,1,1,1,0,0,0.1,62,0.333333333333333,1,0
"ES","ESP","Spain",2023,0.25,0,25,0.778563038959402,0.391406012913837,0.737888702767901,0.5,0,1,0.295,1,2,0,0,0.485718,10.098512,1.22675546111485,0,0,0.28,0.28,21,0,0.457578336198572,0.5,0.705459565213903,1,1,1,0,1,1,0.95,0.95,1,0.19,0.19,0.24,95,0.333333333333333,1,0
"FI","FIN","Finland",2023,0.2,0,10,0.934782608695652,0.518965517241379,0.737888702767901,0,0,0,0.005,0,0,0,0,0.57996802,1.817355,1.32317455109398,0,0,0.34,0.289,24,18518.5185185185,0.600494245699063,0.5,0.437728993098655,0,1,1,0,0,1,1,1,1,0.2,0,0.2,77,0.5,1,0
"FR","FRA","France",2023,0.25825,1,50,0.880275603755891,0.547953910556565,0.869865253929667,0.5,0,1,0.3425,1,1,1,0.639232,0.55572,13.572959,1.28331240600088,0,0,0.34,0.34,20,131285.714285714,0.52288483778388,0.5,1.21116644067327,0.5,1,1,1,0,1,0.95,0.88,1,0.25,0,0.25,122,0.666666666666667,1,0
"GB","GBR","United Kingdom",2023,0.25,1,50,1,0.391406012913837,0.826923076923077,0,0,1,0.195,1,2,0,0,0.47,2.550807,1.36512968001758,0,0,0.2,0.3935,20,125000,0.458417408850543,0.5,2.430005789654,0,1,1,1,0,1,1,1,0,0,0.2,0.2,130,0.5,1,0
"GR","GRC","Greece",2023,0.22,0,5,0.737888702767901,0.479318672008477,0.737888702767901,0.5,0,0,0.23,0,0,0,0.380876,0.534898,1.930357,1.29777272123133,0,0,0,0.05,24,18867.9245283019,0.418395717327049,0.5,1.34274198745189,0,1,1,1,1,1,1,1,1,0.05,0.15,0.2,57,0.333333333333333,1,0
"HU","HUN","Hungary",2023,0.09,0,2.5,0.816200383417959,0.278958448750364,0.737888702767901,0.5,0,1,0.1525,0,1,0,0,0.335,0,1,0,0.053912,0.15,0.15,27,73170.7317073171,0.610704406787805,0.5,0.00085394052240201,0,1,1,1,0,1,1,1,0,0,0,0,84,0.333333333333333,1,0
"IE","IRL","Ireland",2023,0.125,1,100,0.787075165170195,0.479318672008477,0.646263719038607,0,0,1,0.245,0,1,0,0,0.52,1.259317,1.44438293161309,0,0,0.33,0.51,23,96153.8461538462,0.509019129521339,0.5,0.258487225631027,0,1,1,0,0,1,0,1,1,0.25,0.2,0.2,74,0.333333333333333,1,0
"IL","ISR","Israel",2023,0.23,0,100,0.901030024355631,0.478865241362287,0.835370889649727,0.5,0,1,-0.01,0,0,0,0.837187,0.5,3.6639,1.74325363481153,0,0,0.28,0.33,17,29027.4932614555,0.698896124641235,0.5,0.363561534644606,0,0,1,0,0,0,1,1,0,0.3,0.23,0.23,60,0.333333333333333,0,0
"IS","ISL","Iceland",2023,0.2,0,10,0.86,0.602353618717047,0.812269350072009,0.5,0,0,0.36,0,1,0,1.148219,0.4625,1.282322,1.315148770664,0,2.923986,0.22,0.22,24,13986.013986014,0.493930999166456,0,0.0102409929958415,0,1,1,1,0,0,1,1,0,0.2,0.12,0.2,46,0.666666666666667,1,0
"IT","ITA","Italy",2023,0.2781,0,80,0.869865253929667,0.576669379707147,0.965116279069767,1,1,0,0.2,1,1,0,1.881132,0.52765573,1.612097,1.31418807275629,0,0,0.26,0.26,22,134920.634920635,0.430105419769842,0,0.725639815318608,0.5,1,1,0,1,1,0.95,0.95,1,0.26,0.26,0.225,101,0.5,1,0
"JP","JPN","Japan",2023,0.2974,0.5,5,0.859028659709284,0.278958448750364,0.787075165170195,0.5,0,0,0.0875,0,1,1,0.071594,0.56165275,8.289439,1.08965558212861,1,0,0.20315,0.2032,10,102459.016393443,0.716414141999584,0.5,0.00735508453892128,0,1,1,1,1,0,0.95,0,0,0.2042,0.2042,0.2042,76,0.5,1,0
"KR","KOR","Korea",2023,0.264,0.5,12,0.921720532319392,0.547953910556565,0.813463195231154,1,0,1,0.145,0,4,0,0,0.51974062,20.074675,1.28200184186276,1,0,0,0.4395,10,57692.3076923077,0.666323108549769,0,0.00044417414745695,0,1,1,0,1,1,0.95,0,1,0.22,0.22,0.22,94,0.5,1,0
"LT","LTU","Lithuania",2023,0.15,0,70,0.905263157894737,0.826923076923077,0.966194331983806,1,0,1,0.28,0,2,0,0,0.3898,4.246472,1.16643371093485,0,0,0.2,0.15,21,91836.7346938776,0.60134211875278,0.5,0.257242758852876,0,1,0,0,0,0,1,1,1,0.15,0.1,0.1,58,0.333333333333333,1,0
"LU","LUX","Luxembourg",2023,0.2494,0,17,0.873417350634541,0.479318672008477,0.869865253929667,1,0,1,-0.01,0,1,1,0.040107,0.4718,2.972912,1.40603191840911,1,0,0,0.21,16,41666.6666666667,0.859822126284055,0.5,0.0541173949192363,0,1,1,1,0,0,1,1,0,0.15,0,0,84,0.333333333333333,1,0
"LV","LVA","Latvia",2023,0.2,100,100,1,1,1,1,1,0,0,0,0,0,0,0.314,4.245488,1.15791427642582,0,0,0.2,0,21,76923.0769230769,0.62441269750364,0.5,0.483927398517445,0,0,1,0,0,0,1,1,1,0,0,0,63,0.333333333333333,1,0
"MX","MEX","Mexico",2023,0.3,0,10,0.795219524916135,0.630382676079967,0.795219524916135,0.5,0,0,0.055,0,0,0,0.245997,0.35,23.60615,1.17405120821698,0,2.293648,0.1,0.17142857,16,0,0.348431233563278,0.5,0.00536720823136462,0,0,1,0,0,0,0,0,0,0.1,0.35,0.35,60,0.666666666666667,1,0
"NL","NLD","Netherlands",2023,0.258,0.5,50,0.813463195231154,0.338474732816403,0.869865253929667,1,0,1,0.2275,0,1,0,0,0.52727789,1.232149,1.45124433849209,0,0,0.32,0.269,21,26315.7894736842,0.575230369208182,0.5,0.623690696619013,0,1,1,1,0,0,1,1,0,0.15,0,0,97,0.333333333333333,1,0
"NO","NOR","Norway",2023,0.22,0,100,0.781818181818182,0.373913043478261,0.737888702767901,0,0,0,0.22,0,0,0,0,0.474,2.061817,1.29796107001384,0,0,0.378,0.3784,25,5630.63063063063,0.554537195021928,0.5,0.0230931530028445,1,0,1,0,0,0,0.97,1,1,0.25,0,0,87,0.5,1,0
"NZ","NZL","New Zealand",2023,0.28,0,100,0.731914893617021,0.307142857142857,0.547953910556565,0.5,0,0,0.18,0,0,0,0.672605,0.39,2.368395,1.38884716803085,0,0,0,0.15277778,15,41095.8904109589,1.00349991627972,0.5,0.901918685098944,0,0,0,0,0,0,1,1,0,0.3,0.15,0.15,40,0.333333333333333,0.5,0
"PL","POL","Poland",2023,0.19,0,2.5,0.737888702767901,0.338474732816403,0.869865253929667,1,1,1,0.32,1,1,0,0,0.4543866,1.659162,1.13688208806502,0,0,0.19,0.19,23,105820.105820106,0.552824391454868,0.5,0.231976770122106,0,1,1,1,1,1,1,0,1,0.19,0.2,0.2,88,0.5,1,0
"PT","PRT","Portugal",2023,0.315,0,65,0.888411247396436,0.547953910556565,0.547953910556565,0.5,1,1,0.35,1,5,0,0.162682,0.5817,13.064419,1.24601230259505,0,0,0.28,0.28,23,24107.1428571429,0.531144518549597,0.5,0.483962052461752,0,1,1,1,0,0,1,1,1,0.25,0.25,0.25,78,0.5,1,0
"SE","SWE","Sweden",2023,0.206,0,100,0.86,0.479318672008477,0.86,0,0,0,0.105,0,0,0,0,0.5224,1.188518,1.22155470877004,0,0.012363,0.3,0.3,25,9142.85714285714,0.597998016580717,0.5,0.040441641258796,0,0,1,1,0,0,1,1,0,0.3,0,0,83,0.666666666666667,1,0
"SI","SVN","Slovenia",2023,0.19,0,63,0.869865253929667,0.391406012913837,0.737888702767901,0.5,0,0,0.19,0,0,0,0.005165,0.6105,3.921356,1.15911354227844,0,0,0,0.25,22,89285.7142857143,0.584358129160329,0,0.336265010325057,0,1,1,0,0,0,0.95,0.475,1,0.15,0.15,0.15,60,0.333333333333333,0.5,0
"SK","SVK","Slovak Republic",2023,0.21,0,2.5,0.873879108036537,0.547953910556565,0.869865253929667,0.5,0,1,0.25,0,1,0,0.284258,0.3505,2.776287,1.12840101460349,0,0,0,0.07,20,92203.7037037037,0.522261188653012,0.5,0.32698517122565,0,0,0,1,0,0,1,1,1,0.35,0.19,0.19,71,0.5,1,0
"TR","TUR","Turkey",2023,0.25,0,5,0.864149148541634,0.431068736527055,0.69441435606903,0.5,1,1,0.055,1,0,0,0,0.408,6.62478,1.26341545781337,0,0,0,0.2,20,0,0.480433897099869,0.5,0.0149948089139293,0,1,1,0,1,1,1,1,0,0.15,0.1,0.2,88,0.666666666666667,0.5,0
"US","USA","United States",2023,0.25767935,0,80,0.975385093212036,0.34958311169213,0.632751338890881,1,0,1,0.0275,0,2,0,0,0.458,8.7403,1.23756706706397,0,0,0.2887,0.2887222,7.5,0,0.37202852095014,0.5,1.72483615432331,0,1,1,1,0,0,1,0,0,0.3,0.3,0.3,66,0.333333333333333,1,1
"AT","AUT","Austria",2024,0.23,0,75,0.884365027341364,0.855181259045101,0.737888702767901,1,0,0,0.17,1,3,0,0.304299,0.55,18.081621,1.12555944354326,0,0,0.275,0.275,20,49295.7746478873,0.622739016884817,0,0.104001531077631,0,0,1,1,0,0,1,1,0,0.275,0,0.2,89,0.666666666666667,1,0.5
"AU","AUS","Australia",2024,0.3,0,100,0.851484971473245,0.479318672008477,0.547953910556565,0.5,0,0,0.1525,0,3,0,0,0.47,1.73421,1.35234748522557,0,0,0.235,0.24285714,10,53956.8345323741,0.489296601398007,1,0.659328805869646,0,0,1,1,0,0,1,1,0,0.3,0.1,0.3,46,0.333333333333333,1,0.5
"BE","BEL","Belgium",2024,0.25,0,70,0.869865253929667,0.547953910556565,0.869865253929667,1,0,1,0.155,0,2,0,0.014085,0.60042399,1.03031,1.27883880085416,0,0,0,0.3,21,35714.2857142857,0.445567618505983,0.5,0.658056983850305,0.5,1,1,1,0,1,1,1,0,0.3,0.3,0.3,95,0.666666666666667,1,0.5
"CA","CAN","Canada",2024,0.2599,3,20,0.967391304347826,0.625,0.518965517241379,0.5,0,0,0.2125,1,2,0,0.434243,0.535296,2.728347,1.21309712797424,0,0,0.267,0.39343524,12.4,25641.0256410256,0.530835746475894,0.5,1.21072823849487,0,0,1,1,1,0,1,0.5,1,0.25,0.25,0.25,96,0.333333333333333,0.5,0.5
"CH","CHE","Switzerland",2024,0.19608138,0,7,0.86,0.554838709677419,0.905263157894737,1,0,1,-0.01,0,1,0,1.073843,0.4141,3.10415,1.33286560531004,0,0,0,0.22155,8.1,103092.783505155,0.684028208561218,0.5,0.0840177665951218,1,1,1,1,1,1,1,1,0,0.35,0.35,0,109,0,0.5,0
"CL","CHL","Chile",2024,0.27,0,100,0.705977756078566,0.42321653857669,0,0.5,0,0,0.275,0,0,0,2.26738,0.39999999,19.294607,1.08897510378382,0,0,0.4,0.2390411,19,0,0.712169309327543,0.5,0.0006764071333531,0,1,0,1,0,0,0,0,1,0.1745,0.35,0.3,37,0.5,0.5,0
"CO","COL","Colombia",2024,0.35,0,12,0.737888702767901,0.305956530933891,0.869865253929667,0.5,0,0,0.0725,1,3,0,0.153203,0.39000005,52.319361,0,0,1.625238,0.15,0.2,19,0,0.402735494405245,0.5,0.00012789268306691,1,1,1,0,1,1,0,0,0,0.2,0.2,0.2,13,0.666666666666667,0.5,0
"CR","CRI","Costa Rica",2024,0.3,0,3,0.822456690745778,0.278958448750364,0.737888702767901,0.5,0,0,-0.02,0,5,0,1.227536,0.32926154,6.300921,1.06585242117366,0,7.839405,0.15,0.15,13,0,0.503155538891516,0.5,0.00040423029170697,0,0,1,1,0,1,1,1,0,0.15,0.15,0.25,4,0,1,0
"CZ","CZE","Czech Republic",2024,0.21,2,5,0.873879108036537,0.543222830616488,0.841318847888109,0.5,0,0,0.18,0,1,0,0,0.346,2.872461,1.11422488360181,0,0,0,0.23,21,159362.549800797,0.59899187415809,0.5,0.0040533966112949,0,1,0,0,0,0,1,1,1,0.15,0.15,0.15,97,0.333333333333333,1,0.5
"DE","DEU","Germany",2024,0.30133026,2,70,0.804165408852152,0.391406012913837,0.869865253929667,1,0,0,0.205,0,1,1,0,0.47475,4.6366,1.13469413033554,1,0,0.26375,0.26375,19,31428.5714285714,0.57675201940192,0.5,0.225754466344838,0,1,1,0,0,0,0.95,0.95,0,0.26375,0,0.15825,95,0.333333333333333,1,1
"DK","DNK","Denmark",2024,0.22,0,60,0.826923076923077,0.391406012913837,0.81340644290143,0,0,0,0.01,1,1,0,0.442903,0.559044,1.22791,1.22635348243318,0,0,0.42,0.42,25,8183.30605564648,0.6570384403486,0.5,0.102961125171376,0,1,1,0,0,0,1,1,1,0.27,0.22,0.22,76,0.666666666666667,1,0.5
"EE","EST","Estonia",2024,0.2,100,100,1,1,1,1,1,0,0,0,1,0,0,0.2,0.330389,1.26304301703703,0,0,0.2,0,22,71428.5714285714,0.725306382273537,1,0.105946749221734,0,0,0,0,0,0,1,1,1,0,0,0.1,62,0.333333333333333,1,0
"ES","ESP","Spain",2024,0.25,0,70,0.778563038959402,0.391406012913837,0.737888702767901,0.5,0,1,0.295,1,3,0,0,0.485718,9.712311,1.37750566327597,0,0,0.28,0.28,21,0,0.468198183009091,0.5,0.615245994498164,1,1,1,0,1,1,0.95,0.95,1,0.19,0.19,0.24,94,0.333333333333333,1,0.5
"FI","FIN","Finland",2024,0.2,0,10,0.934782608695652,0.518965517241379,0.737888702767901,0,0,0,0.1,0,1,0,0,0.57478685,3.07417,1.26769983539292,0,0,0.34,0.289,24,19736.8421052632,0.600941709541403,0.5,0.402974153760587,0,1,1,0,0,1,1,1,1,0.2,0,0.2,77,0.5,1,0.5
"FR","FRA","France",2024,0.25825,1,50,0.880275603755891,0.547953910556565,0.869865253929667,0.5,0,1,0.3425,1,2,1,0.820747,0.55572,13.110908,1.29416297253686,0,0,0.34,0.34,20,137164.179104478,0.525926449844575,0.5,1.0669035151506,0.5,1,1,1,0,1,0.95,0.88,1,0.25,0,0.25,122,0.666666666666667,1,1
"GB","GBR","United Kingdom",2024,0.25,1,50,1,0.391406012913837,0.826923076923077,0,0,1,0.18,1,3,0,0,0.47,2.378423,1.33710647795703,0,0,0.2,0.3935,20,126865.671641791,0.466143631959424,0.5,2.3755183702902,0,1,1,1,0,1,1,1,0,0,0.2,0.2,132,0.5,1,0.5
"GR","GRC","Greece",2024,0.22,0,5,0.737888702767901,0.479318672008477,0.737888702767901,0.5,0,1,0.23,0,1,0,0.377669,0.534898,1.808481,1.30360615029013,0,0,0,0.05,24,19230.7692307692,0.457892762839859,0.5,1.18247317789635,0,1,1,1,1,1,1,1,1,0.05,0.15,0.2,57,0.333333333333333,1,1
"HU","HUN","Hungary",2024,0.09,0,2.5,0.816200383417959,0.278958448750364,0.737888702767901,0.5,0,1,0.1525,0,1,0,0.05868,0.335,0,1.00000000810036,0,0.049519,0.15,0.15,27,70501.1456436167,0.616523585042852,0.5,0.00064864402603307,0,1,1,1,0,1,1,1,0,0,0,0,83,0.333333333333333,1,0.5
"IE","IRL","Ireland",2024,0.125,1,100,0.787075165170195,0.479318672008477,0.646263719038607,0,0,1,0.23,0,2,0,0,0.52025,1.207122,1.44007164098438,0,0,0.33,0.51,23,106666.666666667,0.506508559039277,0.5,0.275003608832043,0,1,1,0,0,1,0,1,1,0.25,0.2,0.2,74,0.333333333333333,1,0.5
"IL","ISR","Israel",2024,0.23,0,100,0.901030024355631,0.478865241362287,0.835370889649727,0.5,0,1,-0.01,0,0,0,0.696946,0.5,3.501635,1.78397498064137,0,0,0.28,0.33,17,33426.1838440111,0.693691687481851,0.5,0.356054267951279,0,0,1,0,0,0,1,1,0,0.3,0.23,0.23,60,0.333333333333333,0,0
"IS","ISL","Iceland",2024,0.21,0,10,0.86,0.602353618717047,0.812269350072009,0.5,0,0,0.36,0,1,0,1.598535,0.4628,1.325903,1.32843105339243,0,2.9258,0.22,0.22,24,14269.4063926941,0.508696681194142,0,0.00999271270678127,0,1,1,1,0,0,1,1,0,0.21,0.13,0.22,47,0.666666666666667,1,0
"IT","ITA","Italy",2024,0.2781,0,80,0.869865253929667,0.576669379707147,0.965116279069767,1,0,0,0.09,1,2,0,1.804689,0.52765573,1.562364,1.31727670545453,0,0,0.26,0.26,22,141666.666666667,0.44837702973277,0,0.651026782908979,0.5,1,1,0,1,1,0.95,0.95,1,0.26,0.26,0.225,101,0.5,1,1
"JP","JPN","Japan",2024,0.2974,0.5,5,0.859028659709284,0.278958448750364,0.787075165170195,0.5,0,0,0.0875,0,2,1,0.070106,0.5620933,7.898953,1.08696350717722,1,0,0.20315,0.20315,10,105618.926911703,0.718207441708759,0.5,0.00630624292470381,0,1,1,1,1,0,0.95,0,0,0.2042,0.2042,0.2042,77,0.5,1,0.5
"KR","KOR","Korea",2024,0.264,0.5,12,0.921720532319392,0.547953910556565,0.813463195231154,1,0,1,0.155,0,4,0,0,0.51976562,19.508361,1.28981171159366,1,0,0,0.4445,10,59973.7614793528,0.731160097241425,0,0.00041042661160173,0,1,1,0,1,1,0.95,0,1,0.22,0.22,0.22,95,0.5,1,0.5
"LT","LTU","Lithuania",2024,0.15,0,70,0.905263157894737,0.826923076923077,0.966194331983806,1,0,1,0.28,0,2,0,0,0.3898,4.39365,1.17169616910806,0,0,0.2,0.15,21,93750,0.607739297264845,0.5,0.247279134120845,0,1,0,0,0,0,1,1,1,0.15,0.1,0.1,58,0.333333333333333,1,0
"LU","LUX","Luxembourg",2024,0.2494,0,17,0.873417350634541,0.479318672008477,0.869865253929667,1,0,1,-0.01,0,2,1,0.038309,0.4718,3.170297,1.38650205418208,1,0,0,0.21,17,42168.6746987952,0.885999014436643,0.5,0.0506645312069689,0,1,1,1,0,0,1,1,0,0.15,0,0,87,0.333333333333333,1,0.5
"LV","LVA","Latvia",2024,0.2,100,100,1,1,1,1,1,0,0,0,0,0,0,0.314,3.906599,1.16288933964669,0,0,0.2,0,21,98039.2156862745,0.687578120850568,0.5,0.423910409801928,0,0,1,0,0,0,1,1,1,0,0,0,63,0.333333333333333,1,0
"MX","MEX","Mexico",2024,0.3,0,10,0.795219524916135,0.630382676079967,0.795219524916135,0.5,0,0,0.055,0,0,0,0.26152,0.35,21.48079,1.19421738601889,0,2.309495,0.1,0.17142857,16,0,0.333497786076346,0.5,0.00616451271369998,0,0,1,0,0,0,0,0,0,0.1,0.35,0.35,60,0.666666666666667,1,0
"NL","NLD","Netherlands",2024,0.258,0.5,50,0.813463195231154,0.338474732816403,0.869865253929667,1,0,1,0.225,0,2,0,0.005836,0.52576584,1.198127,1.48791585519875,0,0,0.36,0.33,21,27027.027027027,0.551028820970534,0.5,0.526846409057906,0,1,1,1,0,0,1,1,0,0.15,0,0,97,0.333333333333333,1,1
"NO","NOR","Norway",2024,0.22,0,100,0.781818181818182,0.373913043478261,0.737888702767901,0,0,0,0.22,0,1,0,0,0.474,1.754441,1.30200731381933,0,0,0.378,0.3784,25,5624.29696287964,0.550546362091247,0.5,0.0206848889195269,1,0,1,0,0,0,0.97,1,1,0.25,0.15,0.15,83,0.5,1,0.5
"NZ","NZL","New Zealand",2024,0.28,0,100,0.731914893617021,0,0.547953910556565,0.5,0,0,0.18,0,0,0,0.954083,0.39,2.249475,1.51919952490833,0,0,0,0.152771,15,41095.8904109589,0.978388905951469,0.5,0.818009304861082,0,0,0,0,0,0,1,1,0,0.3,0.15,0.15,40,0.333333333333333,0.5,0
"PL","POL","Poland",2024,0.19,0,2.5,0.737888702767901,0.338474732816403,0.869865253929667,1,1,1,0.32,1,2,0,0,0.4543866,1.479211,1.26275188094196,0,0,0.19,0.19,23,106382.978723404,0.45361283602798,0.5,0.205914747664174,0,1,1,1,1,1,1,0,1,0.19,0.2,0.2,88,0.5,1,0
"PT","PRT","Portugal",2024,0.315,0,65,0.888411247396436,0.547953910556565,0.547953910556565,0.5,1,1,0.35,1,6,0,0.142644,0.5817,12.150613,1.22352610352406,0,0,0.28,0.28,23,27285.3863234353,0.569944645626167,0.5,0.429070542610096,0,1,1,1,0,0,1,1,1,0.25,0.25,0.25,78,0.5,1,1
"SE","SWE","Sweden",2024,0.206,0,100,0.86,0.479318672008477,0.86,0,0,0,0.105,0,1,0,0,0.5237,1.139588,1.21539635003086,0,0.034177,0.3,0.3,25,9400.70505287897,0.611851298716142,0.5,0.0356991209432053,0,0,1,1,0,0,1,1,0,0.3,0,0,83,0.666666666666667,1,1
"SI","SVN","Slovenia",2024,0.22,0,63,0.869865253929667,0.391406012913837,0.737888702767901,0.5,0,0,0.19,0,1,0,0.005195,0.6105,3.617203,1.1533352701207,0,0,0,0.25,22,92592.5925925926,0.57893894651984,0,0.303973583696488,0,1,1,0,0,0,0.95,0.475,1,0.15,0.15,0.15,60,0.333333333333333,0.5,0.5
"SK","SVK","Slovak Republic",2024,0.21,0,2.5,0.873879108036537,0.547953910556565,0.869865253929667,0.5,0,1,0.25,0,2,0,0.286028,0.3505,2.993728,1.1253738935045,0,0,0,0.07,20,97627.4509803922,0.512186004637708,0.5,0.28682641065498,0,0,0,1,0,0,1,1,1,0.35,0.19,0.19,71,0.5,1,0
"TR","TUR","Turkey",2024,0.25,0,5,0.864149148541634,0.431068736527055,0.69441435606903,0.5,1,1,0.055,1,2,0,0,0.408,5.48864,1.26459767434139,0,0,0,0.2,20,0,0.454895107781586,0.5,0.00827565112299467,0,1,1,0,1,1,1,1,0,0.15,0.1,0.2,89,0.666666666666667,0.5,0
"US","USA","United States",2024,0.25631375,0,80,0.950770186424072,0.34958311169213,0.632751338890881,1,0,1,0.0275,0,2,0,0,0.46,8.825954,1.24659087064859,0,0,0.2887,0.28726466,7.5,0,0.380023476418401,0.5,1.76494883200868,0,1,1,1,0,0,1,0,0,0.3,0.3,0.3,66,0.333333333333333,1,1
"AT","AUT","Austria",2025,0.23,0,75,0.884365027341364,0.855181259045101,0.737888702767901,1,0,0,0.17,1,3,0,0.278226,0.55,17.439889,1.13356166804795,0,0,0.275,0.275,20,75017.424501782,0.61744949253635,0,0.109008909583687,0,0,1,1,0,0,1,1,0,0.275,0,0.2,89,0.666666666666667,1,1
"AU","AUS","Australia",2025,0.3,0,100,0.851484971473245,0.479318672008477,0.547953910556565,0.5,0,0,0.1525,0,3,0,0,0.47,1.74835,1.33292112431931,0,0,0.235,0.24285714,10,54350.3072966375,0.470727104548558,1,0.687916317861128,0,0,1,1,0,0,1,1,0,0.3,0.1,0.3,48,0.333333333333333,1,1
"BE","BEL","Belgium",2025,0.25,0,70,0.869865253929667,0.547953910556565,0.869865253929667,1,0,1,0.155,0,2,0,0.018618,0.60042399,1.02899,1.2840256352515,0,0,0,0.3,21,34879.9571395087,0.429945797047528,0.5,0.754824619133485,0.5,1,1,1,0,1,1,1,0,0.3,0.3,0.3,95,0.666666666666667,1,1
"CA","CAN","Canada",2025,0.26,3,20,1,0.635714285714286,1,0.5,0,0,0.2125,0,2,0,0.438099,0.535296,2.754178,1.22838040883386,0,0,0.2675,0.39343524,12.3,26420.4050071952,0.537479710084834,0.5,1.16996020126563,0,0,1,1,1,0,1,0.5,1,0.25,0.25,0.25,96,0.333333333333333,0.5,1
"CH","CHE","Switzerland",2025,0.19607821,0,7,0.86,0.554838709677419,0.905263157894737,1,0,1,-0.01,0,1,0,1.072597,0.4141,3.08328,1.36116659580931,0,0,0,0.22155,8.1,102786.648836609,0.676994717621832,0.5,0.0876042232734718,1,1,1,1,1,1,1,1,0,0.35,0.35,0,110,0,0.5,0.5
"CL","CHL","Chile",2025,0.27,0,100,0.705977756078566,0.42321653857669,0,0.5,0,0,0.275,0,0,0,0.107054,0.39999999,18.576002,1.08773656195673,0,0,0.4,0.2390411,19,0,0.671094874767033,0.5,0.00081476109960549,0,1,0,1,0,0,0,0,1,0.1745,0.35,0.3,37,0.5,0.5,0
"CO","COL","Colombia",2025,0.35,0,12,0.737888702767901,0.305956530933891,0.869865253929667,0.5,0,0,0.0725,1,3,0,0.1544,0.38999999,51.543977,0,0,1.601593,0.15,0.2,19,0,0.385309897515409,0.5,0.0001356622501093,1,1,1,0,1,1,0,0,0,0.2,0.2,0.2,14,0.666666666666667,0.5,0
"CR","CRI","Costa Rica",2025,0.3,0,3,0.822456690745778,0.278958448750364,0.737888702767901,0.5,0,0,-0.02,0,5,0,1.212838,0.32926154,5.965382,1.06389558974598,0,7.993262,0.15,0.15,13,0,0.50135878720838,0.5,0.00048984463983263,0,0,1,1,0,1,1,1,0,0.15,0.15,0.25,4,0,1,0
"CZ","CZE","Czech Republic",2025,0.21,2,5,0.873879108036537,0.543222830616488,0.841318847888109,0.5,0,0,0.205,0,1,0,0,0.346,2.866303,1.10556284383014,0,0,0.23,0.23,21,154336.457026055,0.599490405052282,0.5,0.00408693804031715,0,1,0,0,0,0,1,1,1,0.15,0.15,0.15,98,0.333333333333333,1,1
"DE","DEU","Germany",2025,0.30133026,2,70,0.876514043282575,0.391406012913837,0.869865253929667,1,0,0,0.2625,0,1,1,0,0.47475,4.424168,1.06197269334729,1,0,0.26375,0.26375,19,35060.900784663,0.542266003055413,0.5,0.232467657717147,0,1,1,0,0,0,0.95,0.95,0,0.26375,0,0.15825,95,0.333333333333333,1,1
"DK","DNK","Denmark",2025,0.22,0,60,0.826923076923077,0.391406012913837,0.81340644290143,0,0,0,0.01,1,1,0,0.518008,0.559044,1.238198,1.21686790747069,0,0,0.42,0.42,25,8025.57526119636,0.628247525193823,0.5,0.10422525848821,0,1,1,0,0,0,1,1,1,0.27,0.22,0.22,77,0.666666666666667,1,1
"EE","EST","Estonia",2025,0.22,100,100,1,1,1,1,1,0,0.04,0,1,0,0,0.22,0.311485,1.24165317703703,0,0,0.22,0,24,68524.5969040587,0.698596745768434,1,0.103683409804141,0,0,0,0,0,0,1,1,1,0,0,0.1,63,0.333333333333333,1,0
"ES","ESP","Spain",2025,0.25,0,25,0.778563038959402,0.391406012913837,0.737888702767901,0.5,0,1,0.295,1,3,0,0,0.48575712,9.358409,1.35699639899241,0,0,0.3,0.3,21,0,0.444506515361857,0.5,0.629750222321542,1,1,1,0,1,1,0.95,0.95,1,0.19,0.19,0.24,95,0.333333333333333,1,1
"FI","FIN","Finland",2025,0.2,0,10,0.934782608695652,0.518965517241379,0.737888702767901,0,0,0,0.105,0,1,0,0,0.5689547,2.973185,1.28289622911306,0,0,0.34,0.289,25.5,26084.9377743809,0.565013360143709,0.5,0.419017163741482,0,1,1,0,0,1,1,1,1,0.2,0,0.2,77,0.5,1,1
"FR","FRA","France",2025,0.3613,1,50,0.880275603755891,0.547953910556565,0.869865253929667,0.5,0,1,0.3425,1,4,1,0.862494,0.55572,12.941798,1.28336233011447,0,0,0.34,0.34,20,122246.575657687,0.507768243185266,0.5,1.11994161766957,0.5,1,1,1,0,1,0.95,0.88,1,0.25,0,0.25,123,0.666666666666667,1,1
"GB","GBR","United Kingdom",2025,0.25,1,50,1,0.391406012913837,0.826923076923077,0,0,1,0.18,1,3,0,0,0.47,2.235356,1.44549082483935,0,0,0.24,0.3935,20,132475.285999423,0.468135103490588,0.5,2.4556388988484,0,1,1,1,0,1,1,1,0,0,0.2,0.2,132,0.5,1,1
"GR","GRC","Greece",2025,0.22,0,5,0.737888702767901,0.479318672008477,0.737888702767901,0.5,0,1,0.23,0,1,0,0.402315,0.532198,1.738306,1.27909169276882,0,0,0,0.05,24,19273.1702052207,0.45891448874157,0.5,1.19229463155972,0,1,1,1,1,1,1,1,1,0.05,0.15,0.2,58,0.333333333333333,1,1
"HU","HUN","Hungary",2025,0.09,0,2.5,0.816200383417959,0.278958448750364,0.737888702767901,0.5,0,1,0.17,0,1,0,0.069627,0.335,0,1,0,0.050353,0.15,0.15,27,100585.758369818,0.576275432741236,0.5,0.00071148252691484,0,1,1,1,0,1,1,1,0,0,0,0,83,0.333333333333333,1,1
"IE","IRL","Ireland",2025,0.125,1,100,0.787075165170195,0.479318672008477,0.646263719038607,0,0,1,0.27,0,2,0,0,0.521,1.162416,1.44588366531452,0,0,0.33,0.51,23,112456.472729967,0.474366011535741,0.5,0.289996296719736,0,1,1,0,0,1,1,1,1,0.25,0.2,0.2,74,0.333333333333333,1,1
"IL","ISR","Israel",2025,0.23,0,100,0.901030024355631,0.478865241362287,0.835370889649727,0.5,0,1,-0.01,0,0,0,0.699542,0.5,3.44034,1.72977319168779,0,0,0.3,0.35,18,33341.3352537942,0.595528355448906,0.5,0.314215894607066,0,0,1,0,0,0,1,1,0,0.3,0.23,0.23,60,0.333333333333333,0,0
"IS","ISL","Iceland",2025,0.2,0,10,0.86,0.602353618717047,0.812269350072009,0.5,0,0,0.365,0,1,0,1.821879,0.4629,1.332212,1.3439005034351,0,3.010555,0.22,0.22,24,13717.9815109594,0.548473043652968,0,0.0101143404607155,0,1,1,1,0,0,1,1,0,0.2,0.12,0.2,47,0.666666666666667,1,0
"IT","ITA","Italy",2025,0.2781,0,80,0.869865253929667,0.576669379707147,0.965116279069767,1,0,0,0.09,1,2,0,1.722392,0.52237873,1.509617,1.30582356030921,0,0,0.26,0.26,22,139165.172687607,0.431719388591735,0,0.675827656867692,0.5,1,1,0,1,1,0.95,0.95,1,0.26,0.26,0.225,103,0.5,1,1
"JP","JPN","Japan",2025,0.2974,0.5,5,0.859028659709284,0.278958448750364,0.787075165170195,0.5,0,1,0.0875,0,1,1,0.068078,0.56187302,7.669291,1.11691733369185,1,0,0.20315,0.20315,10,105141.59981755,0.691343759732456,0.5,0.00596059782925888,0,1,1,1,1,0,0.95,0,0,0.2042,0.2042,0.2042,80,0.5,1,0.5
"KR","KOR","Korea",2025,0.264,0.5,12,0.921720532319392,0.547953910556565,0.813463195231154,1,0,1,0.145,0,4,0,0,0.51976561,18.991063,1.27460327314538,1,0,0,0.4445,10,57217.9679186268,0.64227251527312,0,0.00033190088730214,0,1,1,0,1,1,0.95,0,1,0.22,0.22,0.22,96,0.5,1,0.5
"LT","LTU","Lithuania",2025,0.16,0,70,0.905263157894737,0.826923076923077,0.966194331983806,1,0,1,0.28,0,2,0,0,0.3898,4.443889,1.23987675903441,0,0,0.2,0.15,21,90189.9400136688,0.578019644217534,0.5,0.261733035991122,0,1,0,0,0,0,1,1,1,0.16,0.1,0.1,58,0.333333333333333,1,0
"LU","LUX","Luxembourg",2025,0.2387,0,17,0.873417350634541,0.479318672008477,0.869865253929667,1,0,1,-0.01,0,2,1,0.030318,0.4718,3.25869,1.38835897371381,1,0,0,0.21,17,59335.7716379758,0.846432462463598,0.5,0.051514003797805,0,1,1,1,0,0,1,1,0,0.15,0,0,87,0.333333333333333,1,1
"LV","LVA","Latvia",2025,0.2,100,100,1,1,1,1,1,0,0,0,0,0,0,0.105,0,1.14796470015736,0,0,0.285,0,21,101595.248593414,0.653807038744226,0.5,0.425459830131771,0,0,1,0,0,0,1,1,1,0,0,0,63,0.333333333333333,1,0
"MX","MEX","Mexico",2025,0.3,0,10,0.795219524916135,0.630382676079967,0.795219524916135,0.5,0,0,0.055,0,0,0,0.253562,0.35,20.56753,1.24076826243948,0,2.39051,0.1,0.17142857,16,0,0.34893352572515,0.5,0.00736250805362067,0,0,1,0,0,0,0,0,0,0.1,0.35,0.35,60,0.666666666666667,1,0
"NL","NLD","Netherlands",2025,0.258,0.5,50,0.813463195231154,0.338474732816403,0.869865253929667,1,0,1,0.225,0,2,0,0.007428,0.52542991,1.169261,1.49766856592003,0,0,0.36,0.31,21,26724.7484533052,0.548644504088095,0.5,0.503386171674578,0,1,1,1,0,0,1,1,0,0.15,0,0,97,0.333333333333333,1,1
"NO","NOR","Norway",2025,0.22,0,100,0.781818181818182,0.373913043478261,0.737888702767901,0,0,0,0.22,0,1,0,0,0.474,1.75971,1.29978154068789,0,0,0.378,0.3784,25,5415.25238325257,0.528425254247787,0.5,0.0199757252679043,1,0,1,0,0,0,0.97,1,1,0.25,0,0,83,0.5,1,1
"NZ","NZL","New Zealand",2025,0.28,0,100,0.74468085106383,0.2,0.547953910556565,0.5,0,0,0.18,0,0,0,1.593535,0.39,2.166774,1.55337551168553,0,0,0,0.15277778,15,41040.5138272331,0.962248738017273,0.5,0.823637974291311,0,0,0,0,0,0,1,1,0,0.3,0.15,0.15,41,0.333333333333333,0.5,1
"PL","POL","Poland",2025,0.19,0,2.5,0.737888702767901,0.338474732816403,0.869865253929667,1,1,1,0.32,1,3,0,0,0.4543866,1.34808,1.22779399522684,0,0,0.19,0.19,23,101150.792567035,0.459031403587768,0.5,0.229460092996369,0,1,1,1,1,1,1,0,1,0.19,0.2,0.2,88,0.5,1,1
"PT","PRT","Portugal",2025,0.305,0,65,0.888411247396436,0.547953910556565,0.547953910556565,0.5,1,1,0.35,1,6,0,0.135053,0.5817,11.581589,1.20719895693274,0,0,0.196,0.28,23,28490.5696214553,0.55800234459606,0.5,0.434287998831854,0,1,1,1,0,0,1,1,1,0.25,0.25,0.25,78,0.5,1,1
"SE","SWE","Sweden",2025,0.206,0,100,0.86,0.479318672008477,0.86,0,0,0,0.11,0,1,0,0,0.5241,1.15434,1.22207023707619,0,0.040789,0.3,0.3,25,13973.2475189626,0.571285711313586,0.5,0.0340251348511663,0,0,1,1,0,0,1,1,0,0.3,0,0,83,0.666666666666667,1,1
"SI","SVN","Slovenia",2025,0.22,0,3.15,0.869865253929667,0.391406012913837,0.737888702767901,0.5,0,0,0.23,0,1,0,0.004936,0.613,3.589237,1.16072227377361,0,0,0,0.25,22,107695.179563763,0.583814269020494,0,0.323365502281577,0,1,1,0,0,0,0.95,0.475,1,0.15,0.15,0.15,60,0.333333333333333,0.5,1
"SK","SVK","Slovak Republic",2025,0.24,0,2.5,0.873879108036537,0.547953910556565,0.869865253929667,0.5,0,1,0.25,0,3,0,0.347705,0.3505,2.855355,1.13045146316619,0,0,0,0.07,23,97651.4818612372,0.563714644140802,0.5,0.309114315086089,0,0,0,1,0,1,1,1,1,0.35,0.19,0.19,75,0.5,1,0
"TR","TUR","Turkey",2025,0.25,0,5,0.864149148541634,0.431068736527055,0.69441435606903,0.5,1,1,0.055,1,2,0,0,0.408,5.582718,1.21937018163756,0,0,0,0.2,20,0,0.433842789952451,0.5,0.0064060068442671,0,1,1,0,1,1,1,1,0,0.15,0.1,0.2,93,0.666666666666667,0.5,1
"US","USA","United States",2025,0.25569714,0,80,1,1,0.632751338890881,1,0,1,0.0275,0,2,0,0,0.46,8.733675,1.24920901855389,0,0,0.2887,0.28666715,7.5,0,0.35988695217567,0.5,1.82839591642734,0,1,1,1,0,0,1,0,0,0.3,0.3,0.3,64,0.333333333333333,1,1
"AT","AUT","Austria",2026,0.23,0,75,0.884365027341364,0.855181259045101,0.737888702767901,1,0,0,0.17,1,3,0,0.480402,0.55,17.439889,1.15453721819946,0,0,0.275,0.275,20,75824.7318217099,0.603564622746134,0,0.110814492467081,0,0,1,1,0,0,1,1,0,0.275,0,0.2,89,0.666666666666667,1,1
"AU","AUS","Australia",2026,0.3,0,100,0.851484971473245,0.479318672008477,0.547953910556565,0.5,0,0,0.1525,0,3,0,0,0.47,1.74835,1.34972055623569,0,0,0.235,0.24285714,10,53611.9055601265,0.44422763640992,1,0.664129787641667,0,0,1,1,0,0,1,1,0,0.3,0.1,0.3,48,0.333333333333333,1,1
"BE","BEL","Belgium",2026,0.25,0,70,0.869865253929667,0.547953910556565,0.869865253929667,1,0,1,0.155,0,2,0,0.01886,0.60042399,1.02899,1.28252017721,0,0,0.1,0.3,21,34725.019515461,0.415158549512485,0.5,0.750695722902646,0.5,1,1,1,0,1,1,1,0,0.3,0.3,0.3,95,0.666666666666667,1,1
"CA","CAN","Canada",2026,0.26,3,20,1,0.635714285714286,1,0.5,0,0,0.2275,0,2,0,0.466647,0.535296,2.754178,1.2315748859416,0,0,0.2675,0.39343524,12.3,25713.9257193256,0.522476433875871,0.5,1.15418883487327,0,0,1,1,1,0,1,0.5,1,0.25,0.25,0.25,96,0.333333333333333,0.5,1
"CH","CHE","Switzerland",2026,0.19471871,0,7,0.86,0.554838709677419,0.905263157894737,1,0,1,-0.01,0,1,0,1.086905,0.4141,3.08328,1.33387534504238,0,0,0,0.22155,8.1,107440.69810668,0.652473298349884,0.5,0.091001042389341,1,1,1,1,1,1,1,1,0,0.35,0.35,0,110,0,0.5,0.5
"CL","CHL","Chile",2026,0.27,0,100,0.705977756078566,0.42321653857669,0,0.5,0,0,0.275,0,0,0,0.947881,0.39999999,18.576002,1.21255686479801,0,0,0.4,0.2390411,19,0,0.700577122234054,0.5,0.00072828922277317,0,1,0,1,0,0,0,0,1,0.1745,0.35,0.3,37,0.5,0.5,0
"CO","COL","Colombia",2026,0.35,0,12,0.737888702767901,0.305956530933891,0.869865253929667,0.5,0,0,0.0725,1,3,0,0,0.38999999,51.543977,0,0,1.697269,0.15,0.2,19,0,0.357753917358615,0.5,0.00015805318615973,1,1,1,0,1,1,0,0,0,0.2,0.2,0.2,14,0.666666666666667,0.5,0
"CO","COL","Colombia",2026,0.23,0,12,0.737888702767901,0.305956530933891,0.869865253929667,0.5,0,0,0.0725,1,3,0,0,0.38999999,51.543977,0,0,1.697269,0.15,0.2,19,0,0.357753917358615,0.5,0.00015805318615973,1,1,1,0,1,1,0,0,0,0.2,0.2,0.2,14,0.666666666666667,0.5,0
"CR","CRI","Costa Rica",2026,0.3,0,3,0.822456690745778,0.278958448750364,0.737888702767901,0.5,0,0,-0.02,0,5,0,1.180657,0.32926154,5.965382,1.0603142730766,0,8.189913,0.15,0.15,13,0,0.514344726715476,0.5,0.00054314062408207,0,0,1,1,0,1,1,1,0,0.15,0.15,0.25,4,0,1,0
"CZ","CZE","Czech Republic",2026,0.21,2,5,0.873879108036537,0.543222830616488,0.841318847888109,0.5,0,0,0.205,0,1,0,0,0.346,2.866303,1.09887479629484,0,0,0,0.23,21,153923.079865376,0.576658785910196,0.5,0.00697213113542386,0,1,0,0,0,0,1,1,1,0.15,0.15,0.15,98,0.333333333333333,1,1
"DE","DEU","Germany",2026,0.30133026,2,70,0.876514043282575,0.391406012913837,0.869865253929667,1,0,0,0.2625,0,1,1,0,0.47475,4.424168,1.04219974078438,1,0,0.26375,0.26375,19,35212.11071251,0.536208660331739,0.5,0.23924381560906,0,1,1,0,0,0,0.95,0.95,0,0.26375,0,0.15825,95,0.333333333333333,1,1
"DK","DNK","Denmark",2026,0.22,0,60,0.826923076923077,0.391406012913837,0.81340644290143,0,0,0,0.01,1,1,0,1.519661,0.559044,1.238198,1.22581057262843,0,0,0.42,0.42,25,8163.71047825302,0.634420089927825,0.5,0.08050501464689,0,1,1,0,0,0,1,1,1,0.27,0.22,0.22,77,0.666666666666667,1,1
"EE","EST","Estonia",2026,0.22,100,100,1,1,1,1,1,0,0.04,0,1,0,0,0.22,0.311485,1.14351112795227,0,0,0.22,0,24,68428.1205361343,0.677157128387149,1,0.0982264907029669,0,0,0,0,0,0,1,1,1,0,0,0.1,63,0.333333333333333,1,0
"ES","ESP","Spain",2026,0.25,0,25,0.778563038959402,0.391406012913837,0.737888702767901,0.5,0,1,0.295,1,3,0,0,0.48575712,9.358409,1.1958031564124,0,0,0.3,0.3,21,0,0.449051206799674,0.5,0.628399127315214,1,1,1,0,1,1,0.95,0.95,1,0.19,0.19,0.24,95,0.333333333333333,1,1
"FI","FIN","Finland",2026,0.2,0,10,0.826923076923077,0.518965517241379,0.737888702767901,0,0,0,0.105,0,1,0,0,0.5689547,2.973185,1.34359856959288,0,0,0.34,0.289,25.5,26518.3407474194,0.575068502900253,0.5,0.450511325052314,0,1,1,0,0,1,1,1,1,0.2,0,0.2,77,0.5,1,1
"FR","FRA","France",2026,0.3613,1,50,0.880275603755891,0.547953910556565,0.869865253929667,0.5,0,1,0.3425,1,4,1,0.800467,0.55572,12.941798,1.28266209297437,0,0,0.354,0.34,20,125439.406863454,0.491272947929073,0.5,1.1735301494711,0.5,1,1,1,0,1,0.95,0.88,1,0.25,0,0.25,123,0.666666666666667,1,1
"GB","GBR","United Kingdom",2026,0.25,1,50,1,0.391406012913837,0.826923076923077,0,0,1,0.18,1,3,0,0,0.47,2.235356,1.36958921835212,0,0,0.24,0.3935,20,132913.32721932,0.461193188810373,0.5,2.60350832127282,0,1,1,1,0,1,1,1,0,0,0.2,0.2,132,0.5,1,1
"GR","GRC","Greece",2026,0.22,0,5,0.737888702767901,0.479318672008477,0.737888702767901,0.5,0,1,0.23,0,1,0,0,0.532198,1.738306,1.27200104625675,0,0,0,0.05,24,18979.9419972973,0.440617162351607,0.5,1.1711395383472,0,1,1,1,1,1,1,1,1,0.05,0.15,0.2,58,0.333333333333333,1,1
"HU","HUN","Hungary",2026,0.09,0,2.5,0.816200383417959,0.278958448750364,0.737888702767901,0.5,0,1,0.17,1,1,0,0.035185,0.335,0,1,0,0,0.15,0.15,27,108946.964399836,0.533675520362605,0.5,0.00065260011467949,0,1,1,1,0,1,1,1,0,0,0,0,83,0.333333333333333,1,1
"IE","IRL","Ireland",2026,0.125,1,100,0.787075165170195,0.479318672008477,0.646263719038607,0,0,1,0.27,0,2,0,0,0.521,1.162416,1.45102758223246,0,0,0.33,0.51,23,113198.853095855,0.476232962035816,0.5,0.303684098121441,0,1,1,0,0,1,1,1,1,0.25,0.2,0.2,74,0.333333333333333,1,1
"IS","ISL","Iceland",2026,0.2,0,10,0.86,0.602353618717047,0.812269350072009,0.5,0,0,0.36,0,1,0,1.830772,0.4629,1.332212,1.3466843500463,0,2.978914,0.22,0.22,24,13212.8336120746,0.60870027196717,0,0.0103828788399534,0,1,1,1,0,0,1,1,0,0.2,0.12,0.2,47,0.666666666666667,1,0
"IT","ITA","Italy",2026,0.2781,0,80,0.869865253929667,0.576669379707147,0.965116279069767,1,0,0,0.09,1,2,0,2.054129,0.52237873,1.509617,1.3935437078701,0,0,0.26,0.26,22,139281.471467781,0.433935562771814,0,0.661622005246856,0.5,1,1,0,1,1,0.95,0.95,1,0.26,0.26,0.225,103,0.5,1,1
"JP","JPN","Japan",2026,0.2974,0.5,5,0.859028659709284,0.278958448750364,0.787075165170195,0.5,0,1,0.0875,0,1,1,0.066292,0.56187302,7.669291,1.10289554978653,1,0,0.20315,0.20315,10,103007.775541937,0.711262373182877,0.5,0.00555940220208955,0,1,1,1,1,0,0.95,0,0,0.2042,0.2042,0.2042,80,0.5,1,0.5
"KR","KOR","Korea",2026,0.275,0.5,12,0.921720532319392,0.547953910556565,0.813463195231154,1,0,1,0.1475,0,4,0,0,0.51976561,18.991063,1.2629928202336,1,0,0,0.4445,10,58799.8023944441,0.685357627896102,0,0.00030540402670826,0,1,1,0,1,1,0.95,0,1,0.22,0.22,0.22,96,0.5,1,0.5
"LT","LTU","Lithuania",2026,0.17,0,70,1,0.826923076923077,1,1,0,1,0.305,0,2,0,0,0.3898,4.443889,1.22529274525874,0,0,0.2,0.15,21,87690.4099818968,0.587377172171984,0.5,0.261423103055055,0,1,0,0,0,0,1,1,1,0.16,0.1,0.1,58,0.333333333333333,1,0
"LU","LUX","Luxembourg",2026,0.2387,0,17,0.873417350634541,0.479318672008477,0.869865253929667,1,0,1,-0.01,0,2,1,0.039738,0.4718,3.25869,1.38411150886131,1,0,0,0.21,17,60063.5953347404,0.869845252789753,0.5,0.0507954224992184,0,1,1,1,0,0,1,1,0,0.15,0,0,87,0.333333333333333,1,1
"LV","LVA","Latvia",2026,0.2,100,100,1,1,1,1,1,0,0,0,0,0,0,0.105,0,1.15247743711117,0,0,0.285,0,21,99068.3611319155,0.6374126054143,0.5,0.413067880376925,0,0,1,0,0,0,1,1,1,0,0,0,63,0.333333333333333,1,0
"MX","MEX","Mexico",2026,0.3,0,10,0.795219524916135,0.630382676079967,0.795219524916135,0.5,0,0,0.055,0,0,0,0.259449,0.35,20.56753,1.22446946949643,0,2.513317,0.1,0.17142857,16,0,0.3362772305367,0.5,0.00652711950510728,0,0,1,0,0,0,0,0,0,0.1,0.35,0.35,60,0.666666666666667,1,0
"NL","NLD","Netherlands",2026,0.258,0.5,50,0.813463195231154,0.338474732816403,0.869865253929667,1,0,1,0.245,0,2,0,0.006504,0.52542991,1.169261,1.50013140131936,0,0,0.36,0.31,21,26782.0437109735,0.537410465118341,0.5,0.434162706372312,0,1,1,1,0,0,1,1,0,0.15,0,0,97,0.333333333333333,1,1
"NO","NOR","Norway",2026,0.22,0,100,0.781818181818182,0.373913043478261,0.737888702767901,0,0,0,0.22,0,1,0,0,0.474,1.75971,1.29224843743234,0,0,0.378,0.3784,25,5290.07546927466,0.518397632916655,0.5,0.0189125424891151,1,0,1,0,0,0,0.97,1,1,0.25,0,0,83,0.5,1,1
"NZ","NZL","New Zealand",2026,0.28,0,100,0.74468085106383,0.2,0.547953910556565,0.5,0,0,0.18,0,0,0,1.258877,0.39,2.166774,1.5582612453546,0,0,0,0.15277778,15,40734.3866793124,0.952745840637153,0.5,0.878648070633876,0,0,0,0,0,0,1,1,0,0.3,0.15,0.15,41,0.333333333333333,0.5,1
"PL","POL","Poland",2026,0.19,0,2.5,0.737888702767901,0.338474732816403,0.869865253929667,1,1,1,0.32,1,3,0,0,0.4543866,1.34808,1.20375878079325,0,0,0.19,0.19,23,121854.689298467,0.492832445732162,0.5,0.254197423817579,0,1,1,1,1,1,1,0,1,0.19,0.2,0.2,88,0.5,1,1
"PT","PRT","Portugal",2026,0.295,0,65,0.888411247396436,0.547953910556565,0.547953910556565,0.5,1,1,0.35,1,6,0,0.105691,0.5817,11.581589,1.20329257233272,0,0,0.196,0.28,23,28078.4249126761,0.574474065913418,0.5,0.424860067108369,0,1,1,1,0,0,1,1,1,0.25,0.25,0.25,78,0.5,1,1
"SE","SWE","Sweden",2026,0.206,0,100,0.86,0.479318672008477,0.86,0,0,0,0.11,0,1,0,0,0.5241,1.15434,1.21165225562806,0,0.053824,0.3,0.3,25,14037.5619422043,0.548775293465657,0.5,0.0345372224105833,0,0,1,1,0,0,1,1,0,0.3,0,0,83,0.666666666666667,1,1
"SI","SVN","Slovenia",2026,0.22,0,3.15,0.869865253929667,0.391406012913837,0.737888702767901,0.5,0,0,0.23,0,1,0,0.004801,0.613,3.589237,1.15554071451674,0,0,0,0.25,22,107467.562707323,0.5611892177825,0,0.336011139805084,0,1,1,0,0,0,0.95,0.475,1,0.15,0.15,0.15,60,0.333333333333333,0.5,1
"SK","SVK","Slovak Republic",2026,0.24,0,2.5,0.873879108036537,0.547953910556565,0.869865253929667,0.5,0,1,0.295,0,3,0,0.403978,0.3505,2.855355,1.12367615199656,0,0,0,0.07,23,97601.3492410519,0.524498890306345,0.5,0.372415865886564,0,0,0,1,0,1,1,1,1,0.35,0.19,0.19,75,0.5,1,0
"TR","TUR","Turkey",2026,0.25,0,5,0.864149148541634,0.431068736527055,0.69441435606903,0.5,1,1,0.055,1,2,0,0,0.408,5.582718,1.20438338261808,0,0,0,0.2,20,0,0.410782636484704,0.5,0.00413901780593602,0,1,1,0,1,1,1,1,0,0.15,0.1,0.2,93,0.666666666666667,0.5,1
"US","USA","United States",2026,0.255285,0,80,1,1,0.632751338890881,1,0,0,0.0675,0,2,0,0,0.46,8.733675,1.25294334842886,0,0,0.2887,0.28666715,7.5,0,0.343054842932629,0.5,1.88236665694233,0,1,1,1,0,0,1,0,0,0.3,0.3,0.3,64,0.333333333333333,1,1
