"ISO_2","ISO_3","country","year","corporate_rate","loss_carryback","loss_carryforward","machines_cost_recovery","buildings_cost_recovery","intangibles_cost_recovery","inventory","allowance_corporate_equity","patent_box","r_and_d_credit","digital_services_tax","corporate_alt_minimum","corporate_surtax","corporate_other_rev","turnover_tax_rev","top_income_rate","threshold_top_income_rate","tax_wedge","personal_surtax","personal_other_rev","capital_gains_rate","dividends_rate","vat_rate","vat_threshold","vat_base","property_tax","property_tax_collections","net_wealth","estate_or_inheritance_tax","transfer_tax","asset_tax","capital_duties","financial_transaction_tax","dividends_exemption","capital_gains_exemption","country_limitations","dividends_withholding_tax","interest_withholding_tax","royalties_withholding_tax","tax_treaties","cfc_rules","thin_capitalization_rules","minimum_tax"
"AT","AUT","Austria",2014,0.25,0,75,0.813463195231154,0.391406012913837,0.737888702767901,1,0,0,0.12,0,2,0,0.17980614229655,0,0.5,13.879673,1.09645361773845,0,0,0.25,0.25,20,34987.893314216,0.592377033703392,0,0.0913282337649062,0,0,1,1,1,0,1,1,0,0.25,0,0.2,84,0,0.5,0
"AU","AUS","Australia",2014,0.3,0,100,0.851484971473245,0.479318672008477,0.547953910556565,0.5,0,0,0.1425,0,0,0,0,0,0.465,2.266751,1.43905821484179,0,0,0.2325,0.27142857,10,48730.6403375008,0.451234945719453,1,0.719402688141774,0,0,1,0,0,0,1,1,0,0,0.1,0.3,44,0.333333333,0.5,0
"BE","BEL","Belgium",2014,0.3399,0,100,0.875897349190039,0.622404878792567,1.00486525392967,1,1,1,0.155,0,3,1,0.00253147546193366,0,0.5839317,1.592011,1.20775753738468,0,0,0,0.25,21,6319.04976005039,0.472228833755445,0.5,0.531828068764649,0,1,1,1,0,1,0.95,0.987878788,0,0.25,0.25,0.25,91,0,0.5,0
"CA","CAN","Canada",2014,0.26225272,3,20,0.965116279069767,0.614285714285714,0.43,0.5,0,0,0.245,0,1,0,0.0794824106786648,0,0.495296,3.421462,1.24818605090435,0,0,0.2475,0.338414,15.6,23453.725818895,0.375507158225657,0.5,1.54870621673407,0,0,1,1,1,0,1,0.5,1,0.25,0.25,0.25,93,0.333333333,0.5,0
"CH","CHE","Switzerland",2014,0.21148581,0,7,0.86,0.554838709677419,0.905263157894737,1,0,0,-0.01,0,0,0,0.269826355566029,0,0.41752888,3.461304,1.37395503520181,0,0,0,0.21135,8,63826.8268100133,0.687148595173838,0.5,0.0612195435395502,1,1,1,1,1,1,1,1,0,0.35,0.35,0,90,0,0.5,0
"CL","CHL","Chile",2014,0.21,100,100,0.705977756078566,0.42321653857669,0,0.5,0,0,0.295,0,1,0,0.151357318897607,0,0.4,10.379357,1.09656944261898,0,0,0.2,0.24050633,19,0,0.664812909781637,0.5,0.461132569765365,0,1,0,1,0,0,0,0,0,0.14,0.35,0.3,25,0,0.5,0
"CO","COL","Colombia",2014,0.34,0,100,0.737888702767901,0.547953910556565,0.869865253929667,0.5,0,0,0.31,0,5,1,0.0315282524256107,0,0.33,10.910447,0,0,1,0.1,0,16,0,0.462679063219835,0.5,0.412846043029416,0,1,1,0,0,1,0,0,0,0.2,0.33,0.33,8,0,0.5,0
"CR","CRI","Costa Rica",2014,0.3,0,3,0.822456690745778,0.278958448750364,0.737888702767901,1,0,0,-0.02,0,3,0,0.210036165042066,0.0463414076497462,0.22310769,1.947543,1.07240552697699,0,0.856389497321302,0,0.15,13,0,0.459392991069972,0.5,0.150760381451363,0,0,1,1,0,1,0,1,0,0.2,0.15,0.25,1,0,0,0
"CZ","CZE","Czech Republic",2014,0.19,0,5,0.873879108036537,0.543222830616488,0.841318847888109,0.5,0,0,0.175,0,0,0,0,0,0.15,3e-06,1.1494982455684,0,0,0,0.15,21,67707.9535587165,0.554411868102042,0.5,0.0918800616810772,0,1,1,0,0,0,1,1,1,0.15,0.15,0.15,83,0,0.5,0
"DE","DEU","Germany",2014,0.2970721,1,60,0.737888702767901,0.391406012913837,0.869865253929667,1,0,0,-0.02,0,0,1,0,0,0.47475,5.655649,1.09620397179002,1,0,0.25,0.26375,19,21297.5222109729,0.541000661800473,0.5,0.195897707778587,0,1,1,0,0,0,0.95,0.95,0,0.26375,0,0.15825,93,0.333333333,1,0
"DK","DNK","Denmark",2014,0.245,0,60,0.826923076923077,0.479318672008477,0.81340644290143,0,0,0,-0.01,0,0,0,0.462434949784896,0,0.55564,1.227747,1.21440659437092,0,0,0.42,0.42,25,5879.07638734969,0.577489602352864,0.5,0.66622719497477,0,1,1,0,0,0,1,1,1,0.27,0.25,0.25,73,0.666666667,0.5,0
"EE","EST","Estonia",2014,0.21,100,100,1,1,1,1,1,0,0,0,0,0,0,0,0.21,0.142892,1.05969516645565,0,0,0.21,0,20,25581.7765656457,0.684085892986962,1,0.16364460579987,0,0,0,0,0,0,1,0,1,0,0,0.1,51,0,0,0
"ES","ESP","Spain",2014,0.3,0,18,0.695001856615886,0.291385530174685,0.278958448750364,0.5,0,1,0.31,0,3,0,0,0,0.52,11.66034,1.10757664865188,0,0,0.27,0.27,21,0,0.398466763681639,0.5,0.468337797538682,1,1,1,0,1,0,1,1,1,0.21,0.21,0.2475,85,0.333333333,1,0
"FI","FIN","Finland",2014,0.2,0,10,0.826923076923077,0.518965517241379,0.737888702767901,0,0,0,0.17,0,0,0,0,0,0.57211391,2.530586,1.27934956070341,0,0,0.32,0.272,24,8589.47283647476,0.5654811588544,0.5,0.269080288104485,0,1,1,1,0,1,1,1,1,0.2,0,0.2,76,0.666666667,1,0
"FR","FRA","France",2014,0.38,1,50,0.880275603755891,0.547953910556565,0.869865253929667,0.5,0,1,0.425,0,3,1,0.191468212559285,0.283212658842618,0.55011,15.054145,1.22974354934036,0,0,0.38,0.44001,20,93551.0876400815,0.479634473872248,0.5,1.11930796898712,1,1,1,1,1,1,0.95,0.88,1,0.3,0,0.3333,124,0.666666667,1,0
"GB","GBR","United Kingdom",2014,0.21,1,100,0.758823529411765,0,0.826923076923077,0,0,1,0.185,0,1,0,0,0,0.47,4.271088,1.35256151899845,0,0,0.28,0.3055625,20,102850.559900547,0.435336159269144,0.5,1.73996559619767,0,1,1,1,0,1,1,1,0,0,0.2,0.2,124,0.333333333,0,0
"GR","GRC","Greece",2014,0.26,0,5,0.737888702767901,0.479318672008477,0.737888702767901,1,0,1,0.07,0,0,0,0.283704910792839,0.18975559824954,0.46,5.272871,1.21879533416814,0,0,0.15,0.1,23,6677.54959454146,0.378095236307258,0.5,0.694996431901783,0,1,1,1,1,1,1,0,1,0.25,0.15,0.2,55,0.333333333,0.5,0
"HU","HUN","Hungary",2014,0.19,0,50,0.816200383417959,0.278958448750364,0.737888702767901,0.5,0,1,0.2925,0,3,0,0.00426454287642991,0.645789251227081,0.345,0,1,0,0.00775326317205284,0.16,0.16,27,42328.198651231,0.520695149727031,0.5,0.205339775020412,0,1,1,1,0,0,1,1,0,0,0,0,73,0.666666667,0.5,0
"IE","IRL","Ireland",2014,0.125,3,100,0.787075165170195,0.479318672008477,0.646263719038607,0.5,0,0,0.235,0,1,0,0.00110043034826895,0,0.52,0.756265,1.47909529309448,0,0,0.33,0.51,23,78844.2561518391,0.441269980293727,0.5,0.429691173163581,0,1,1,0,0,1,0,1,1,0.2,0.2,0.2,68,0,0,0
"IL","ISR","Israel",2014,0.265,0,100,0.901030024355631,0.566067958099106,0.835370889649727,0.5,0,0,-0.01,0,0,0,0.272142541087297,0,0.5,6.0228,1.80581261277672,0,0,0.27,0.32,18,18611.874917961,0.645640833645588,0.5,1.21165000271552,0,0,1,0,0,0,0.5,0.5,0,0.3,0.25,0.25,53,0.333333333,0,0
"IS","ISL","Iceland",2014,0.2,0,10,0.86,0.602353618717047,0.812269350072009,0,0,0,0.24,0,1,0,0.360638375489243,0.0897793294779095,0.4624,1.366742,1.31119274927109,0,1,0.2,0.2,25.5,7006.49705254991,0.424793109523839,0,0.731562640088295,1,1,0,1,0,0,1,1,0,0.18,0.1,0.2,39,0.666666667,0,0
"IT","ITA","Italy",2014,0.3129275,0,80,0.760252585046526,0.462657542127945,0.965116279069767,1,1,0,-0.02,0,1,0,0.496915862530252,0,0.478431,9.885683,1.16592048916528,0,0,0.2,0.2,22,35990.6737367146,0.371981295828974,0,0.597996823738978,0.5,1,1,0,1,1,0.95,0.95,1,0.2,0.2,0.225,95,0.666666667,1,0
"JP","JPN","Japan",2014,0.3462,0.5,7.2,0.859028659709284,0.278958448750364,0.787075165170195,0.5,0,0,0.1,0,8,0,0.0197163394210856,0,0.510858,4.486476,1.08156295584319,1,0,0.204,0.20315,5,88240.3441644497,0.689149560117302,0.5,0.80748440782705,0,1,1,0,1,0,0.95,0,0,0.2,0.2,0.2,61,0.666666667,0.5,0
"KR","KOR","Korea",2014,0.242,0.5,10,0.921720532319392,0.547953910556565,0.737888702767901,1,0,1,0.165,0,6,0,0,0,0.43199462,4.583659,1.17032042536795,1,0,0,0.35398,10,26238.6011968703,0.625671748184548,0,0.304618634229138,0,1,1,0,1,1,0,0,1,0.22,0.22,0.22,80,0.666666667,0.5,0
"LT","LTU","Lithuania",2014,0.15,0,70,0.905263157894737,0.826923076923077,0.966194331983806,1,0,0,0.28,0,2,0,0,0,0.15,0.243957,1.06597852816577,0,0,0.15,0.15,21,101580,0.504836516956391,0.5,0.194083206402717,0,1,0,0,0,0,1,1,1,0.15,0.1,0.1,49,0.333333333,0.5,0
"LU","LUX","Luxembourg",2014,0.2922,0,100,0.873417350634541,0.479318672008477,0.869865253929667,1,0,1,-0.01,0,2,1,0.00693376796359515,0,0.45,2.982644,1.37930186096313,1,0,0,0.2,15,25182.6246203907,1.03002663156975,0.5,0.0519675653960096,0,1,1,1,0,0,1,1,0,0.15,0,0,70,0,0.5,0
"LV","LVA","Latvia",2014,0.15,0,100,0.905263157894737,0.614285714285714,0.869865253929667,0.5,0,0,0,0,0,0,0,0.256126416242857,0.24,0.113023,1.04186231521335,0,0,0.15,0.1,21,100402,0.490964368043442,0.5,0.385493050612391,0,0,1,0,0,0,1,1,1,0,0.05,0.05,56,0,0.5,0
"MX","MEX","Mexico",2014,0.3,0,10,0.795219524916135,0.630382676079967,0.795219524916135,0.5,0,0,-0.01,0,0,0,0.288649229349477,0,0.35,29.08548,1.23755685038611,0,1,0.1,0.17142857,16,0,0.284432163934219,0.5,0.0959301251029516,0,0,1,0,0,0,0,0,0,0.1,0.4,0.4,50,0.5,0.5,0
"NL","NLD","Netherlands",2014,0.25,1,9,0.813463195231154,0.338474732816403,0.869865253929667,1,0,1,0.1975,0,1,0,0.0225504736625367,0.00247615897027884,0.52,1.2394,1.27861525149859,0,0,0.3,0.22,21,1537.1932964077,0.510408294811067,0.5,0.346578646357588,0,1,1,1,0,0,1,1,0,0.15,0,0,96,0,0,0
"NO","NOR","Norway",2014,0.27,0,100,0.809090909090909,0.373913043478261,0.737888702767901,0,0,0,0.235,0,0,0,0,0,0.472,1.593848,1.29353579334581,0,0,0.27,0.27,25,5181.61744007035,0.543324621414541,0.5,0.142963973933058,1,0,1,0,0,0,0.97,0.97,1,0.25,0,0,88,0.5,1,0
"NZ","NZL","New Zealand",2014,0.28,0,100,0.731914893617021,0,0.547953910556565,0.5,0,0,-0.015,0,0,0,0.205702808784415,0,0.33,1.272312,1.51657566333512,0,0,0,0.06944444,15,38134.0006652947,0.940350594434632,0.5,1.23739065364448,0,0,0,0,0,0,1,1,0,0,0.15,0.15,37,0.333333333,0.5,0
"PL","POL","Poland",2014,0.19,0,2.5,0.737888702767901,0.338474732816403,0.869865253929667,1,0,0,-0.005,0,0,0,0,0,0.38751185,2.261463,1.04749361676091,0,0,0.19,0.19,23,77747.204225308,0.427940492990834,0.5,0.827461180651124,0,1,1,0,1,1,1,0,1,0.19,0.2,0.2,82,0,0.5,0
"PT","PRT","Portugal",2014,0.315,0,8.4,0.888411247396436,0.547953910556565,0.547953910556565,0.5,0,0,0.365,0,4,0,0.0292664430890323,0,0.61285,17.952075,1.2924877491264,0,0,0.28,0.28,23,14317.549643698,0.476837180700205,0.5,0.286643150854973,0,1,1,1,0,0,1,0,1,0.25,0.25,0.25,63,0.666666667,1,0
"SE","SWE","Sweden",2014,0.22,0,100,0.86,0.479318672008477,0.86,0,0,0,-0.01,0,0,0,0,0.0407990370800295,0.5686,1.508153,1.19381191525703,0,0.00086346195957941,0.3,0.3,25,0,0.545826491660416,0.5,0.363384601777319,0,0,1,1,0,0,1,1,0,0.3,0,0,79,0.666666667,0.5,0
"SI","SVN","Slovenia",2014,0.17,0,50,0.869865253929667,0.391406012913837,0.737888702767901,0.5,0,0,0.17,0,1,0,0.00797490388242338,0,0.6105,5.307771,1.22095144329362,0,0,0,0.25,22,74142.1047824595,0.577079632290644,0,0.218174650134289,0,1,1,0,0,0,0.95,0.475,1,0.15,0.15,0.15,0,0,0.5,0
"SK","SVK","Slovak Republic",2014,0.22,0,4,0.873879108036537,0.652728119257913,0.869865253929667,0.5,0,0,-0.01,0,3,0,0.0888156289368263,0,0.3505,3.766554,1.13151092379339,0,0,0.22,0,20,86990.532950811,0.432838657762112,0.5,0.214837333476132,0,0,0,1,0,0,1,0,1,0,0.19,0.19,66,0,0,0
"TR","TUR","Turkey",2014,0.2,0,5,0.864149148541634,0.431068736527055,0.69441435606903,0.5,0,0,0.05,0,0,0,0,0,0.358,3.998254,1.16838072167691,0,0,0,0.175,18,0,0.413990480397435,0.5,0.103781824736701,0,1,1,0,1,1,1,0.5,0,0.15,0.1,0.2,80,0.5,0.5,0
"US","USA","United States",2014,0.390755,2,20,0.93846273303009,0.34958311169213,0.632751338890881,1,0,0,0.055,0,1,0,0,0,0.486,8.220619,1.25179536706257,0,0,0.2858,0.28583863,7.2,0,0.340304339743926,0.5,1.57727334999075,0,1,1,1,0,0,0,0,0,0.3,0.3,0.3,66,0.333333333,0.5,0
"AT","AUT","Austria",2015,0.25,0,75,0.813463195231154,0.391406012913837,0.737888702767901,1,0,0,0.12,0,2,0,0.162822343267223,0,0.5,13.539476,1.0918321235404,0,0,0.25,0.25,20,34987.893314216,0.590574561306031,0,0.0921961495082854,0,0,1,1,1,0,1,1,0,0.25,0,0.2,85,0,0.5,0
"AU","AUS","Australia",2015,0.3,0,100,0.851484971473245,0.479318672008477,0.547953910556565,0.5,0,0,0.1425,0,0,0,0,0,0.49,2.229938,1.42440798506398,0,0,0.245,0.27142857,10,48730.6403375008,0.472482948362954,1,0.72522956852849,0,0,1,0,0,0,1,1,0,0,0.1,0.3,44,0.333333333,0.5,0
"BE","BEL","Belgium",2015,0.3399,0,100,0.875897349190039,0.622404878792567,1.00486525392967,1,1,1,0.155,0,3,1,0.00421445267431809,0,0.58435331,1.025977,1.21029970007111,0,0,0,0.25,21,6319.04976005039,0.46884433072661,0.5,0.551877459576398,0,1,1,1,0,1,0.95,0.987878788,0,0.25,0.25,0.25,91,0,0.5,0
"CA","CAN","Canada",2015,0.2668885,3,20,0.965116279069767,0.614285714285714,0.43,0.5,0,0,0.2125,0,1,0,0.0793409434976863,0,0.495296,3.353659,1.23819889307829,0,0,0.2475,0.338214,10.6,23453.725818895,0.363656503811612,0.5,1.53539892148189,0,0,1,1,1,0,1,0.5,1,0.25,0.25,0.25,93,0.333333333,0.5,0
"CH","CHE","Switzerland",2015,0.21148581,0,7,0.86,0.554838709677419,0.905263157894737,1,0,0,-0.01,0,0,0,0.303259567577754,0,0.4173622,3.474337,1.33463969632039,0,0,0,0.21135,8,63826.8268100133,0.691118348248865,0.5,0.061514187740255,1,1,1,1,1,1,1,1,0,0.35,0.35,0,91,0,0.5,0
"CL","CHL","Chile",2015,0.225,100,100,0.705977756078566,0.42321653857669,0,0.5,0,0,0.295,0,0,0,0.200547999255439,0,0.4,10.035255,1.0962158410178,0,0,0.2,0.22580645,19,0,0.655358538664883,0.5,0.412201693834037,0,1,0,1,0,0,0,0,0,0.125,0.35,0.3,25,0,0.5,0
"CO","COL","Colombia",2015,0.39,0,100,0.737888702767901,0.547953910556565,0.869865253929667,0.5,0,0,0.31,0,5,1,0.0290728060688244,0,0.33,11.369485,0,0,1,0.1,0,16,0,0.405465129187652,0.5,0.458548263142363,1,1,1,0,0,1,0,0,0,0.2,0.33,0.33,10,0,0.5,0
"CR","CRI","Costa Rica",2015,0.3,0,3,0.822456690745778,0.278958448750364,0.737888702767901,0.5,0,0,-0.02,0,3,0,0.218427031337431,0.0614998795553873,0.22467692,1.981938,1.0718240431944,0,0.858561111135592,0,0.15,13,0,0.451870670124876,0.5,0.164852969806491,0,0,1,1,0,1,1,1,0,0.15,0.15,0.25,1,0,0,0
"CZ","CZE","Czech Republic",2015,0.19,0,5,0.873879108036537,0.543222830616488,0.841318847888109,0.5,0,0,0.18,0,0,0,0,0,0.15,3e-06,1.14448685981597,0,0,0,0.15,21,67707.9535587165,0.553680420894398,0.5,0.0929843403462759,0,1,1,0,0,0,1,1,1,0.15,0.15,0.15,83,0,0.5,0
"DE","DEU","Germany",2015,0.29780475,1,60,0.737888702767901,0.391406012913837,0.869865253929667,1,0,0,-0.02,0,0,1,0,0,0.47475,5.529533,1.09637751941758,1,0,0.26375,0.26375,19,21297.5222109729,0.536334934624412,0.5,0.196555987382251,0,1,1,0,0,0,0.95,0.95,0,0.26375,0,0.15825,93,0.333333333,1,0
"DK","DNK","Denmark",2015,0.235,0,60,0.826923076923077,0.479318672008477,0.81340644290143,0,0,0,-0.01,0,0,0,0.284715805923554,0,0.55794,1.236698,1.22350959029854,0,0,0.42,0.42,25,5879.07638734969,0.550762331226742,0.5,0.69945526769419,0,1,1,0,0,0,1,1,1,0.27,0.22,0.22,73,0.666666667,0.5,0
"EE","EST","Estonia",2015,0.2,100,100,1,1,1,1,1,0,0,0,0,0,0,0,0.2032,0.143966,1.05659664467061,0,0,0.2,0,20,25581.7765656457,0.651908977287506,1,0.150702940466045,0,0,0,0,0,0,1,0,1,0,0,0.1,55,0,0,0
"ES","ESP","Spain",2015,0.28,0,50,0.778563038959402,0.391406012913837,0.278958448750364,0.5,0,1,0.31,0,3,0,0,0,0.45,2.445619,1.100087896549,0,0,0.24,0.235,21,0,0.38430853360049,0.5,0.513909238640511,1,1,1,0,1,0,1,1,1,0.195,0.195,0.195,87,0.333333333,1,0
"FI","FIN","Finland",2015,0.2,0,10,0.826923076923077,0.518965517241379,0.737888702767901,0,0,0,0.13,0,0,0,0,0,0.57467517,2.255193,1.27973903794593,0,0,0.33,0.2805,24,8589.47283647476,0.557527327340092,0.5,0.281299882190186,0,1,1,0,0,1,1,1,1,0.2,0,0.2,76,0.666666667,1,0
"FR","FRA","France",2015,0.38,1,50,0.880275603755891,0.547953910556565,0.869865253929667,0.5,0,1,0.425,0,3,1,0.186024549283114,0.266066495980154,0.550365,14.77634,1.23126985164724,0,0,0.344,0.44001,20,93551.0876400815,0.478653518071982,0.5,1.15309534887437,1,1,1,1,1,1,0.95,0.88,1,0.3,0,0.3333,124,0.666666667,1,0
"GB","GBR","United Kingdom",2015,0.2,1,100,0.758823529411765,0,0.826923076923077,0,0,1,0.185,0,2,0,0,0,0.47,4.169222,1.37144974916249,0,0,0.28,0.3055625,20,102850.559900547,0.438874146533234,0.5,1.76205430388324,0,1,1,1,0,1,1,1,0,0,0.2,0.2,124,0.333333333,0,0
"GR","GRC","Greece",2015,0.29,0,5,0.737888702767901,0.479318672008477,0.737888702767901,0.5,0,1,0.07,0,0,0,0.359814573056954,0.196664085780818,0.5,25.031983,1.22660680778477,0,0,0.15,0.1,23,6677.54959454146,0.369838845714173,0.5,0.669905152561012,0,1,1,1,1,1,1,0,1,0.1,0.15,0.2,57,0.333333333,1,0
"HU","HUN","Hungary",2015,0.19,0,2.5,0.816200383417959,0.278958448750364,0.737888702767901,0.5,0,1,0.285,0,3,0,0,0.624647226593601,0.345,0,1,0,0.00657937953163134,0.16,0.16,27,42328.198651231,0.522554356110699,0.5,0.296463733463678,0,1,1,1,0,0,1,1,0,0,0,0,75,0.666666667,0.5,0
"IE","IRL","Ireland",2015,0.125,1,100,0.787075165170195,0.479318672008477,0.646263719038607,0.5,0,0,0.245,0,1,0,0.00103933381254748,0,0.52,1.601654,1.47380061626527,0,0,0.33,0.51,23,78844.2561518391,0.447749548623797,0.5,0.494496667922909,0,1,1,0,0,1,0,1,1,0.2,0.2,0.2,68,0,0,0
"IL","ISR","Israel",2015,0.265,0,100,0.901030024355631,0.566067958099106,0.835370889649727,0.5,0,0,-0.01,0,0,0,0.170119067980924,0,0.5,5.80213,1.75297205312979,0,0,0.27,0.32,18,18611.874917961,0.649773699512403,0.5,1.20935452872823,0,0,1,0,0,0,0.5,0.5,0,0.3,0.265,0.265,53,0.333333333,0,0
"IS","ISL","Iceland",2015,0.2,0,10,0.86,0.602353618717047,0.812269350072009,0,0,0,0.24,0,1,0,0.3492976612276,0.0893751408640394,0.4624,1.363465,1.30661468480631,0,1,0.2,0.2,24,7006.49705254991,0.426024536009722,0,0.790189488128798,0,1,0,1,0,0,1,1,0,0.18,0.1,0.2,39,0.666666667,0,0
"IT","ITA","Italy",2015,0.3129275,0,80,0.760252585046526,0.462657542127945,0.965116279069767,1,1,1,-0.02,0,1,0,0.481349118663981,0,0.488131,9.819967,1.20258863894233,0,0,0.26,0.26,22,35990.6737367146,0.366925702778244,0,0.523120244738885,0.5,1,1,0,1,1,0.95,0.95,1,0.26,0.26,0.225,95,0.666666667,1,0
"JP","JPN","Japan",2015,0.3211,0.5,5.85,0.859028659709284,0.278958448750364,0.787075165170195,0.5,0,0,0.1,0,8,1,0.0176683017334078,0,0.56165275,8.739852,1.07597999577863,1,0,0.204,0.20315,8,88240.3441644497,0.704258210071558,0.5,0.807110876981277,0,1,1,0,1,0,0.95,0,0,0.2042,0.2042,0.2042,64,0.666666667,0.5,0
"KR","KOR","Korea",2015,0.242,0.5,10,0.921720532319392,0.547953910556565,0.737888702767901,1,0,1,0.1525,0,4,0,0,0,0.43224366,4.456371,1.20163057443951,1,0,0,0.35398,10,26238.6011968703,0.606463450534366,0,0.309500940113759,0,1,1,0,1,1,0,0,1,0.22,0.22,0.22,83,0.666666667,0.5,0
"LT","LTU","Lithuania",2015,0.15,0,70,0.905263157894737,0.826923076923077,0.966194331983806,1,0,0,0.28,0,2,0,0,0,0.24,0.231005,1.08299363752899,0,0,0.15,0.15,21,100897,0.504767500993234,0.5,0.188257804762392,0,1,0,0,0,0,1,1,1,0.15,0.1,0.1,51,0.333333333,0.5,0
"LU","LUX","Luxembourg",2015,0.2922,0,100,0.873417350634541,0.479318672008477,0.869865253929667,1,0,1,-0.01,0,2,1,0.00683794766945752,0,0.455,2.932785,1.36679427462508,1,0,0,0.2,17,25182.6246203907,1.0810052264981,0.5,0.0488656860114262,0,1,1,1,0,0,1,1,0,0.15,0,0,74,0,0.5,0
"LV","LVA","Latvia",2015,0.15,0,100,0.905263157894737,0.614285714285714,0.869865253929667,0.5,0,0,0.28,0,0,0,0,0.308489245509926,0.23,0.104819,1.04660329015017,0,0,0.15,0.1,21,100604,0.517286196192543,0.5,0.382310120350886,0,0,1,0,0,0,1,1,1,0,0,0,57,0,0.5,0
"MX","MEX","Mexico",2015,0.3,0,10,0.795219524916135,0.630382676079967,0.795219524916135,0.5,0,0,-0.01,0,0,0,0.262217527878114,0,0.35,27.92276,1.21837419938503,0,1,0.1,0.17142857,16,0,0.259242402814058,0.5,0.0931841229840583,0,0,1,0,0,0,0,0,0,0.1,0.4,0.4,54,0.5,0.5,0
"NL","NLD","Netherlands",2015,0.25,1,9,0.813463195231154,0.338474732816403,0.869865253929667,1,0,1,0.195,0,1,0,0.00965677864452532,0.00244925788287042,0.5265942,1.223137,1.33425350124903,0,0,0.3,0.25,21,1537.1932964077,0.465716681041926,0.5,0.396320689755922,0,1,1,1,0,0,1,1,0,0.15,0,0,96,0,0,0
"NO","NOR","Norway",2015,0.27,0,100,0.809090909090909,0.373913043478261,0.737888702767901,0,0,0,0.2325,0,0,0,0,0.00326012744166012,0.472,1.59089,1.29377699895611,0,0,0.27,0.27,25,5181.61744007035,0.540716076361379,0.5,0.150750165658457,1,0,1,0,0,0,0.97,0.97,1,0.25,0,0,88,0.5,1,0
"NZ","NZL","New Zealand",2015,0.28,0,100,0.731914893617021,0,0.547953910556565,0.5,0,0,-0.015,0,0,0,0.195645385910869,0,0.33,1.240343,1.49457213175502,0,0,0,0.06944444,15,38134.0006652947,0.947369325037464,0.5,1.25652687961475,0,0,0,0,0,0,1,1,0,0,0.15,0.15,39,0.333333333,0.5,0
"PL","POL","Poland",2015,0.19,0,2.5,0.737888702767901,0.338474732816403,0.869865253929667,1,0,0,-0.005,0,0,0,0,0,0.38751185,2.181915,1.04430579860227,0,0,0.19,0.19,23,77747.204225308,0.426185221770588,0.5,0.87463275437691,0,1,1,0,1,1,1,0,1,0.19,0.2,0.2,82,0.5,1,0
"PT","PRT","Portugal",2015,0.295,0,8.4,0.888411247396436,0.547953910556565,0.547953910556565,0.5,0,0,0.36,0,4,0,0.0246612360416672,0,0.61285,17.79962,1.29529759786429,0,0,0.28,0.28,23,14317.549643698,0.461929896692866,0.5,0.342436214977415,0,1,1,1,0,0,1,1,1,0.25,0.25,0.25,63,0.666666667,1,0
"SE","SWE","Sweden",2015,0.22,0,100,0.86,0.479318672008477,0.86,0,0,0,0.05,0,0,0,0,0.0396813112760323,0.5699,1.519275,1.20339295839062,0,0.00327458913642257,0.3,0.3,25,0,0.543107331604018,0.5,0.391477114946734,0,0,1,1,0,0,1,1,0,0.3,0,0,80,0.666666667,0.5,0
"SI","SVN","Slovenia",2015,0.17,0,50,0.869865253929667,0.391406012913837,0.737888702767901,0.5,0,0,0.17,0,1,0,0.00594314620485196,0,0.6105,5.265523,1.21683195711397,0,0,0,0.25,22,74142.1047824595,0.631098521529257,0,0.231697310403401,0,1,1,1,0,0,0.95,0.475,1,0.15,0.15,0.15,0,0,0.5,0
"SK","SVK","Slovak Republic",2015,0.22,0,4,0.873879108036537,0.547953910556565,0.869865253929667,0.5,0,0,-0.01,0,3,0,0.0774449128540555,0,0.3505,3.680808,1.12814808905516,0,0,0.22,0,20,86990.532950811,0.471338295360289,0.5,0.218489366419464,0,0,0,1,0,0,1,0,1,0,0.19,0.19,66,0,1,0
"TR","TUR","Turkey",2015,0.2,0,5,0.864149148541634,0.431068736527055,0.69441435606903,0.5,0,0,0.055,0,0,0,0,0,0.358,3.862626,1.1559445608408,0,0,0,0.175,18,0,0.453254123370126,0.5,0.101472897061447,0,1,1,0,1,1,1,0.5,0,0.15,0.1,0.2,80,0.5,0.5,0
"US","USA","United States",2015,0.389975,2,20,0.93846273303009,0.34958311169213,0.632751338890881,1,0,0,0.055,0,1,0,0,0,0.486,8.20792,1.24584614509777,0,0,0.2854,0.28535406,7.3,0,0.351283908502509,0.5,1.56742350334384,0,1,1,1,0,0,0,0,0,0.3,0.3,0.3,66,0.333333333,0.5,0
"AT","AUT","Austria",2016,0.25,0,75,0.813463195231154,0.338474732816403,0.737888702767901,1,0,0,0.12,0,2,0,0.155762868563452,0,0.55,24.310926,1.0870029378926,0,0,0.275,0.275,20,36585.3658536585,0.589963472682976,0,0.0914684145442239,0,0,1,1,0,0,1,1,0,0.275,0,0.2,86,0,0.5,0
"AU","AUS","Australia",2016,0.3,0,100,0.851484971473245,0.479318672008477,0.547953910556565,0.5,0,0,0.1425,0,1,0,0,0,0.49,2.194088,1.45666927578124,0,0,0.245,0.27142857,10,50335.5704697987,0.473442624068506,1,0.721190088552973,0,0,1,0,0,0,1,1,0,0,0.1,0.3,44,0.333333333,0.5,0
"BE","BEL","Belgium",2016,0.3399,0,100,0.875897349190039,0.622404878792567,1.00486525392967,1,1,1,0.155,0,3,1,0.0046828987945586,0,0.60533822,1.046325,1.21683582532099,0,0,0,0.27,21,30487.8048780488,0.464082552315409,0.5,0.561096321996512,0,1,1,1,0,1,0.95,0.987878788,0,0.27,0.27,0.27,93,0,0.5,0
"CA","CAN","Canada",2016,0.26686924,3,20,0.965116279069767,0.614285714285714,0.43,0.5,0,0,0.2125,0,1,0,0.0905197563992335,0,0.535296,3.374233,1.23699499646999,0,0,0.2475,0.39343524,10.6,24000,0.369094919139386,0.5,1.50218467776038,0,0,1,1,1,0,1,0.5,1,0.25,0.25,0.25,93,0.333333333,0.5,0
"CH","CHE","Switzerland",2016,0.21148581,0,7,0.86,0.554838709677419,0.905263157894737,1,0,0,-0.01,0,0,0,0.302762742099916,0,0.41729972,3.371824,1.33650183664244,0,0,0,0.21135,8,78125,0.684784595507014,0.5,0.0601984279725905,1,1,1,1,1,1,1,1,0,0.35,0.35,0,92,0,0.5,0
"CL","CHL","Chile",2016,0.24,100,100,0.705977756078566,0.42321653857669,0,0.5,0,0,0.295,0,0,0,0.175367256889409,0,0.4,9.754696,1.09267151823827,0,0,0.4,0.21052632,19,0,0.651358617151269,0.5,0.385163624751765,0,1,0,1,0,0,0,0,0,0.11,0.35,0.3,25,0.333333333,0.5,0
"CO","COL","Colombia",2016,0.4,0,100,0.737888702767901,0.547953910556565,0.869865253929667,0.5,0,0,0.38,0,5,1,0.0310542043000844,0,0.33,11.492163,0,0,1,0.1,0,16,0,0.422509423949585,0.5,0.474505962630269,1,1,1,0,0,1,0,0,0,0.2,0.33,0.33,12,0,0.5,0
"CR","CRI","Costa Rica",2016,0.3,0,3,0.822456690745778,0.278958448750364,0.737888702767901,0.5,0,0,-0.02,0,3,0,0.226575343459138,0.0640846986143896,0.23107123,2.026157,1.07248856743288,0,0.860705225470128,0,0.15,13,0,0.442089415647467,0.5,0.171928353478852,0,0,1,1,0,1,1,1,0,0.15,0.15,0.25,1,0,0,0
"CZ","CZE","Czech Republic",2016,0.19,0,5,0.873879108036537,0.543222830616488,0.841318847888109,0.5,0,0,0.18,0,0,0,0,0,0.15,3e-06,1.13960448042804,0,0,0,0.15,21,75872.5341426404,0.569057447595794,0.5,0.0908814429083962,0,1,1,0,0,0,1,1,1,0.15,0.15,0.15,86,0,0.5,0
"DE","DEU","Germany",2016,0.29818844,1,60,0.737888702767901,0.391406012913837,0.869865253929667,1,0,0,-0.02,0,0,1,0,0,0.47475,5.504366,1.09659736453006,1,0,0.26375,0.26375,19,22151.8987341772,0.539349202284178,0.5,0.196817506885249,0,1,1,0,0,0,0.95,0.95,0,0.26375,0,0.15825,93,0.333333333,1,0
"DK","DNK","Denmark",2016,0.22,0,60,0.826923076923077,0.479318672008477,0.81340644290143,0,0,0,-0.01,0,0,0,0.493581111886606,0,0.55794,1.249225,1.22316299719042,0,0,0.42,0.42,25,6666.66666666667,0.559685466281436,0.5,0.713651985591067,0,1,1,0,0,0,1,1,1,0.27,0.22,0.22,73,0.666666667,0.5,0
"EE","EST","Estonia",2016,0.2,100,100,1,1,1,1,1,0,0,0,0,0,0,0,0.2,0.147724,1.05597333193948,0,0,0.2,0,20,28571.4285714286,0.683809813976812,1,0.148080069889965,0,0,0,0,0,0,1,0,1,0,0,0.1,56,0,0,0
"ES","ESP","Spain",2016,0.25,0,25,0.778563038959402,0.391406012913837,0.737888702767901,0.5,0,1,0.305,0,1,0,0,0,0.45,2.449093,1.10695352184893,0,0,0.23,0.23,21,0,0.404376714977857,0.5,0.543271486763564,1,1,1,0,1,0,1,1,1,0.19,0.19,0.19,92,0.333333333,1,0
"FI","FIN","Finland",2016,0.2,0,10,0.826923076923077,0.518965517241379,0.737888702767901,0,0,0,-0.005,0,0,0,0,0,0.58943686,1.803856,1.28215380591184,0,0,0.34,0.289,24,10752.688172043,0.54932439014208,0.5,0.308748028308603,0,1,0,0,0,1,1,1,1,0.2,0,0.2,76,0.666666667,1,0
"FR","FRA","France",2016,0.34433333,1,50,0.880275603755891,0.547953910556565,0.869865253929667,0.5,0,1,0.425,0,3,1,0.208984461176925,0.293995460153119,0.55062,14.830284,1.27221402759431,0,0,0.3444675,0.44001,20,100243.902439024,0.476904816857445,0.5,1.15662826534133,1,1,1,1,1,1,0.95,0.88,1,0.3,0,0.3333,124,0.666666667,1,0
"GB","GBR","United Kingdom",2016,0.2,1,100,0.758823529411765,0,0.826923076923077,0,0,1,0.195,0,1,0,0,0,0.47,4.042911,1.37679220551763,0,0,0.28,0.381,20,118840.579710145,0.444842424850705,0.5,1.76600344852385,0,1,1,1,0,1,1,1,0,0,0.2,0.2,125,0.333333333,0,0
"GR","GRC","Greece",2016,0.29,0,5,0.737888702767901,0.479318672008477,0.737888702767901,0.5,0,1,0.085,0,0,0,0.271639866624059,0.142161872010008,0.55,11.59406,1.31293792908651,0,0,0.15,0.1,23,16393.4426229508,0.38141190237184,0.5,0.894387508783943,0,1,1,1,1,1,1,0,1,0.1,0.15,0.2,57,0.333333333,1,0
"HU","HUN","Hungary",2016,0.19,0,2.5,0.816200383417959,0.278958448750364,0.737888702767901,0.5,0,1,0.285,0,3,0,0.00298034199990674,0.568805980899152,0.335,0,1,0,0.00575991751469412,0.15,0.15,27,44822.9493500672,0.559784143082692,0.5,0.290242310517407,0,1,1,1,0,0,1,1,0,0,0,0,77,0.666666667,0.5,0
"IE","IRL","Ireland",2016,0.125,1,100,0.787075165170195,0.479318672008477,0.646263719038607,0.5,0,1,0.26,0,1,0,0.00096190391512968,0,0.52,1.566533,1.4949963742723,0,0,0.33,0.51,23,88339.222614841,0.482817251622132,0.5,0.523497254729482,0,1,1,0,0,1,0,1,1,0.2,0.2,0.2,70,0,0,0
"IL","ISR","Israel",2016,0.25,0,100,0.901030024355631,0.566067958099106,0.835370889649727,0.5,0,0,-0.01,0,0,0,0.172123968658065,0,0.5,5.59539,1.7122417060285,0,0,0.27,0.32,17,25517.0103092784,0.637323469647497,0.5,1.19844900264017,0,0,1,0,0,0,0.5,0.5,0,0.3,0.25,0.25,53,0.333333333,0,0
"IS","ISL","Iceland",2016,0.2,0,10,0.86,0.602353618717047,0.812269350072009,0.5,0,0,0.24,0,1,0,0.476684686662459,0.049575875576879,0.46249998,1.261743,1.29119231546595,0,1,0.2,0.2,24,7032.3488045007,0.435290657860444,0,0.824067605225514,0,1,0,1,0,0,1,1,0,0.18,0.1,0.2,39,0.666666667,0,0
"IT","ITA","Italy",2016,0.3129275,0,80,0.760252585046526,0.462657542127945,0.965116279069767,1,1,1,0.04,0,1,0,0.518346697166618,0,0.488131,9.797844,1.21179400976651,0,0,0.26,0.26,22,40000,0.361474709909124,0,0.64040281676422,0.5,1,1,0,1,1,0.95,0.95,1,0.26,0.26,0.225,96,0.666666667,1,0
"JP","JPN","Japan",2016,0.2997,0.5,5.4,0.859028659709284,0.278958448750364,0.787075165170195,0.5,0,0,0.06,0,8,1,0.0172288467439476,0,0.56121221,8.632352,1.07173199452563,1,0,0.204,0.2032,8,94939.7132820659,0.998277635370478,0.5,0.800895970382202,0,1,1,0,1,0,0.95,0,0,0.2042,0.2042,0.2042,65,0.666666667,0.5,0
"KR","KOR","Korea",2016,0.242,0.5,8,0.921720532319392,0.547953910556565,0.737888702767901,1,0,1,0.145,0,4,0,0,0,0.43239866,4.27601,1.3242849238861,1,0,0,0.35398,10,26928.4712482468,0.622668207673665,0,0.321530434101263,0,1,1,0,1,1,0,0,1,0.22,0.22,0.22,85,0.666666667,0.5,0
"LT","LTU","Lithuania",2016,0.15,0,70,0.905263157894737,0.826923076923077,0.966194331983806,1,0,0,0.28,0,2,0,0,0,0.24,0.256148,1.0780887452249,0,0,0.15,0.15,21,100671,0.515195780846831,0.5,0.202475128876953,0,1,0,0,0,0,1,1,1,0.15,0.1,0.1,54,0.333333333,0.5,0
"LU","LUX","Luxembourg",2016,0.2922,0,100,0.873417350634541,0.479318672008477,0.869865253929667,1,0,1,-0.01,0,2,1,0.00553493336355822,0,0.455,2.902134,1.36672204021544,1,0,0,0.2,17,27777.7777777778,1.15434553238559,0.5,0.0490990183781264,0,1,1,1,0,0,1,1,0,0.15,0,0,74,0,0.5,0
"LV","LVA","Latvia",2016,0.15,0,100,0.905263157894737,0.614285714285714,0.869865253929667,0.5,0,0,0.28,0,0,0,0,0.334141380175244,0.23,0.13215,1.04188229989831,0,0,0.15,0.1,21,98619.3293885602,0.536362469025909,0.5,0.408427572615081,0,0,1,0,0,0,1,1,1,0,0,0,58,0,0.5,0
"MX","MEX","Mexico",2016,0.3,0,10,0.795219524916135,0.630382676079967,0.795219524916135,0.5,0,0,-0.01,0,0,0,0.0510181022506363,0,0.35,26.87409,1.2311406759727,0,1,0.1,0.17142857,16,0,0.291399708081684,0.5,0.106231450138275,0,0,1,0,0,0,0,0,0,0.1,0.4,0.4,55,0.5,0.5,0
"NL","NLD","Netherlands",2016,0.25,1,9,0.813463195231154,0.338474732816403,0.869865253929667,1,0,1,0.195,0,1,0,0.00192725270546654,0.00192725270546654,0.526512,1.393037,1.32000309249138,0,0,0.3,0.25,21,1620.48192771084,0.461391967320122,0.5,0.492242318009189,0,1,1,1,0,0,1,1,0,0.15,0,0,96,0,0,0
"NO","NOR","Norway",2016,0.25,0,100,0.809090909090909,0.373913043478261,0.737888702767901,0,0,0,0.2325,0,0,0,0,0,0.469,1.616283,1.29778346759071,0,0,0.288,0.2875,25,5102.04081632653,0.533087417340904,0.5,0.153294056848831,1,0,1,0,0,0,0.97,0.97,1,0.25,0,0,87,0.5,1,0
"NZ","NZL","New Zealand",2016,0.28,0,100,0.731914893617021,0,0.547953910556565,0.5,0,0,-0.02,0,0,0,0.217079121407686,0,0.33,1.203228,1.47622772725371,0,0,0,0.06944444,15,40816.3265306122,0.962844990880115,0.5,1.25882177956604,0,0,0,0,0,0,1,1,0,0,0.15,0.15,39,0.333333333,0.5,0
"PL","POL","Poland",2016,0.19,0,2.5,0.737888702767901,0.338474732816403,0.869865253929667,1,0,0,-0.005,0,0,0,0,0,0.38751185,2.110023,1.0426806657941,0,0,0.19,0.19,23,83333.3333333333,0.43561605007097,0.5,0.886232396140753,0,1,1,1,1,1,1,0,1,0.19,0.2,0.2,82,0.5,1,0
"PT","PRT","Portugal",2016,0.295,0,8.4,0.888411247396436,0.547953910556565,0.547953910556565,0.5,0,0,0.35,0,3,0,0.0469396206033982,0,0.61285,15.980727,1.25733407121881,0,0,0.28,0.28,23,16949.1525423729,0.488493385766762,0.5,0.372596845199998,0,1,1,1,0,0,1,1,1,0.25,0.25,0.25,64,0.666666667,1,0
"SE","SWE","Sweden",2016,0.22,0,100,0.86,0.479318672008477,0.86,0,0,0,0.05,0,0,0,0,0.0358538652201536,0.601,1.503143,1.20270650277373,0,0.00109984182006592,0.3,0.3,25,0,0.547691438052985,0.5,0.38295105378459,0,0,1,1,0,0,1,1,0,0.3,0,0,81,0.666666667,0.5,0
"SI","SVN","Slovenia",2016,0.17,0,50,0.869865253929667,0.391406012913837,0.737888702767901,0.5,0,0,0.17,0,1,0,0.00400331269516681,0,0.6105,5.194874,1.2147355215129,0,0,0,0.25,22,83333.3333333333,0.593100807091788,0,0.22461848053301,0,1,1,1,0,0,0.95,0.475,1,0.15,0.15,0.15,0,0,0.5,0
"SK","SVK","Slovak Republic",2016,0.22,0,4,0.873879108036537,0.547953910556565,0.869865253929667,0.5,0,0,0.095,0,3,0,0.0653344270676776,0,0.3505,3.576551,1.12486423872124,0,0,0,0,20,99580,0.49281655088285,0.5,0.218778848455961,0,0,0,1,0,0,1,0,1,0,0.19,0.19,66,0,1,0
"TR","TUR","Turkey",2016,0.2,0,5,0.864149148541634,0.431068736527055,0.69441435606903,0.5,1,1,0.055,0,0,0,0,0,0.358,3.460417,1.15099982891797,0,0,0,0.175,18,0,0.409253498537585,0.5,0.113874275237482,0,1,1,0,1,1,1,0.5,0,0.15,0.1,0.2,81,0.5,0.5,0
"US","USA","United States",2016,0.38923934,2,20,0.93846273303009,0.34958311169213,0.632751338890881,1,0,0,0.055,0,1,0,0,0,0.486,8.088075,1.25434910763449,0,0,0.2852,0.2851581,7.3,0,0.356626268476982,0.5,1.56355814270321,0,1,1,1,0,0,0,0,0,0.3,0.3,0.3,66,0.333333333,0.5,0
"AT","AUT","Austria",2017,0.25,0,75,0.813463195231154,0.338474732816403,0.737888702767901,1,0,0,0.15,0,2,0,0.144625467165782,0,0.55,23.826478,1.11347511444249,0,0,0.275,0.275,20,36585.3658536585,0.594081593838077,0,0.0911920736227969,0,0,1,1,0,0,1,1,0,0.275,0,0.2,86,0,0.5,0
"AU","AUS","Australia",2017,0.3,0,100,0.851484971473245,0.479318672008477,0.547953910556565,0.5,0,0,0.1525,0,3,0,0,0,0.49,2.15994,1.44605208289466,0,0,0.245,0.24285714,10,50335.5704697987,0.483701427146851,1,0.716954050016526,0,0,1,1,0,0,1,1,0,0,0.1,0.3,44,0.333333333,0.5,0
"BE","BEL","Belgium",2017,0.3399,0,100,0.875897349190039,0.622404878792567,1.00486525392967,1,1,1,0.155,0,3,1,0.0036803590494026,0,0.60215738,1.044424,1.24232298974462,0,0,0,0.3,21,30487.8048780488,0.455971895682323,0.5,0.560770807770072,0,1,1,1,0,1,0.95,0.987878788,0,0.3,0.3,0.3,93,0,0.5,0
"CA","CAN","Canada",2017,0.26644782,3,20,0.965116279069767,0.614285714285714,0.43,0.5,0,0,0.2125,0,1,0,0.0891237792399144,0,0.535296,3.278689,1.23901410816404,0,0,0.2675,0.39343524,12.4,24000,0.552792373023635,0.5,1.47134547936459,0,0,1,1,1,0,1,0.5,1,0.25,0.25,0.25,93,0.333333333,0.5,0
"CH","CHE","Switzerland",2017,0.21148581,0,7,0.86,0.554838709677419,0.905263157894737,1,0,0,-0.01,0,0,0,0.314769313632496,0,0.41692468,3.357612,1.3787052760042,0,0,0,0.21135,8,78125,0.673937071640511,0.5,0.0658775517689275,1,1,1,1,1,1,1,1,0,0.35,0.35,0,93,0,0.5,0
"CL","CHL","Chile",2017,0.255,0,100,0.705977756078566,0.42321653857669,0,0.5,0,0,0.295,0,1,0,0.208492789425298,0,0.35,7.727266,1.0897172494346,0,0,0.35,0.24731544,19,0,0.657371548095395,0.5,0.387689248251899,0,1,0,1,0,0,0,0,0,0.1843,0.35,0.3,26,0.333333333,0.5,0
"CO","COL","Colombia",2017,0.4,0,12,0.737888702767901,0.305956530933891,0.869865253929667,0.5,0,0,0.395,0,3,1,0.0467628864521783,0,0.33,11.615895,0,0,1,0.1,0.1,19,0,0.414249785033447,0.5,0.468504992095575,1,1,1,0,0,1,0,0,0,0.1,0.33,0.33,12,0.333333333,0.5,0
"CR","CRI","Costa Rica",2017,0.3,0,3,0.822456690745778,0.278958448750364,0.737888702767901,0.5,0,0,-0.02,0,3,0,0.233566015925224,0.0469700478616644,0.23607123,1.973903,1.06771182311917,0,0.86176414181388,0,0.15,13,0,0.439635940124568,0.5,0.182757267445319,0,0,1,1,0,1,1,1,0,0.15,0.15,0.25,2,0,0,0
"CZ","CZE","Czech Republic",2017,0.19,0,5,0.873879108036537,0.543222830616488,0.841318847888109,0.5,0,0,0.18,0,0,0,0,0,0.15,3e-06,1.13315299762286,0,0,0,0.15,21,75872.5341426404,0.569929397758405,0.5,0.0921559795228965,0,1,1,0,0,0,1,1,1,0.15,0.15,0.15,88,0,0.5,0
"DE","DEU","Germany",2017,0.29889263,1,60,0.737888702767901,0.391406012913837,0.869865253929667,1,0,0,-0.02,0,0,1,0,0,0.47475,5.464008,1.09534462589061,1,0,0.26375,0.26375,19,22151.8987341772,0.545637178463438,0.5,0.199935635882316,0,1,1,0,0,0,0.95,0.95,0,0.26375,0,0.15825,94,0.333333333,1,0
"DK","DNK","Denmark",2017,0.22,0,60,0.826923076923077,0.479318672008477,0.81340644290143,0,0,0,-0.01,0,0,0,0.291930251912763,0,0.55794,1.265165,1.22551356720087,0,0,0.42,0.42,25,6666.66666666667,0.564056705749034,0.5,0.725590794155527,0,1,1,0,0,0,1,1,1,0.27,0.22,0.22,73,0.666666667,0.5,0
"EE","EST","Estonia",2017,0.2,100,100,1,1,1,1,1,0,0,0,0,0,0,0,0.2,0.146415,1.05752191364352,0,0,0.2,0,20,28571.4285714286,0.712216954991223,1,0.139462590345645,0,0,0,0,0,0,1,1,1,0,0,0.1,56,0,0,0
"ES","ESP","Spain",2017,0.25,0,25,0.778563038959402,0.391406012913837,0.737888702767901,0.5,0,1,0.295,0,1,0,0,0,0.435,2.442919,1.10699056914054,0,0,0.23,0.23,21,0,0.426084612973758,0.5,0.549121374924143,1,1,1,0,1,0,1,1,1,0.19,0.19,0.19,92,0.333333333,1,0
"FI","FIN","Finland",2017,0.2,0,10,0.826923076923077,0.518965517241379,0.737888702767901,0,0,0,-0.005,0,0,0,0,0,0.58349397,1.844204,1.28614070381486,0,0,0.34,0.289,24,10752.688172043,0.539396957953532,0.5,0.325023586083372,0,1,1,0,0,1,1,1,1,0.2,0,0.2,76,0.666666667,1,0
"FR","FRA","France",2017,0.44433333,1,50,0.880275603755891,0.547953910556565,0.869865253929667,0.5,0,1,0.405,0,3,1,0.220440348066467,0.288517386178328,0.550875,14.779185,1.26766106026671,0,0,0.3444675,0.44001,20,100243.902439024,0.479918776040559,0.5,1.18910959023568,1,1,1,1,1,1,0.95,0.88,1,0.3,0,0.3333,124,0.666666667,1,0
"GB","GBR","United Kingdom",2017,0.19,1,50,0.758823529411765,0,0.826923076923077,0,0,1,0.195,0,1,0,0,0,0.47,3.894003,1.3707857807909,0,0,0.2,0.381,20,118840.579710145,0.453525773364736,0.5,1.77128241982673,0,1,1,1,0,1,1,1,0,0,0.2,0.2,127,0.333333333,1,0
"GR","GRC","Greece",2017,0.29,0,5,0.737888702767901,0.479318672008477,0.737888702767901,0.5,0,1,0.085,0,0,0,0.142405782939612,0.0480962833284189,0.55,11.707338,1.25017791504827,0,0,0.15,0.15,24,16393.4426229508,0.39177088172709,0.5,1.01480789438925,0,1,1,1,1,1,1,0,1,0.15,0.15,0.2,57,0.333333333,1,0
"HU","HUN","Hungary",2017,0.09,0,2.5,0.816200383417959,0.278958448750364,0.737888702767901,0.5,0,1,0.285,1,1,0,0.0149988811927355,0.551563850203033,0.335,0,1,0,0.00568649598021931,0.15,0.15,27,44822.9493500672,0.592797388673714,0.5,0.294573994339444,0,1,1,1,0,0,1,1,0,0,0,0,80,0.666666667,0.5,0
"IE","IRL","Ireland",2017,0.125,1,100,0.787075165170195,0.479318672008477,0.646263719038607,0.5,0,1,0.26,0,1,0,0.00064648128349534,0,0.52,1.539297,1.49729283914551,0,0,0.33,0.51,23,88339.222614841,0.478515655389736,0.5,0.472668020076424,0,1,1,0,0,1,0,1,1,0.2,0.2,0.2,72,0,0,0
"IL","ISR","Israel",2017,0.24,0,100,0.795219524916135,0.566067958099106,0.835370889649727,0.5,0,1,-0.01,0,0,0,0.194533172975761,0,0.5,4.3262,1.72015087132884,0,0,0.28,0.27,17,25517.0103092784,0.636854990042004,0.5,1.21113627174583,0,0,1,0,0,0,0.5,0.5,0,0.3,0.24,0.24,54,0.333333333,0,0
"IS","ISL","Iceland",2017,0.2,0,10,0.86,0.602353618717047,0.812269350072009,0.5,0,0,0.24,0,1,0,0.544987416706364,0.0760881919717934,0.4624,1.229826,1.26971995793072,0,1,0.2,0.2,24,7032.3488045007,0.502995040707955,0,0.892716619526522,0,1,0,1,0,0,1,1,0,0.18,0.1,0.2,41,0.666666667,1,0
"IT","ITA","Italy",2017,0.278064,0,80,0.869865253929667,0.576669379707147,0.965116279069767,1,1,1,0.04,0,NA,0,0.516076644052972,0,0.52765573,2.712898,1.21188966403932,0,0,0.26,0.26,22,40000,0.371412678012698,0,0.649059186650405,0.5,1,1,0,1,1,0.95,0.95,1,0.26,0.26,0.225,97,0.666666667,1,0
"JP","JPN","Japan",2017,0.2997,0.5,4.95,0.859028659709284,0.278958448750364,0.787075165170195,0.5,0,0,0.0625,0,8,1,0.0176535261674685,0,0.56077165,8.595115,1.06875635798929,1,0,0.204,0.2032,8,94939.7132820659,0.729728270762749,0.5,0.788106089541076,0,1,1,0,1,0,0.95,0,0,0.2042,0.2042,0.2042,66,0.333333333,0.5,0
"KR","KOR","Korea",2017,0.242,0.5,8,0.921720532319392,0.547953910556565,0.737888702767901,1,0,1,0.135,0,4,0,0,0,0.45309835,12.88879,1.30359240194273,1,0,0,0.3784,10,26928.4712482468,0.569518195671843,0,0.33042058563119,0,1,1,0,1,1,0,0,1,0.22,0.22,0.22,91,0.666666667,0.5,0
"LT","LTU","Lithuania",2017,0.15,0,70,0.905263157894737,0.826923076923077,0.966194331983806,1,0,0,0.28,0,2,0,0,0.039647550515296,0.24,0.364149,1.09515713943807,0,0,0.15,0.15,21,100223,0.519598272155733,0.5,0.226023743654466,0,1,0,0,0,0,1,1,1,0.15,0.1,0.1,54,0.333333333,0.5,0
"LU","LUX","Luxembourg",2017,0.2708,0,17,0.873417350634541,0.479318672008477,0.869865253929667,1,0,0,-0.01,0,1,1,0.0120731114013096,0,0.4718,3.679296,1.36286520599058,1,0,0,0.21,17,27777.7777777778,0.743182408824628,0.5,0.0478543583234027,0,1,1,1,0,0,1,1,0,0.15,0,0,79,0,0.5,0
"LV","LVA","Latvia",2017,0.15,0,75,0.905263157894737,0.614285714285714,0.869865253929667,0.5,0,0,0.28,0,0,0,0,0.364503791479672,0.23,0.140346,1.05716673103604,0,0,0.15,0.1,21,98619.3293885602,0.549801292676719,0.5,0.405497761881585,0,0,1,0,0,0,1,1,1,0,0,0,59,0,0.5,0
"MX","MEX","Mexico",2017,0.3,0,10,0.795219524916135,0.630382676079967,0.795219524916135,0.5,0,0,-0.01,0,0,0,0.0462481995100994,0,0.35,25.660191,1.21344642090281,0,1,0.1,0.17142857,16,0,0.29709479637874,0.5,0.095980029507108,0,0,1,0,0,0,0,0,0,0.1,0.4,0.4,55,0.5,0.5,0
"NL","NLD","Netherlands",2017,0.25,1,9,0.813463195231154,0.338474732816403,0.869865253929667,1,0,1,0.225,0,1,0,0,0.00232595509247608,0.52197272,1.38825,1.39131894030725,0,0,0.3,0.25,21,1620.48192771084,0.479441305963975,0.5,0.481683941459032,0,1,1,1,0,0,1,1,0,0.15,0,0,96,0,0,0
"NO","NOR","Norway",2017,0.24,0,100,0.781818181818182,0.373913043478261,0.737888702767901,0,0,0,0.225,0,0,0,0,0.00600618064826471,0.4672,1.632658,1.23797396923022,0,0,0.298,0.2976,25,5102.04081632653,0.528263686762252,0.5,0.168856847682842,1,0,1,0,0,0,0.97,1,1,0.25,0,0,87,0.5,1,0
"NZ","NZL","New Zealand",2017,0.28,0,100,0.731914893617021,0,0.547953910556565,0.5,0,0,-0.02,0,0,0,0.20927495301262,0,0.33,1.174848,1.45548482823408,0,0,0,0.06944444,15,40816.3265306122,0.971090823276637,0.5,1.24397266845235,0,0,0,0,0,0,1,1,0,0,0.15,0.15,40,0.333333333,0.5,0
"PL","POL","Poland",2017,0.19,0,2.5,0.737888702767901,0.338474732816403,0.869865253929667,1,0,0,0.04,0,1,0,0,0,0.39908085,1.973042,1.04157528156199,0,0,0.19,0.19,23,83333.3333333333,0.43105735824275,0.5,0.884786137084212,0,1,1,1,1,1,1,0,1,0.19,0.2,0.2,82,0.5,1,0
"PT","PRT","Portugal",2017,0.295,0,3.5,0.888411247396436,0.547953910556565,0.547953910556565,0.5,1,1,0.35,0,3,0,0.0474130758491753,0,0.610269,15.622325,1.2444983874101,0,0,0.28,0.28,23,16949.1525423729,0.501285078855009,0.5,0.394856750278093,0,1,1,1,0,0,1,1,1,0.25,0.25,0.25,68,0.666666667,1,0
"SE","SWE","Sweden",2017,0.22,0,100,0.86,0.479318672008477,0.86,0,0,0,0.05,0,0,0,0,0.0303855222304081,0.6012,1.49517,1.2102576759004,0,0.00051502688869548,0.3,0.3,25,0,0.560051873227119,0.5,0.373191007842291,0,0,1,1,0,0,1,1,0,0.3,0,0,81,0.666666667,0.5,0
"SI","SVN","Slovenia",2017,0.19,0,50,0.869865253929667,0.391406012913837,0.737888702767901,0.5,0,0,0.17,0,1,0,0.00408847672239132,0,0.6105,5.056709,1.21663366757661,0,0,0,0.25,22,83333.3333333333,0.594114338806747,0,0.228998163399597,0,1,1,1,0,0,0.95,0.475,1,0.15,0.15,0.15,0,0,0.5,0
"SK","SVK","Slovak Republic",2017,0.21,0,4,0.873879108036537,0.547953910556565,0.869865253929667,0.5,0,0,0.095,0,3,0,0.0526189756884676,0,0.3505,3.443444,1.12083862560677,0,0,0,0.07,20,99580,0.514883693628053,0.5,0.219593818071552,0,0,0,1,0,0,1,0,1,0.19,0.19,0.19,67,0,1,0
"TR","TUR","Turkey",2017,0.2,0,5,0.864149148541634,0.431068736527055,0.69441435606903,0.5,1,1,0.055,0,0,0,0,0,0.455,3.125218,1.22322269573686,0,0,0,0.175,18,0,0.432212761220776,0.5,0.117323504355126,0,1,1,0,1,1,1,0.5,0,0.15,0.1,0.2,83,0.5,0.5,0
"US","USA","United States",2017,0.38906474,2,20,0.93846273303009,0.34958311169213,0.632751338890881,1,0,0,0.0575,0,1,0,0,0,0.486,7.93496,1.25091528336118,0,0,0.2851,0.28506064,7.4,0,0.351937265410383,0.5,1.56340539187263,0,1,1,1,0,0,0,0,0,0.3,0.3,0.3,66,0.333333333,0.5,0
"AT","AUT","Austria",2018,0.25,0,75,0.813463195231154,0.338474732816403,0.737888702767901,1,0,0,0.15,0,2,0,0.11936505599861,0,0.55,23.289873,1.10822081465241,0,0,0.275,0.275,20,37457.4389849533,0.598600373926139,0,0.09036615304777,0,0,1,1,0,0,1,1,0,0.275,0,0.2,88,0,0.5,0
"AU","AUS","Australia",2018,0.3,0,100,0.851484971473245,0.479318672008477,0.547953910556565,0.5,0,0,0.1375,0,3,0,0,0,0.47,2.098449,1.39325515343565,0,0,0.234,0.24285714,10,50950.9831162029,0.483222161988042,1,0.745729849488504,0,0,1,1,0,0,1,1,0,0,0.1,0.3,44,0.333333333,0.5,0
"BE","BEL","Belgium",2018,0.2958,0,100,0.875897349190039,0.622404878792567,1.06986525392967,1,1,1,0.15,0,1,1,0.00448893232646955,0,0.60215738,1.049507,1.24101990171903,0,0,0,0.3,21,31109.1533083962,0.46354669589639,0.5,0.570242685258736,0.5,1,1,1,0,1,1,1,0,0.3,0.3,0.3,95,0,0.5,0
"CA","CAN","Canada",2018,0.26767004,3,20,0.965116279069767,0.614285714285714,0.43,0.5,0,0,0.2125,0,1,0,0.0814881398902183,0,0.535296,3.211679,1.2503747085311,0,0,0.2675,0.39343524,12.4,23975.8898451717,0.560492100832702,0.5,1.47343879669396,0,0,1,1,1,0,1,0.5,1,0.25,0.25,0.25,93,0.333333333,0.5,0
"CH","CHE","Switzerland",2018,0.21148581,0,7,0.86,0.554838709677419,0.905263157894737,1,0,0,-0.01,0,0,0,0.281477185972594,0,0.41721638,3.318929,1.37744670346548,0,0,0,0.21135,7.7,81953.3750858462,0.664055257092073,0.5,0.0691833809877439,1,1,1,1,1,1,1,1,0,0.35,0.35,0,93,0,0.5,0
"CL","CHL","Chile",2018,0.27,0,100,0.705977756078566,0.42321653857669,0,0.5,0,0,0.295,0,1,0,0.154621334543135,0,0.35,7.705428,1.08742511576066,0,0,0.35,0.2390411,19,0,0.643870679981182,0.5,0.39754734508681,0,1,0,1,0,0,0,0,0,0.1745,0.35,0.3,32,0.333333333,0.5,0
"CO","COL","Colombia",2018,0.37,0,12,0.737888702767901,0.305956530933891,0.869865253929667,0.5,0,0,0.315,0,3,1,0.0473693133707925,0,0.33,11.452119,0,0,1,0.1,0.1,19,0,0.384774138430504,0.5,0.45504342934108,1,1,1,0,0,1,0,0,0,0.1,0.15,0.264,12,0.333333333,0.5,0
"CR","CRI","Costa Rica",2018,0.3,0,3,0.822456690745778,0.278958448750364,0.737888702767901,0.5,0,0,-0.02,0,3,0,0.259449079815305,0.00878972622975394,0.24107123,1.976605,1.06499224048964,0,0.869623557320052,0,0.15,13,0,0.444480444758348,0.5,0.192392439948093,0,0,1,1,0,1,1,1,0,0.15,0.15,0.25,2,0,0,0
"CZ","CZE","Czech Republic",2018,0.19,0,5,0.873879108036537,0.543222830616488,0.841318847888109,0.5,0,0,0.18,0,0,0,0,0,0.15,3e-06,1.12411919343544,0,0,0,0.15,21,76296.5356413544,0.580484831334846,0.5,0.0926637802192891,0,1,1,0,0,0,1,1,1,0.15,0.15,0.15,88,0,0.5,0
"DE","DEU","Germany",2018,0.29897059,1,60,0.737888702767901,0.391406012913837,0.869865253929667,1,0,0,-0.02,0,0,1,0,0,0.47475,5.390284,1.0940217230671,1,0,0.26375,0.26375,19,22456.2808292655,0.545453463645676,0.5,0.202330266822142,0,1,1,0,0,0,0.95,0.95,0,0.26375,0,0.15825,94,0.333333333,1,0
"DK","DNK","Denmark",2018,0.22,0,60,0.826923076923077,0.479318672008477,0.81340644290143,0,0,0,-0.01,0,0,0,0.358361529755127,0,0.558584,1.287778,1.22850117729157,0,0,0.42,0.42,25,6907.63633670914,0.589634932275893,0.5,0.713566615593007,0,1,1,0,0,0,1,1,1,0.27,0.22,0.22,73,0.666666667,0.5,0
"EE","EST","Estonia",2018,0.2,100,100,1,1,1,1,1,0,0,0,0,0,0,0,0.2,0.387521,1.05698132325442,0,0,0.2,0,20,72611.8858395931,0.708008880195223,1,0.13759745432411,0,0,0,0,0,0,1,1,1,0,0,0.1,56,0,0,0
"ES","ESP","Spain",2018,0.25,0,25,0.778563038959402,0.391406012913837,0.737888702767901,0.5,0,1,0.295,0,1,0,0,0,0.435,2.409777,1.23788823423651,0,0,0.23,0.23,21,0,0.431070269987097,0.5,0.555048249742934,1,1,1,0,1,0,1,1,1,0.19,0.19,0.24,93,0.333333333,1,0
"FI","FIN","Finland",2018,0.2,0,10,0.826923076923077,0.518965517241379,0.737888702767901,0,0,0,-0.005,0,0,0,0,0,0.58435142,1.842791,1.30527528938012,0,0,0.34,0.289,24,11062.4119155451,0.554264691644883,0.5,0.333776843777665,0,1,1,0,0,1,1,1,1,0.2,0,0.2,77,0.666666667,1,0
"FR","FRA","France",2018,0.34433333,1,50,0.880275603755891,0.547953910556565,0.869865253929667,0.5,0,1,0.405,0,2,1,0.226342013261846,0.294102459428632,0.55572,14.63573,1.27408692785277,0,0,0.34,0.34,20,103912.923981672,0.480349976493153,0.5,1.21405991540471,0.5,1,1,1,1,1,0.95,0.88,1,0.3,0,0.333,124,0.666666667,1,0
"GB","GBR","United Kingdom",2018,0.19,1,50,0.758823529411765,0,0.826923076923077,0,0,1,0.185,0,1,0,0,0,0.47,3.785407,1.36795725377944,0,0,0.2,0.381,20,119167.287037543,0.448659847209634,0.5,1.77214108654731,0,1,1,1,0,1,1,1,0,0,0.2,0.2,130,0.333333333,1,0
"GR","GRC","Greece",2018,0.29,0,5,0.737888702767901,0.479318672008477,0.737888702767901,0.5,0,1,0.09,0,0,0,0.160994288237251,0.0255385466658187,0.55,11.700915,1.25046708152657,0,0,0.15,0.15,24,16710.6993594789,0.443127850341524,0.5,1.08957264663241,0,1,1,1,1,1,1,0,1,0.15,0.15,0.2,57,0.333333333,1,0
"HU","HUN","Hungary",2018,0.09,0,2.5,0.816200383417959,0.278958448750364,0.737888702767901,0.5,0,1,0.21,1,1,0,0.00896451092660699,0.480392427054782,0.335,0,1,0,0.00543367842635175,0.15,0.15,27,57601.502523673,0.555133204619886,0.5,0.300380589245405,0,1,1,1,0,0,1,1,0,0,0,0,80,0.333333333,0.5,0
"IE","IRL","Ireland",2018,0.125,1,100,0.787075165170195,0.479318672008477,0.646263719038607,0.5,0,1,0.26,0,1,0,0.00060438422923083,0,0.52,1.483161,1.49547136480738,0,0,0.33,0.51,23,92218.141398691,0.487147432359893,0.5,0.415208624259299,0,1,1,0,0,1,0,1,1,0.2,0.2,0.2,72,0,0,0
"IL","ISR","Israel",2018,0.23,0,100,0.795219524916135,0.566067958099106,0.835370889649727,0.5,0,1,-0.01,0,0,0,0.158732976427132,0,0.5,4.31824,1.73197794288459,0,0,0.28,0.33,17,26132.3890060412,0.647230594462939,0.5,1.2026892297197,0,0,1,0,0,0,0.5,0.5,0,0.3,0.23,0.23,54,0.333333333,0,0
"IS","ISL","Iceland",2018,0.2,0,10,0.86,0.602353618717047,0.812269350072009,0.5,0,0,0.24,0,1,0,0.385767638223593,0.0724291187739464,0.4624,1.282301,1.26829944544366,0,1,0.22,0.22,24,14202.1555989162,0.525894844488061,0,1.02707628122378,0,1,0,1,0,0,1,1,0,0.2,0.12,0.2,44,0.666666667,1,0
"IT","ITA","Italy",2018,0.278064,0,80,0.869865253929667,0.576669379707147,0.965116279069767,1,1,1,0.09,0,NA,0,0.440985519141137,0,0.52765573,2.689386,1.21226071931554,0,0,0.26,0.26,22,90380.9627102053,0.372161391717805,0,0.560262163182504,0.5,1,1,0,1,1,0.95,0.95,1,0.26,0.26,0.225,101,0.666666667,1,0
"JP","JPN","Japan",2018,0.2974,0.5,5,0.859028659709284,0.278958448750364,0.787075165170195,0.5,0,0,0.0875,0,8,1,0.0181729146476279,0,0.56077165,8.493955,1.06699409606627,1,0,0.204,0.2032,8,100407.568377102,0.71432982566587,0.5,0.802300721688643,0,1,1,1,1,0,0.95,0,0,0.2,0.2,0.2,69,0.333333333,0.5,0
"KR","KOR","Korea",2018,0.275,0.5,7,0.921720532319392,0.547953910556565,0.737888702767901,1,0,1,0.135,0,3,0,0,0,0.47428142,12.244843,1.27746417340747,1,0,0,0.4028,10,27364.3889891267,0.620686606072647,0,0.331765291574061,0,1,1,0,1,1,0,0,1,0.22,0.22,0.22,93,0.666666667,0.5,0
"LT","LTU","Lithuania",2018,0.15,0,70,0.905263157894737,0.826923076923077,0.966194331983806,1,0,1,0.28,0,2,0,0,0.037246543906522,0.24,0.408492,1.13842225889773,0,0,0.15,0.15,21,97563.0907987165,0.521702707998565,0.5,0.215870196049933,0,1,0,0,0,0,1,1,1,0.15,0.1,0.1,54,0.333333333,0.5,0
"LU","LUX","Luxembourg",2018,0.2601,0,17,0.873417350634541,0.479318672008477,0.869865253929667,1,0,1,-0.01,0,1,1,0.0135836898594372,0,0.4718,3.587221,1.39392084679436,1,0,0,0.21,17,33690.3764562665,0.7577606452656,0.5,0.0473912346038307,0,1,1,1,0,0,1,1,0,0.15,0,0,80,0,0.5,0
"LV","LVA","Latvia",2018,0.2,100,100,1,1,1,1,1,0,0.28,0,0,0,0,0.358331329120843,0.402,4.625039,1.06348402670348,0,0,0.2,0,21,79773.9207087115,0.573300253837343,0.5,0.449163017563437,0,0,1,0,0,0,1,1,1,0,0,0,61,0,1,0
"MX","MEX","Mexico",2018,0.3,0,10,0.795219524916135,0.630382676079967,0.795219524916135,0.5,0,0,0.0575,0,0,0,0.0595779718475781,0,0.35,28.201692,1.18568195311513,0,1,0.1,0.17142857,16,0,0.310811762562239,0.5,0.0904683169932924,0,0,1,0,0,0,0,0,0,0.1,0.35,0.35,58,0.5,0.5,0
"NL","NLD","Netherlands",2018,0.25,1,9,0.813463195231154,0.338474732816403,0.869865253929667,1,0,1,0.225,0,1,NA,0,0.00197909615822757,0.52378095,1.392983,1.41366469246815,0,0,0.3,0.25,21,1650.19336094698,0.50439167248284,0.5,0.487261305310382,0,1,1,1,0,0,1,1,0,0.15,0,0,96,0,0,0
"NO","NOR","Norway",2018,0.23,0,100,0.781818181818182,0.373913043478261,0.737888702767901,0,0,0,0.2225,0,0,0,0,0,0.466,1.628185,1.24332016785719,0,0,0.3059,0.3059,25,4916.69351181324,0.533883578849987,0.5,0.180349897587768,1,0,1,0,0,0,0.97,1,1,0.25,0,0,87,0.5,1,0
"NZ","NZL","New Zealand",2018,0.28,0,100,0.731914893617021,0,0.547953910556565,0.5,0,0,-0.02,0,0,0,0.172394734255259,0,0.33,1.14233,1.44000730987065,0,0,0,0.06944444,15,40813.1614282974,0.95579357639563,0.5,1.22177910582921,0,0,0,0,0,0,1,1,0,0,0.15,0.15,40,0.333333333,0.5,0
"PL","POL","Poland",2018,0.19,0,2.5,0.737888702767901,0.338474732816403,0.869865253929667,1,0,0,0.0875,0,1,0,0,0,0.39908085,1.836534,1.03877149170029,0,0,0.19,0.19,23,111214.726164321,0.449715903937719,0.5,0.864227054878312,0,1,1,1,1,1,1,0,1,0.19,0.2,0.2,82,0.5,1,0
"PT","PRT","Portugal",2018,0.315,0,3.5,0.888411247396436,0.547953910556565,0.547953910556565,0.5,1,1,0.35,0,3,0,0.0558667002790156,0,0.5817,15.037109,1.23407922313459,0,0,0.28,0.28,23,16886.4437318365,0.498617513029606,0.5,0.388171217373408,0,1,1,1,0,0,1,1,1,0.25,0.25,0.25,76,0.666666667,1,0
"SE","SWE","Sweden",2018,0.22,0,100,0.86,0.479318672008477,0.86,0,0,0,0.05,0,0,0,0,0.0350673692695979,0.6012,1.50956,1.20764991059814,0,0.00218401145125267,0.3,0.3,25,3296.89096588135,0.576413500777845,0.5,0.370414634551008,0,0,1,1,0,0,1,1,0,0.3,0,0,81,0.666666667,0.5,0
"SI","SVN","Slovenia",2018,0.19,0,50,0.869865253929667,0.391406012913837,0.737888702767901,0.5,0,0,0.19,0,1,0,0.00426891961456957,0,0.6105,4.868058,1.16336945933163,0,0,0,0.25,22,83256.737135169,0.580841322928663,0,0.242324406425567,0,1,1,1,0,0,0.95,0.475,1,0.15,0.15,0.15,0,0,0.5,0
"SK","SVK","Slovak Republic",2018,0.21,0,4,0.873879108036537,0.547953910556565,0.869865253929667,0.5,0,1,0.09,0,0,0,0.0598016059038899,0,0.3505,3.269759,1.11638131225735,0,0,0,0.07,20,100763.364958068,0.496255605374191,0.5,0.225667717299815,0,0,0,1,0,0,1,1,1,0.19,0.19,0.19,69,0,1,0
"TR","TUR","Turkey",2018,0.22,0,5,0.864149148541634,0.431068736527055,0.69441435606903,0.5,1,1,0.055,0,0,0,0,0,0.455,2.880756,1.20596200754617,0,0,0,0.175,18,0,0.413677664692199,0.5,0.117035995381575,0,1,1,0,1,1,1,0.5,0,0.15,0.1,0.2,83,0.5,0.5,0
"US","USA","United States",2018,0.2583858,5,100,1,0.34958311169213,0.632751338890881,1,0,1,0.0575,0,2,0,0,0,0.46,9.299292,1.24641453866901,0,0,0.2888,0.28881436,7.4,0,0.350947552329414,0.5,1.58627415720788,0,1,1,1,0,0,1,0,0,0.3,0.3,0.3,66,0.333333333,1,1
"AT","AUT","Austria",2019,0.25,0,75,0.813463195231154,0.338474732816403,0.737888702767901,1,0,0,0.17,0,2,0,0.106815635484664,0,0.55,22.659401,1.10184892115766,0,0,0.275,0.275,20,37457.4389849533,0.600455193969517,0,0.0919626145124217,0,0,1,1,0,0,1,1,0,0.275,0,0.2,89,0.333333333,0.5,0
"AU","AUS","Australia",2019,0.3,0,100,0.851484971473245,0.479318672008477,0.547953910556565,0.5,0,0,0.1375,0,2,0,0,0,0.47,2.050567,1.37782993834609,0,0,0.235,0.24285714,10,50950.9831162029,0.481701044881165,1,0.762226130771449,0,0,1,1,0,0,1,1,0,0,0.1,0.3,44,0.333333333,0.5,0
"BE","BEL","Belgium",2019,0.2958,0,70,0.875897349190039,0.622404878792567,1.06986525392967,1,1,1,0.155,0,1,1,0.00363422515048165,0,0.60215738,1.046545,1.27428541019482,0,0,0,0.3,21,31109.1533083962,0.463431924941184,0.5,0.560710860781437,0.5,1,1,1,0,1,1,1,0,0.3,0.3,0.3,95,0,1,0
"CA","CAN","Canada",2019,0.26607878,3,20,1,0.635714285714286,0.518965517241379,0.5,0,0,0.2125,0,1,0,0.0824144643068259,0,0.535296,3.198852,1.25003747421933,0,0,0.2675,0.39344076,12.4,23975.8898451717,0.49085964811127,0.5,1.46095738362358,0,0,1,1,1,0,1,0.5,1,0.25,0.25,0.25,94,0.333333333,0.5,0
"CH","CHE","Switzerland",2019,0.21148581,0,7,0.86,0.554838709677419,0.905263157894737,1,0,0,-0.01,0,0,0,0.378463075397075,0,0.4167,3.268144,1.37074753250476,0,0,0,0.21135,7.7,81953.3750858462,0.669193550189438,0.5,0.0667828502740446,1,1,1,1,1,1,1,1,0,0.35,0.35,0,94,0,0.5,0
"CL","CHL","Chile",2019,0.27,0,100,0.705977756078566,0.42321653857669,0,0.5,0,0,0.285,0,1,0,0.150586903204491,0,0.35,7.621059,1.23215635562629,0,0,0.35,0.2390411,19,0,0.647387701980698,0.5,0.401820413514895,0,1,0,1,0,0,0,0,0,0.1745,0.35,0.3,33,0.333333333,0.5,0
"CO","COL","Colombia",2019,0.33,0,12,0.737888702767901,0.305956530933891,0.869865253929667,0.5,0,0,0.305,0,3,0,0.0473189697371703,0,0.38999999,64.10572,0,0,1,0.1,0.15,19,0,0.371582511935366,0.5,0.467599710462458,1,1,1,0,0,1,0.5,0.5,0,0.15,0.15,0.264,12,0.666666667,0.5,0
"CR","CRI","Costa Rica",2019,0.3,0,3,0.822456690745778,0.278958448750364,0.737888702767901,0.5,0,0,-0.02,0,5,0,0.243526125951966,0.0159039423325738,0.26401644,6.665202,1.06419270772227,0,0.86323732748109,0.15,0.15,13,0,0.421387589636391,0.5,0.196075437184129,0,0,1,1,1,1,1,1,0,0.15,0.15,0.25,2,0,0,0
"CZ","CZE","Czech Republic",2019,0.19,0,5,0.873879108036537,0.543222830616488,0.841318847888109,0.5,0,0,0.18,0,0,0,0,0,0.15,2e-06,1.11442095170514,0,0,0,0.15,21,76296.5356413544,0.595725209245203,0.5,0.0911956699156395,0,1,1,0,0,0,1,1,1,0.15,0.15,0.15,89,0.333333333,1,0
"DE","DEU","Germany",2019,0.29937781,1,60,0.737888702767901,0.391406012913837,0.869865253929667,1,0,0,-0.02,0,0,1,0,0,0.47475,5.348707,1.09568314163364,1,0,0.26375,0.26375,19,22456.2808292655,0.546584618791188,0.5,0.200482948204758,0,1,1,0,0,0,0.95,0.95,0,0.26375,0,0.15825,95,0.333333333,1,0
"DK","DNK","Denmark",2019,0.22,0,60,0.826923076923077,0.479318672008477,0.81340644290143,0,0,0,-0.005,0,0,0,0.316157746861964,0,0.55886,1.290873,1.23997709853951,0,0,0.42,0.42,25,6907.63633670914,0.593870785107482,0.5,0.694549034895502,0,1,1,0,0,0,1,1,1,0.27,0.22,0.22,75,0.666666667,1,0
"EE","EST","Estonia",2019,0.2,100,100,1,1,1,1,1,0,0,0,1,0,0,0,0.2,0.362567,1.19826304713391,0,0,0.2,0,20,72611.8858395931,0.721355501485944,1,0.128055794542678,0,0,0,0,0,0,1,1,1,0,0,0.1,58,0.333333333,1,0
"ES","ESP","Spain",2019,0.25,0,25,0.778563038959402,0.391406012913837,0.737888702767901,0.5,0,1,0.295,0,1,0,0,0,0.435,2.385347,1.23466837206712,0,0,0.23,0.23,21,0,0.437423055774897,0.5,0.558633022547583,1,1,1,0,1,0,1,1,1,0.19,0.19,0.24,93,0.333333333,1,0
"FI","FIN","Finland",2019,0.2,0,10,0.826923076923077,0.518965517241379,0.737888702767901,0,0,0,-0.005,0,0,0,0,0,0.58528973,1.847268,1.31055730023289,0,0,0.34,0.289,24,11062.4119155451,0.570149260404302,0.5,0.34500709654085,0,1,1,0,0,1,1,1,1,0.2,0,0.2,77,0.666666667,1,0
"FR","FRA","France",2019,0.34433333,1,50,0.880275603755891,0.547953910556565,0.869865253929667,0.5,0,1,0.405,1,2,1,0.200333945496141,0.253959246489684,0.55572,15.013889,1.27316031684303,0,0,0.34,0.34,20,103912.923981672,0.492400242424516,0.5,1.21531442673539,0.5,1,1,1,0,1,0.95,0.88,1,0.3,0,0.333,124,0.666666667,1,0
"GB","GBR","United Kingdom",2019,0.19,1,50,0.758823529411765,0.278958448750364,0.826923076923077,0,0,1,0.19,0,1,0,0,0,0.47,3.659439,1.36905528477729,0,0,0.2,0.381,20,119167.287037543,0.454126226199722,0.5,1.77643537770578,0,1,1,1,0,1,1,1,0,0,0.2,0.2,130,0.333333333,1,0
"GR","GRC","Greece",2019,0.24,0,5,0.737888702767901,0.479318672008477,0.737888702767901,0.5,0,1,0.09,0,0,0,0.197714327568266,0.0279701525539942,0.55,11.575702,1.2484773945329,0,0,0.15,0.1,24,16710.6993594789,0.423676039806617,0.5,1.1194166563592,0,1,1,1,1,1,1,0,1,0.1,0.15,0.2,57,0.333333333,1,0
"HU","HUN","Hungary",2019,0.09,0,2.5,0.816200383417959,0.278958448750364,0.737888702767901,0.5,0,1,0.1975,0,1,0,0.0106460662821932,0.498790015570783,0.335,0,1,0,0.00541893387492699,0.15,0.15,27,57601.502523673,0.55933369995282,0.5,0.299035507020923,0,1,1,1,0,0,1,1,0,0,0,0,81,0.333333333,1,0
"IE","IRL","Ireland",2019,0.125,1,100,0.787075165170195,0.479318672008477,0.646263719038607,0.5,0,1,0.26,0,1,0,0.00054177689879698,0,0.52,1.325477,1.47986773197284,0,0,0.33,0.51,23,92218.141398691,0.480430563027635,0.5,0.375481623170412,0,1,1,0,0,1,0,1,1,0.2,0.2,0.2,73,0.333333333,0,0
"IL","ISR","Israel",2019,0.23,0,100,0.795219524916135,0.566067958099106,0.835370889649727,0.5,0,1,-0.01,0,0,0,0.313864049203929,0,0.5,4.166414,1.73988382315352,0,0,0.28,0.33,17,26132.3890060412,0.63833721742264,0.5,1.20428904937781,0,0,1,0,0,0,0.5,0.5,0,0.3,0.23,0.23,56,0.333333333,0,0
"IS","ISL","Iceland",2019,0.2,0,10,0.86,0.602353618717047,0.812269350072009,0.5,0,0,0.24,0,1,0,0.33277993434068,0.0541684299619128,0.4624,1.28079,1.2694727944479,0,1,0.22,0.22,24,14202.1555989162,0.562696448498767,0,1.13198066974763,0,1,0,1,0,0,1,1,0,0.2,0.12,0.2,45,0.666666667,1,0
"IT","ITA","Italy",2019,0.278064,0,80,0.869865253929667,0.576669379707147,0.965116279069767,1,1,1,0.09,0,2,0,0.453107024663689,0,0.52765573,2.654326,1.25889278909077,0,0,0.26,0.26,22,90380.9627102053,0.384145541881645,0,0.560894665382504,0.5,1,1,0,1,1,0.95,0.95,1,0.26,0.26,0.225,101,0.666666667,1,0
"JP","JPN","Japan",2019,0.2974,0.5,5,0.859028659709284,0.278958448750364,0.787075165170195,0.5,0,0,0.0875,0,8,1,0.0179284718669637,0,0.56077165,8.469835,1.06555000432633,1,0,0.204,0.2032,8,100407.568377102,0.716505004444101,0.5,0.802886490134588,0,1,1,1,1,0,0.95,0,0,0.2,0.2,0.2,72,0.333333333,0.5,0
"KR","KOR","Korea",2019,0.275,0.5,6,0.921720532319392,0.547953910556565,0.737888702767901,1,0,1,0.13,0,4,0,0,0,0.47531497,11.903192,1.28614965320593,1,0,0,0.4028,10,27364.3889891267,0.644130654896917,0,0.343298845612978,0,1,1,0,1,1,0,0,1,0.22,0.22,0.22,93,0.666666667,1,0
"LT","LTU","Lithuania",2019,0.15,0,70,0.905263157894737,0.826923076923077,0.966194331983806,1,0,1,0.28,0,2,0,0,0.0392902578920131,0.3398,8.833456,1.1482050261628,0,0,0.2,0.15,21,97563.0907987165,0.537353760748802,0.5,0.207964549544714,0,1,0,0,0,0,1,1,1,0.15,0.1,0.1,55,0.333333333,1,0
"LU","LUX","Luxembourg",2019,0.2494,0,17,0.873417350634541,0.479318672008477,0.869865253929667,1,0,1,-0.01,0,1,1,0.00911594251529879,0,0.4718,3.526601,1.40678040193172,1,0,0,0.21,17,33690.3764562665,0.767219307049289,0.5,0.0469662152183834,0,1,1,1,0,0,1,1,0,0.15,0,0,82,0.333333333,1,0
"LV","LVA","Latvia",2019,0.2,100,100,1,1,1,1,1,0,0,0,0,0,0,0.364138623145651,0.318,4.904767,1.11543889354782,0,0,0.2,0,21,79773.9207087115,0.575551471407759,0.5,0.453668893081021,0,0,1,0,0,0,1,1,1,0,0,0,61,0.333333333,1,0
"MX","MEX","Mexico",2019,0.3,0,10,0.795219524916135,0.630382676079967,0.795219524916135,0.5,0,0,0.055,0,0,0,0.0594877833137148,0,0.35,26.30794,1.21247564177471,0,1,0.1,0.17142857,16,0,0.298450306031221,0.5,0.0909555662076681,0,0,1,0,0,0,0,0,0,0.1,0.35,0.35,59,0.5,0.5,0
"NL","NLD","Netherlands",2019,0.25,1,6,0.813463195231154,0.338474732816403,0.869865253929667,1,0,1,0.215,0,1,0,0,0.00247423293066377,0.540309,1.364903,1.40723799457802,0,0,0.3,0.25,21,1650.19336094698,0.506186006825939,0.5,0.499389055007957,0,1,1,1,0,0,1,1,0,0.15,0,0,97,0.333333333,1,0
"NO","NOR","Norway",2019,0.22,0,100,0.781818181818182,0.373913043478261,0.737888702767901,0,0,0,0.22,0,0,0,0,0,0.464,1.574887,1.24454048711167,0,0,0.3168,0.3168,25,4916.69351181324,0.537315978592113,0.5,0.194589586595361,1,0,1,0,0,0,0.97,1,1,0.25,0,0,87,0.5,1,0
"NZ","NZL","New Zealand",2019,0.28,0,100,0.731914893617021,0,0.547953910556565,0.5,0,0,-0.02,0,0,0,0.175978169935835,0,0.33,1.108116,1.42268195448294,0,0,0,0.06944444,15,40813.1614282974,0.976681045552941,0.5,1.20794683269831,0,0,0,0,0,0,1,1,0,0,0.15,0.15,40,0.333333333,0.5,0
"PL","POL","Poland",2019,0.19,0,2.5,0.737888702767901,0.338474732816403,0.869865253929667,1,0,1,0.195,0,1,0,0,0,0.39892022,1.726467,1.03599266358838,0,0,0.19,0.19,23,111214.726164321,0.484459656991138,0.5,0.876637662337195,0,1,1,1,1,1,1,0,1,0.19,0.2,0.2,83,0.5,1,0
"PT","PRT","Portugal",2019,0.315,0,3.5,0.888411247396436,0.547953910556565,0.547953910556565,0.5,1,1,0.35,0,4,0,0.0332453059399279,0,0.5817,14.351723,1.28225506784123,0,0,0.28,0.28,23,16886.4437318365,0.516324542303407,0.5,0.394070422497757,0,1,1,1,0,0,1,1,1,0.25,0.25,0.25,77,0.666666667,1,0
"SE","SWE","Sweden",2019,0.214,0,100,0.86,0.479318672008477,0.86,0,0,0,0.05,0,0,0,0,0.0204489809364814,0.6019,1.544646,1.20732190752679,0,0.00188661266498046,0.3,0.3,25,3296.89096588135,0.581748088212242,0.5,0.344638938310206,0,0,1,1,0,0,1,1,0,0.3,0,0,81,0.666666667,1,0
"SI","SVN","Slovenia",2019,0.19,0,50,0.869865253929667,0.391406012913837,0.737888702767901,0.5,0,0,0.19,0,1,0,0.00371450608730994,0,0.6105,4.700871,1.31813715512507,0,0,0,0.25,22,83256.737135169,0.594291643134182,0,0.253015416804209,0,1,1,1,0,0,0.95,0.475,1,0.15,0.15,0.15,0,0.333333333,0.5,0
"SK","SVK","Slovak Republic",2019,0.21,0,4,0.873879108036537,0.547953910556565,0.869865253929667,0.5,0,1,0.245,0,0,0,0.0574862123781445,0,0.3505,3.182854,1.1103466971916,0,0,0,0.07,20,100763.364958068,0.510608318598036,0.5,0.225930007889627,0,0,0,1,0,0,1,1,1,0.19,0.19,0.19,70,0.333333333,1,0
"TR","TUR","Turkey",2019,0.22,0,5,0.864149148541634,0.431068736527055,0.69441435606903,0.5,1,1,0.055,0,0,0,0,0,0.455,2.815569,1.18811255927862,0,0,0,0.175,18,0,0.420123585429155,0.5,0.0988879049696244,0,1,1,0,1,1,1,0.5,0,0.15,0.1,0.2,85,0.5,0.5,0
"US","USA","United States",2019,0.25886141,5,100,1,0.34958311169213,0.632751338890881,1,0,1,0.0675,0,2,0,0,0,0.46,9.23521,1.24043144141255,0,0,0.2891,0.28913494,7.4,0,0.350924699712973,0.5,1.59645086647821,0,1,1,1,0,0,1,0,0,0.3,0.3,0.3,66,0.333333333,1,1
"AT","AUT","Austria",2020,0.25,1,75,0.884365027341364,0.408845614108812,0.737888702767901,1,0,0,0.17,1,2,0,0.0972423659147635,0,0.55,22.348941,1.09685644629748,0,0,0.275,0.275,20,46065.4814237656,0.603286890309454,0,0.0892523790026802,0,0,1,1,0,0,1,1,0,0.275,0,0.2,89,0.333333333,0.5,0
"AU","AUS","Australia",2020,0.3,0,100,0.851484971473245,0.479318672008477,0.547953910556565,0.5,0,0,0.1375,0,2,0,0,0,0.47,1.98057,1.41394107484494,0,0,0.235,0.24285714,10,52090.1701681679,0.467666698731248,1,0.791838813178023,0,0,1,1,0,0,1,1,0,0,0.1,0.3,45,0.333333333,0.5,0
"BE","BEL","Belgium",2020,0.25,1,70,0.737888702767901,0.547953910556565,1.00486525392967,1,1,1,0.15,0,1,2,0.00353497571998752,0,0.60215738,1.0504,1.28731515716075,0,0,0,0.3,21,33101.8411244033,0.466386051042486,0.5,0.53393784104846,0,1,1,1,0,1,1,1,0,0.3,0.3,0.3,95,0.333333333,1,0
"CA","CAN","Canada",2020,0.26244757,3,20,1,0.635714285714286,0.518965517241379,0.5,0,0,0.2125,0,1,0,0.0889999150386994,0,0.535296,2.893114,1.26084950795864,0,0,0.2675,0.39344076,12.4,25130.1953537619,0.493476575711396,0.5,1.45283290558111,0,0,1,1,1,0,1,0.5,1,0.25,0.25,0.25,94,0.333333333,0.5,0
"CH","CHE","Switzerland",2020,0.21148581,0,7,0.86,0.554838709677419,0.905263157894737,1,0,1,-0.01,0,0,0,0.337252100644011,0,0.41734127,3.216664,1.36280247476228,0,0,0,0.22285,7.7,87121.2187213045,0.676586141612304,0.5,0.0665997883264517,1,1,1,1,1,1,1,1,0,0.35,0.35,0,95,0,0.5,0
"CL","CHL","Chile",2020,0.27,0,100,1,1,1,0.5,0,0,0.285,0,1,0,0.238699395191115,0,0.35,7.658949,1.22880916942572,0,0,0.35,0.2390411,19,0,0.658907351112804,0.5,0.415271079455709,0,1,0,1,0,0,0,0,0,0.1745,0.35,0.3,33,0.333333333,0.5,0
"CO","COL","Colombia",2020,0.32,0,12,0.737888702767901,0.305956530933891,0.869865253929667,0.5,0,0,0.295,0,3,0,0.060398839483523,0,0.39000005,68.894177,0,0,1,0.1,0.1,19,0,0.382286462068943,0.5,0.468860098582933,1,1,1,0,0,1,0.5,0.5,0,0.1,0.2,0.2,13,0.666666667,0.5,0
"CR","CRI","Costa Rica",2020,0.3,0,3,0.822456690745778,0.278958448750364,0.737888702767901,0.5,0,0,-0.02,0,5,0,0.247060588053258,0.027680969502022,0.33445205,6.81783,1.06304321568009,0,0.871002408401641,0.15,0.15,13,0,0.41281850410374,0.5,0.193978028173937,0,0,1,1,1,1,1,1,0,0.15,0.15,0.25,3,0,0,0
"CZ","CZE","Czech Republic",2020,0.19,0,5,0.972093023255814,0.543222830616488,0.841318847888109,0.5,0,0,0.18,0,0,0,0,0,0.15,2e-06,1.10632060371666,0,0,0,0.15,21,80365.3472980447,0.584158723468269,0.5,0.0886674210757596,0,1,0,0,0,0,1,1,1,0.15,0.15,0.15,89,0.333333333,1,0
"DE","DEU","Germany",2020,0.29830331,1,60,0.847117028387074,0.391406012913837,0.869865253929667,1,0,0,-0.02,0,0,1,0,0,0.47475,5.547725,1.0969234772429,1,0,0.26375,0.26375,19,29842.5668948267,0.549884677868387,0.5,0.195869453422584,0,1,1,0,0,0,0.95,0.95,0,0.26375,0,0.15825,95,0.333333333,1,0
"DK","DNK","Denmark",2020,0.22,0,60,0.826923076923077,0.479318672008477,0.81340644290143,0,0,0,-0.005,0,0,0,0.185876550802377,0,0.558952,1.31176,1.23674737383362,0,0,0.42,0.42,25,7497.8840971078,0.613024154722279,0.5,0.693913967682179,0,1,1,0,0,0,1,1,1,0.27,0.22,0.22,75,0.666666667,1,0
"EE","EST","Estonia",2020,0.2,100,100,1,1,1,1,1,0,0,0,1,0,0,0,0.2,0.35402,1.18316230796552,0,0,0.2,0,20,73454.4720000735,0.722370692484686,1,0.120957148826803,0,0,0,0,0,0,1,1,1,0,0,0.1,58,0.333333333,1,0
"ES","ESP","Spain",2020,0.25,0,25,0.778563038959402,0.391406012913837,0.737888702767901,0.5,0,1,0.295,0,1,0,0,0,0.435,2.501202,1.23115570141234,0,0,0.23,0.23,21,0,0.444542509829821,0.5,0.553787753063345,1,1,1,0,1,0,1,1,1,0.19,0.19,0.24,93,0.333333333,1,0
"FI","FIN","Finland",2020,0.2,0,10,0.934782608695652,0.518965517241379,0.737888702767901,0,0,0,-0.005,0,0,0,0,0,0.5927723,1.822825,1.31866316191105,0,0,0.34,0.289,24,11801.3177351383,0.581964230066009,0.5,0.339829825342968,0,1,1,0,0,1,1,1,1,0.2,0,0.2,77,0.666666667,1,0
"FR","FRA","France",2020,0.32023,1,50,0.880275603755891,0.547953910556565,0.869865253929667,0.5,0,1,0.405,1,2,1,0.233880921537006,0.285372382886742,0.55572,15.601425,1.30891710377515,0,0,0.34,0.34,20,117259.409794304,0.498396453028076,0.5,1.15624766550963,0.5,1,1,1,0,1,0.95,0.88,1,0.28,0,0.28,124,0.666666667,1,0
"GB","GBR","United Kingdom",2020,0.19,1,50,0.758823529411765,0.391406012913837,0.826923076923077,0,0,1,0.19,1,1,0,0,0,0.47,3.752071,1.3759956357544,0,0,0.2,0.381,20,124934.593065983,0.455633252218749,0.5,1.79919786292277,0,1,1,1,0,1,1,1,0,0,0.2,0.2,132,0.333333333,1,0
"GR","GRC","Greece",2020,0.24,0,5,0.737888702767901,0.479318672008477,0.737888702767901,0.5,0,1,0.07,0,0,0,0.187067961539495,0.0236875174084736,0.54,12.430177,1.24392717121946,0,0,0.15,0.05,24,17950.098725543,0.437795388607015,0.5,1.1347238564114,0,1,1,1,1,1,1,1,1,0.05,0.15,0.2,57,0.333333333,1,0
"HU","HUN","Hungary",2020,0.09,0,2.5,0.816200383417959,0.278958448750364,0.737888702767901,0.5,0,1,0.19,0,1,0,0.0128441205662644,0.594729223074537,0.335,0,1,0,0.00530341958754463,0.15,0.15,27,85145.3662713831,0.591834598211341,0.5,0.277369935080025,0,1,1,1,0,0,1,1,0,0,0,0,81,0.333333333,1,0
"IE","IRL","Ireland",2020,0.125,1,100,0.787075165170195,0.479318672008477,0.646263719038607,0.5,0,1,0.26,0,1,0,0,0,0.52,1.298036,1.47356598674844,0,0,0.33,0.51,23,94185.9632775208,0.486680728865646,0.5,0.348987494569279,0,1,1,0,0,1,0,1,1,0.25,0.2,0.2,73,0.333333333,0,0
"IL","ISR","Israel",2020,0.23,0,100,0.901030024355631,0.478865241362287,0.835370889649727,0.5,0,1,-0.01,0,0,0,0.141982140660571,0,0.5,3.94336,1.6997794883461,0,0,0.28,0.33,17,27256.8377392103,0.640062873874186,0.5,1.16960680877391,0,0,1,0,0,0,0.5,0.5,0,0.3,0.23,0.23,58,0.333333333,0,0
"IS","ISL","Iceland",2020,0.2,0,10,0.86,0.602353618717047,0.812269350072009,0.5,0,0,0.24,0,1,0,0.382684862161623,0.0682644098606134,0.4624,1.242477,1.27301407930591,0,1,0.22,0.22,24,14635.034688069,0.540012456103227,0,1.12376353596251,0,1,0,1,0,0,1,1,0,0.2,0.12,0.2,45,0.666666667,1,0
"IT","ITA","Italy",2020,0.2781,0,80,0.869865253929667,0.576669379707147,0.965116279069767,1,1,1,0.07,1,1,0,0.481121022568722,0,0.52765573,2.584444,1.25471394447653,0,0,0.26,0.26,22,96898.2136441629,0.383801950625067,0,0.560291733884721,0.5,1,1,0,1,1,0.95,0.95,1,0.26,0.26,0.225,101,0.666666667,1,0
"JP","JPN","Japan",2020,0.2974,0.5,5,0.859028659709284,0.278958448750364,0.787075165170195,0.5,0,0,0.0875,0,8,1,0.0164695544852951,0,0.56165275,8.324279,1.06528665494636,1,0,0.204,0.2032,10,98547.4616598144,0.717171253471664,0.5,0.794238962825182,0,1,1,1,1,0,0.95,0,0,0.2,0.2,0.2,73,0.333333333,1,0
"KR","KOR","Korea",2020,0.275,0.5,9,0.921720532319392,0.547953910556565,0.737888702767901,1,0,1,0.13,0,4,0,0,0,0.48608539,11.736734,1.33802652558713,1,0,0,0.4028,10,34875.0428435542,0.635991063566597,0,0.351025650610022,0,1,1,0,1,1,0,0,1,0.22,0.22,0.22,93,0.666666667,1,0
"LT","LTU","Lithuania",2020,0.15,0,70,0.905263157894737,0.826923076923077,0.966194331983806,1,0,1,0.28,0,2,0,0,0.0412246177914175,0.3898,6.190679,1.1609625080923,0,0,0.2,0.15,21,98948.7247708238,0.536256225761865,0.5,0.207916326977711,0,1,0,0,0,0,1,1,1,0.15,0.1,0.1,55,0.333333333,1,0
"LU","LUX","Luxembourg",2020,0.2494,0,17,0.873417350634541,0.479318672008477,0.869865253929667,1,0,1,-0.01,0,1,1,0.00754532267993127,0,0.4718,3.340764,1.39828136325109,1,0,0,0.21,17,35513.171243328,0.804326848632984,0.5,0.0454905365128309,0,1,1,1,0,0,1,1,0,0.15,0,0,83,0.333333333,1,0
"LV","LVA","Latvia",2020,0.2,100,100,1,1,1,1,1,0,0,0,0,0,0,0.604131490459084,0.318,4.598755,1.13329516276404,0,0,0.2,0,21,80850.7111830682,0.615212479866268,0.5,0.42229562437469,0,0,1,0,0,0,1,1,1,0,0,0,62,0.333333333,1,0
"MX","MEX","Mexico",2020,0.3,0,10,0.795219524916135,0.630382676079967,0.795219524916135,0.5,0,0,0.055,0,0,0,0.0662335872488695,0,0.35,25.31648,1.17971699677425,0,1,0.1,0.17142857,16,0,0.318592173687576,0.5,0.0923609234953965,0,0,1,0,0,0,0,0,1,0.1,0.35,0.35,60,0.5,1,0
"NL","NLD","Netherlands",2020,0.25,1,6,0.813463195231154,0.338474732816403,0.869865253929667,1,0,1,0.225,0,1,0,0,0.00257552461822934,0.514818,1.330203,1.44839945158077,0,0,0.3,0.2625,21,25479.7518781762,0.51201668541853,0.5,0.510140013590205,0,1,1,1,0,0,1,1,0,0.15,0,0,97,0.333333333,1,0
"NO","NOR","Norway",2020,0.22,2,100,0.781818181818182,0.373913043478261,0.737888702767901,0,0,0,0.22,0,0,0,0,0,0.464,1.589437,1.24408618123641,0,0,0.3168,0.3168,25,5034.84971930209,0.539152573459311,0.5,0.194295759818345,1,0,1,0,0,0,0.97,1,1,0.25,0,0,87,0.5,1,0
"NZ","NZL","New Zealand",2020,0.28,1,100,0.731914893617021,0.307142857142857,0.547953910556565,0.5,0,0,0.18,0,0,0,0.168234796552087,0,0.33,1.07703,1.40489663896193,0,0,0,0.06944444,15,41283.7029830228,0.97024135250744,0.5,1.20476756778816,0,0,0,0,0,0,1,1,0,0,0.15,0.15,40,0.333333333,0.5,0
"PL","POL","Poland",2020,0.19,0,2.5,0.737888702767901,0.338474732816403,0.869865253929667,1,1,1,0.195,1,1,0,0,0,0.39843792,1.537408,1.03652386487163,0,0,0.19,0.19,23,114294.661924962,0.509035811164569,0.5,0.861688598378332,0,1,1,1,1,1,1,0,1,0.19,0.2,0.2,83,0.5,1,0
"PT","PRT","Portugal",2020,0.315,0,9.6,0.888411247396436,0.547953910556565,0.547953910556565,0.5,1,1,0.35,0,4,0,0.048027783110656,0,0.5817,14.13854,1.28058481607771,0,0,0.28,0.28,23,17640.0754289625,0.528202373349086,0.5,0.403824079379951,0,1,1,1,0,0,1,1,1,0.25,0.25,0.25,78,0.666666667,1,0
"SE","SWE","Sweden",2020,0.214,0,100,0.86,0.479318672008477,0.86,0,0,0,0.05,0,0,0,0,0.00092880735827726,0.5228,1.127048,1.22157744214188,0,0.00109791041319681,0.3,0.3,25,3430.19361613526,0.583776927975261,0.5,0.328688564407244,0,0,1,1,0,0,1,1,0,0.3,0,0,81,0.666666667,1,0
"SI","SVN","Slovenia",2020,0.19,0,63,0.869865253929667,0.391406012913837,0.737888702767901,0.5,0,0,0.19,0,1,0,0.00278521794664049,0,0.6105,4.603398,1.15014744995322,0,0,0,0.275,22,88413.5774962689,0.611245075079714,0,0.249527906074537,0,1,1,1,0,0,0.95,0.475,1,0.15,0.15,0.15,0,0.333333333,0.5,0
"SK","SVK","Slovak Republic",2020,0.21,0,2.5,0.873879108036537,0.547953910556565,0.869865253929667,0.5,0,1,0.365,0,1,0,0.0663592348159855,0,0.3505,3.198286,1.1076062798088,0,0,0,0.07,20,98557.7589244358,0.517154919549045,0.5,0.221560377226481,0,0,0,1,0,0,1,1,1,0.19,0.19,0.19,70,0.333333333,1,0
"TR","TUR","Turkey",2020,0.22,0,5,0.864149148541634,0.431068736527055,0.69441435606903,0.5,1,1,0.055,1,0,0,0,0,0.408,8.771485,1.16679454771312,0,0,0,0.2,18,0,0.411597206024237,0.5,0.0997900306464053,0,1,1,0,1,1,1,0.5,0,0.15,0.1,0.2,86,0.5,0.5,0
"US","USA","United States",2020,0.25766571,5,100,1,0.34958311169213,0.632751338890881,1,0,1,0.0675,0,2,0,0,0,0.46,8.918471,1.2394444223132,0,0,0.2887,0.28872019,7.4,0,0.352080656869323,0.5,1.57988860708332,0,1,1,1,0,0,1,0,0,0.3,0.3,0.3,66,0.333333333,1,1
"AT","AUT","Austria",2021,0.25,0,75,0.884365027341364,0.408845614108812,0.737888702767901,1,0,0,0.17,1,2,0,0.0714167275981796,0,0.55,21.751674,1.10585957919665,0,0,0.275,0.275,20,46065.4814237656,0.609514138706305,0,0.0920624671569807,0,0,1,1,0,0,1,1,0,0.275,0,0.2,89,0.333333333,1,0
"AU","AUS","Australia",2021,0.3,0,100,0.851484971473245,0.479318672008477,0.547953910556565,0.5,0,0,0.1375,0,2,0,0,0,0.47,1.937535,1.47514263255953,0,0,0.235,0.24285714,10,52090.1701681679,0.453161902363025,1,0.821347070664859,0,0,1,1,0,0,1,1,0,0,0.1,0.3,45,0.333333333,0.5,0
"BE","BEL","Belgium",2021,0.25,0,70,0.869865253929667,0.547953910556565,0.869865253929667,1,1,1,0.1525,0,1,0,0.00406172774329969,0,0.60172491,1.037233,1.28902965771201,0,0,0,0.3,21,33101.8411244033,0.461392877915208,0.5,0.579871157844335,0.5,1,1,1,0,1,1,1,0,0.3,0.3,0.3,95,0.333333333,1,0
"CA","CAN","Canada",2021,0.26168278,3,20,1,0.635714285714286,0.518965517241379,0.5,0,0,0.2125,0,1,0,0.104477403099864,0,0.535296,2.770956,1.29576392483765,0,0,0.2675,0.39344076,12.4,25130.1953537619,0.489666261038885,0.5,1.51971049871112,0,0,1,1,1,0,1,0.5,1,0.25,0.25,0.25,94,0.333333333,0.5,0
"CH","CHE","Switzerland",2021,0.19698516,0,7,0.86,0.554838709677419,0.905263157894737,1,0,1,-0.01,0,0,0,0.367535215527798,0,0.41694538,3.096507,1.34981383807259,0,0,0,0.22285,7.7,87121.2187213045,0.663091376784642,0.5,0.0716866507421846,1,1,1,1,1,1,1,1,0,0.35,0.35,0,95,0,0.5,0
"CL","CHL","Chile",2021,0.27,0,100,1,1,1,0.5,0,0,0.285,0,1,0,0.154083676976435,0,0.39999999,19.187084,1.22998122626334,0,0,0.4,0.2390411,19,0,0.641851482076732,0.5,0.442553692410374,0,1,0,1,0,0,0,0,0,0.1745,0.35,0.3,33,0.333333333,0.5,0
"CO","COL","Colombia",2021,0.31,0,12,0.737888702767901,0.305956530933891,0.869865253929667,0.5,0,0,0.44,0,2,0,0.0563654805079156,0,0.39000005,65.985844,0,0,1,0.1,0.1,19,0,0.39123690070416,0.5,0.504682511983515,1,1,1,0,0,1,0.5,0.5,0,0.1,0.2,0.2,13,0.666666667,0.5,0
"CR","CRI","Costa Rica",2021,0.3,0,3,0.822456690745778,0.278958448750364,0.737888702767901,0.5,0,0,-0.02,0,5,0,0.194706040374052,0.0253472986738841,0.32769231,5.940131,1.10664116481609,0,0.873809379666626,0.15,0.15,13,0,0.433289071248038,0.5,0.215550800789551,0,0,1,1,1,1,1,1,0,0.15,0.15,0.25,3,0,0,0
"CZ","CZE","Czech Republic",2021,0.19,2,5,0.972093023255814,0.543222830616488,0.841318847888109,0.5,0,0,0.18,0,0,0,0,0,0.275,3.810768,1.10273410805012,0,0,0,0.23,21,80365.3472980447,0.58358786794493,0.5,0.0887250275407008,0,1,0,0,0,0,1,1,1,0.15,0.15,0.15,93,0.333333333,1,0
"DE","DEU","Germany",2021,0.29941208,1,60,0.847117028387074,0.391406012913837,0.869865253929667,1,0,0,0.205,0,0,1,0,0,0.47475,5.450095,1.09453180118218,1,0,0.26375,0.26375,19,29842.5668948267,0.550207884774112,0.5,0.201150080000289,0,1,1,0,0,0,0.95,0.95,0,0.26375,0,0.15825,96,0.333333333,1,0
"DK","DNK","Denmark",2021,0.22,0,60,0.826923076923077,0.479318672008477,0.81340644290143,0,0,0,0.065,0,0,0,0.469422608331066,0,0.558952,1.3107,1.24241400805062,0,0,0.42,0.42,25,7497.8840971078,0.601091280666546,0.5,0.7160614916955,0,1,1,0,0,0,1,1,1,0.27,0.22,0.22,75,0.666666667,1,0
"EE","EST","Estonia",2021,0.2,100,100,1,1,1,1,1,0,0,0,1,0,0,0,0.2,0.329784,1.17806622775585,0,0,0.2,0,20,73454.4720000735,0.711928700739656,1,0.116152647304699,0,0,0,0,0,0,1,1,1,0,0,0.1,61,0.333333333,1,0
"ES","ESP","Spain",2021,0.25,0,25,0.778563038959402,0.391406012913837,0.737888702767901,0.5,0,1,0.295,1,1,0,0,0,0.490386,11.066264,1.46966838786571,0,0,0.26,0.26,21,0,0.441087867327156,0.5,0.561031085025209,1,1,1,0,1,1,0.95,0.95,1,0.19,0.19,0.24,95,0.333333333,1,0
"FI","FIN","Finland",2021,0.2,0,10,0.934782608695652,0.518965517241379,0.737888702767901,0,0,0,0,0,0,0,0,0,0.59533255,1.828297,1.32699989928607,0,0,0.34,0.289,24,11801.3177351383,0.585007369165367,0.5,0.352250917893441,0,1,1,0,0,1,1,1,1,0.2,0,0.2,77,0.666666667,1,0
"FR","FRA","France",2021,0.284075,1,50,0.880275603755891,0.547953910556565,0.869865253929667,0.5,0,1,0.37,1,2,1,0.225741106020062,0.278618264057479,0.55572,14.850376,1.3098530337217,0,0,0.34,0.34,20,117259.409794304,0.50756432252056,0.5,1.13144409487628,0.5,1,1,1,0,1,0.95,0.88,1,0.265,0,0.265,124,0.666666667,1,0
"GB","GBR","United Kingdom",2021,0.19,1,50,1.3,0.391406012913837,0.826923076923077,0,0,1,0.195,1,1,0,0,0.00053893387058234,0.47,3.532088,1.40219154818711,0,0,0.2,0.381,20,124934.593065983,0.457281374806765,0.5,1.86748067784134,0,1,1,1,0,1,1,1,0,0,0.2,0.2,132,0.333333333,1,0
"GR","GRC","Greece",2021,0.22,0,5,0.737888702767901,0.479318672008477,0.737888702767901,0.5,0,1,0.255,0,0,0,0.140671350266484,0.0235558348887175,0.536248,2.322172,1.30283300630315,0,0,0,0.05,24,17950.098725543,0.427197581136346,0.5,1.08208467984926,0,1,1,1,1,1,1,1,1,0.05,0.15,0.2,57,0.333333333,1,0
"HU","HUN","Hungary",2021,0.09,0,2.5,0.816200383417959,0.278958448750364,0.737888702767901,0.5,0,1,0.18,0,1,0,0.0136522230668772,0.60733790329214,0.335,0,1,0,0.00504284124573672,0.15,0.15,27,85145.3662713831,0.586254236701,0.5,0.267446825586057,0,1,1,1,0,0,1,1,0,0,0,0,82,0.333333333,1,0
"IE","IRL","Ireland",2021,0.125,1,100,0.787075165170195,0.479318672008477,0.646263719038607,0.5,0,1,0.245,0,1,0,0,0,0.52,1.378917,1.45610082421126,0,0,0.33,0.51,23,94185.9632775208,0.498355509497206,0.5,0.286916141183477,0,1,1,0,0,1,0,1,1,0.25,0.2,0.2,73,0.333333333,0,0
"IL","ISR","Israel",2021,0.23,0,100,0.901030024355631,0.478865241362287,0.835370889649727,0.5,0,1,-0.01,0,0,0,0.149163335676465,0,0.5,3.806604,1.67767975452896,0,0,0.28,0.33,17,27256.8377392103,0.629625590428315,0.5,1.17482927682111,0,0,1,0,0,0,0.5,0.5,0,0.3,0.23,0.23,58,0.333333333,0,0
"IS","ISL","Iceland",2021,0.2,0,10,0.86,0.602353618717047,0.812269350072009,0.5,0,0,0.36,0,1,0,0.408540250719154,0.0772148259939992,0.4625,1.240187,1.28122177549046,0,1,0.22,0.22,24,14635.034688069,0.499702399650227,0,1.21110745815622,0,1,0,1,0,0,1,1,0,0.2,0.12,0.2,45,0.666666667,1,0
"IT","ITA","Italy",2021,0.2781,0,80,0.869865253929667,0.576669379707147,0.965116279069767,1,1,1,0.11,1,1,0,0.481793665925348,0,0.52765573,2.514594,1.27040520224821,0,0,0.26,0.26,22,96898.2136441629,0.388696416402746,0,0.578076867776268,0.5,1,1,0,1,1,0.95,0.95,1,0.26,0.26,0.225,101,0.5,1,0
"JP","JPN","Japan",2021,0.2974,NA,5,0.859028659709284,0.278958448750364,0.787075165170195,0.5,0,0,0.0875,0,8,1,0.0180421879019325,0,0.56077165,8.575664,1.067265449367,1,0,0.2032,0.2032,10,98547.4616598144,0.734294146024682,0.5,0.807700006702748,0,1,1,1,1,0,0.95,0,0,0.2042,0.2042,0.2042,74,0.333333333,1,0
"KR","KOR","Korea",2021,0.275,0.5,9,0.921720532319392,0.547953910556565,0.813463195231154,1,0,1,0.135,0,4,0,0,0,0.51835686,21.796074,1.32508355373349,1,0,0,0.4395,10,34875.0428435542,0.648027637739191,0,0.390618393187178,0,1,1,0,1,1,0,0,1,0.22,0.22,0.22,94,0.666666667,1,0
"LT","LTU","Lithuania",2021,0.15,0,70,0.905263157894737,0.826923076923077,0.966194331983806,1,0,1,0.28,0,2,0,0,0.0333618827608093,0.3898,4.372888,1.20163109244151,0,0,0.2,0.15,21,98948.7247708238,0.553828808341399,0.5,0.211420684687379,0,1,0,0,0,0,1,1,1,0.15,0.1,0.1,55,0.333333333,1,0
"LU","LUX","Luxembourg",2021,0.2494,0,17,0.873417350634541,0.479318672008477,0.869865253929667,1,0,1,-0.01,0,1,1,0.0076669646470229,0,0.4718,3.291102,1.38253316064479,1,0,0,0.21,17,35513.171243328,0.819575991218033,0.5,0.0446832029385943,0,1,1,1,0,0,1,1,0,0.15,0,0,83,0.333333333,1,0
"LV","LVA","Latvia",2021,0.2,100,100,1,1,1,1,1,0,0,0,0,0,0,0.454857914276072,0.314,4.111032,1.16330678527317,0,0,0.2,0,21,80850.7111830682,0.629071935010302,0.5,0.423167780557343,0,0,1,0,0,0,1,1,1,0,0,0,64,0.333333333,1,0
"MX","MEX","Mexico",2021,0.3,0,10,0.795219524916135,0.630382676079967,0.795219524916135,0.5,0,0,0.055,0,0,0,0.0705484384175247,0,0.35,25.40676,1.12203922147444,0,1,0.1,0.17142857,16,0,0.311616305241046,0.5,0.0955057184680444,0,0,1,0,0,0,0,0,0,0.1,0.35,0.35,60,0.5,1,0
"NL","NLD","Netherlands",2021,0.25,1,6,0.813463195231154,0.338474732816403,0.869865253929667,1,0,1,0.225,0,1,0,0,0.00235834235085338,0.518592,1.284229,1.44991053486428,0,0,0.31,0.269,21,25479.7518781762,0.54430679815448,0.5,0.508171703727711,0,1,1,1,0,0,1,1,0,0.15,0,0,93,0.333333333,1,0
"NO","NOR","Norway",2021,0.22,0,100,0.781818181818182,0.373913043478261,0.737888702767901,0,0,0,0.22,0,0,0,0,0,0.464,1.550312,1.23960357550964,0,0,0.3168,0.3168,25,5034.84971930209,0.536133802930661,0.5,0.196780037593058,1,0,1,0,0,0,0.97,1,1,0.25,0,0,87,0.5,1,0
"NZ","NZL","New Zealand",2021,0.28,1,100,0.731914893617021,0.307142857142857,0.547953910556565,0.5,0,0,0.18,0,0,0,0.190625174717916,0,0.39,2.72906,1.38912062469496,0,0,0,0.15277778,15,41283.7029830228,0.937199952921646,0.5,1.21545546538284,0,0,0,0,0,0,1,1,0,0,0.15,0.15,40,0.333333333,0.5,0
"PL","POL","Poland",2021,0.19,0,2.5,0.737888702767901,0.338474732816403,0.869865253929667,1,1,1,0.195,1,1,0,0,0,0.39843792,1.52857,1.14424782284841,0,0,0.19,0.19,23,114294.661924962,0.50497453156499,0.5,0.857738803857743,0,1,1,1,1,1,1,0,1,0.19,0.2,0.2,83,0.5,1,0
"PT","PRT","Portugal",2021,0.315,0,9.6,0.888411247396436,0.547953910556565,0.547953910556565,0.5,1,1,0.35,1,4,0,0.0359825791259213,0,0.5817,15.101345,1.2772858322999,0,0,0.28,0.28,23,17640.0754289625,0.533781459202305,0.5,0.424078707527954,0,1,1,1,0,0,1,1,1,0.25,0.25,0.25,78,0.666666667,1,0
"SE","SWE","Sweden",2021,0.206,0,100,0.86,0.479318672008477,0.86,0,0,0,0.105,0,0,0,0,0.00082956508003042,0.5227,1.127806,1.196829678758,0,0.00143084871494169,0.3,0.3,25,3430.19361613526,0.585517764779869,0.5,0.338871259303834,0,0,1,1,0,0,1,1,0,0.3,0,0,85,0.666666667,1,0
"SI","SVN","Slovenia",2021,0.19,0,63,0.869865253929667,0.391406012913837,0.737888702767901,0.5,0,0,0.19,0,0,0,0.00284071536330984,0,0.6105,4.350842,1.11538443764543,0,0,0,0.275,22,88413.5774962689,0.600945242655943,0,0.264135081313022,0,1,1,1,0,0,0.95,0.475,1,0.15,0.15,0.15,0,0.333333333,0.5,0
"SK","SVK","Slovak Republic",2021,0.21,0,2.5,0.873879108036537,0.547953910556565,0.869865253929667,0.5,0,1,0.49,0,1,0,0.0786233479546377,0,0.3505,3.050888,1.12007683657114,0,0,0,0.07,20,98557.7589244358,0.525396894114821,0.5,0.22464427266427,0,0,0,0,0,0,1,1,1,0.19,0.19,0.19,70,0.333333333,1,0
"TR","TUR","Turkey",2021,0.25,0,5,0.864149148541634,0.431068736527055,0.69441435606903,0.5,1,1,0.055,1,0,0,0,0,0.408,8.026402,1.16793244798406,0,0,0,0.2,18,0,0.351403845909689,0.5,0.108967697364083,0,1,1,0,1,1,1,0.5,0,0.15,0.1,0.2,86,0.5,0.5,0
"US","USA","United States",2021,0.25754568,0,80,1,0.34958311169213,0.632751338890881,1,0,1,0.0675,0,2,0,0,0,0.46,8.623598,1.41627200271428,0,0,0.2891,0.28905211,7.4,0,0.356332039882028,0.5,1.6503031126155,0,1,1,1,0,0,1,0,0,0.3,0.3,0.3,66,0.333333333,1,1
"AT","AUT","Austria",2022,0.25,0,75,0.884365027341364,0.408845614108812,0.737888702767901,1,0,0,0.17,1,2,0,0.0910073411841598,0.005234700440832,0.55,20.658344,1.13244605591726,0,0,0.275,0.275,20,45454.5454545455,0.584699474218021,0,0.0963664220311211,0,0,1,1,0,0,1,1,0,0.275,0,0.2,89,0.333333333,1,0
"AU","AUS","Australia",2022,0.3,0,100,0.851484971473245,0.479318672008477,0.547953910556565,0.5,0,0,0.1475,0,2,0,0,0,0.47,1.880192,1.49653278376305,0,0,0.235,0.24285714,10,52083.3333333333,0.502100620150472,1,0.841871904238577,0,0,1,1,0,0,1,1,0,0,0.1,0.3,45,0.333333333,0.5,0
"BE","BEL","Belgium",2022,0.25,0,70,0.869865253929667,0.547953910556565,0.869865253929667,1,1,1,0.155,0,1,0,0.00444644008513933,0,0.60172143,0.990934,1.28392792796331,0,0,0,0.3,21,33783.7837837838,0.437411056713932,0.5,0.576285694554268,0.5,1,1,1,0,1,1,1,0,0.3,0.3,0.3,95,0.333333333,1,0
"CA","CAN","Canada",2022,0.25949263,3,20,1,0.635714285714286,0.518965517241379,0.5,0,0,0.2125,1,1,0,0.0750822805080177,0,0.535296,2.699502,1.22456768011817,0,0,0.2675,0.39344076,12.4,24000,0.486634359120269,0.5,1.53028560515907,0,0,1,1,1,0,1,0.5,1,0.25,0.25,0.25,94,0.333333333,0.5,0
"CH","CHE","Switzerland",2022,0.19653352,0,7,0.86,0.554838709677419,0.905263157894737,1,0,1,-0.01,0,0,0,0.231704674270435,0,0.4164902,3.137307,1.36307628799201,0,0,0,0.22285,7.7,90909.0909090909,0.67313727566739,0.5,0.0748422491239628,1,1,1,1,1,1,1,1,0,0.35,0.35,0,107,0,0.5,0
"CL","CHL","Chile",2022,0.27,0,100,1,1,1,0.5,0,0,0.275,0,1,0,0.101053330953887,0,0.40000001,19.719908,2.74307841922431,0,0,0.4,0.2390411,19,0,0.62744698417104,0.5,0.506280856064651,0,1,0,1,0,0,0,0,0,0.1745,0.35,0.3,33,0.333333333,0.5,0
"CO","COL","Colombia",2022,0.35,0,12,0.737888702767901,0.305956530933891,0.869865253929667,0.5,0,0,0.435,0,2,0,0.0887873759515995,0,0.38999999,56.138153,0,0,1,0.1,0.1,19,0,0.344536553656186,0.5,0.529847533658971,1,1,1,0,1,1,0.5,0.5,0,0.1,0.2,0.2,15,0.666666667,0.5,0
"CR","CRI","Costa Rica",2022,0.3,0,3,0.822456690745778,0.278958448750364,0.737888702767901,0.5,0,0,-0.02,0,5,0,0.367627949901543,0.0359642116524632,0.32769231,5.995148,1.06052544168391,0,0.869483909064068,0.15,0.15,13,0,0.452005904266628,0.5,0.221731321605421,0,0,1,1,0,1,1,1,0,0.15,0.15,0.25,3,0,1,0
"CZ","CZE","Czech Republic",2022,0.19,2,5,0.972093023255814,0.543222830616488,0.841318847888109,0.5,0,0,0.18,0,0,0,0,0,0.275,3.89416,1.12040161905191,0,0,0,0.23,21,77519.3798449612,0.56328349897386,0.5,0.0933141236291442,0,1,0,0,0,0,1,1,1,0.15,0.15,0.15,94,0.333333333,1,0
"DE","DEU","Germany",2022,0.29927068,2,60,0.847117028387074,0.391406012913837,0.869865253929667,1,0,0,0.205,0,0,1,0,0,0.47475,5.075538,1.11104187300377,1,0,0.26375,0.26375,19,29542.9305781417,0.508638757593866,0.5,0.206633547395101,0,1,1,0,0,0,0.95,0.95,0,0.26375,0,0.15825,96,0.333333333,1,0
"DK","DNK","Denmark",2022,0.22,0,60,0.826923076923077,0.479318672008477,0.81340644290143,0,0,0,0.065,0,0,0,0.42210642460711,0,0.559044,1.279386,1.23963021519599,0,0,0.42,0.42,25,7587.25341426404,0.632909557927738,0.5,0.734892054371281,0,1,1,0,0,0,1,1,1,0.27,0.22,0.22,75,0.666666667,1,0
"EE","EST","Estonia",2022,0.2,100,100,1,1,1,1,1,0,0,0,1,0,0,0,0.2,0.301495,1.16387741726361,0,0,0.2,0,20,72727.2727272727,0.698508212693634,1,0.110704340521249,0,0,0,0,0,0,1,1,1,0,0,0.1,62,0.333333333,1,0
"ES","ESP","Spain",2022,0.25,0,25,0.778563038959402,0.391406012913837,0.737888702767901,0.5,0,1,0.295,1,2,0,0,0,0.48573128,10.603051,1.22871613303642,0,0,0.26,0.26,21,0,0.416222285517333,0.5,0.560858615955669,1,1,1,0,1,1,0.95,0.95,1,0.19,0.19,0.24,95,0.333333333,1,0
"FI","FIN","Finland",2022,0.2,0,10,0.934782608695652,0.518965517241379,0.737888702767901,0,0,0,0,0,0,0,0,0,0.59413343,1.825101,1.31221048880463,0,0,0.34,0.289,24,18072.2891566265,0.593500381911629,0.5,0.368553553400163,0,1,1,0,0,1,1,1,1,0.2,0,0.2,77,0.666666667,1,0
"FR","FRA","France",2022,0.25825,1,50,0.880275603755891,0.547953910556565,0.869865253929667,0.5,0,1,0.3525,1,1,1,0.227678143550585,0.269449607633749,0.55572,14.059618,1.29022182503167,0,0,0.34,0.34,20,117534.246575342,0.48295993178669,0.5,1.09406282591165,0.5,1,1,1,0,1,0.95,0.88,1,0.25,0,0.25,125,0.666666667,1,0
"GB","GBR","United Kingdom",2022,0.19,1,50,1.3,0.391406012913837,0.826923076923077,0,0,1,0.195,1,2,0,0,0.00507834433704455,0.4774,3.327648,1.37211052373854,0,0,0.2,0.3935,20,123188.405797101,0.442683538634102,0.5,1.68349243350049,0,1,1,1,0,1,1,1,0,0,0.2,0.2,132,0.333333333,1,0
"GR","GRC","Greece",2022,0.22,0,5,0.737888702767901,0.479318672008477,0.737888702767901,0.5,0,1,0.23,0,0,0,0.220563907143519,0.0341141518925758,0.5354605,2.096258,1.2723025612601,0,0,0,0.05,24,18330.2599597467,0.37317337996829,0.5,1.06196585034116,0,1,1,1,1,1,1,1,1,0.05,0.15,0.2,57,0.333333333,1,0
"HU","HUN","Hungary",2022,0.09,0,2.5,0.816200383417959,0.278958448750364,0.737888702767901,0.5,0,1,0.1775,0,1,0,0,0.568388008463759,0.335,0,1,0,0.005463030755112,0.15,0.15,27,77419.3548387097,0.584668059791164,0.5,0.260865552542027,0,1,1,1,0,1,1,1,0,0,0,0,83,0.333333333,1,0
"IE","IRL","Ireland",2022,0.125,1,100,0.787075165170195,0.479318672008477,0.646263719038607,0,0,1,0.245,0,1,0,0,0,0.52,1.346655,1.43861694123126,0,0,0.33,0.51,23,94936.7088607595,0.426298604584761,0.5,0.161722298589385,0,1,1,0,0,1,0,1,1,0.25,0.2,0.2,73,0.333333333,1,0
"IL","ISR","Israel",2022,0.23,0,100,0.901030024355631,0.478865241362287,0.835370889649727,0.5,0,1,-0.01,0,0,0,0.182875552091602,0,0.5,3.61573,1.68105079408005,0,0,0.28,0.33,17,26918.9473684211,0.644596338384897,0.5,1.0460099965352,0,0,1,0,0,0,0.5,0.5,0,0.3,0.23,0.23,60,0.333333333,0,0
"IS","ISL","Iceland",2022,0.2,0,10,0.86,0.602353618717047,0.812269350072009,0.5,0,0,0.36,0,1,0,0.334404195804196,0.085691944730492,0.4625,1.245338,1.31588221792953,0,1,0.22,0.22,24,13245.0331125828,0.4564749763025,0,1.24360367579661,0,1,1,1,0,0,1,1,0,0.2,0.12,0.2,45,0.666666667,1,0
"IT","ITA","Italy",2022,0.2781,0,80,0.869865253929667,0.576669379707147,0.965116279069767,1,1,0,0.2,1,1,0,0.450101730472141,0.00677405705060694,0.52765573,1.660396,1.28479468303258,0,0,0.26,0.26,22,1e+05,0.373613092154151,0,0.58049693951297,0.5,1,1,0,1,1,0.95,0.95,1,0.26,0.26,0.225,103,0.5,1,0
"JP","JPN","Japan",2022,0.2974,0.5,5,0.859028659709284,0.278958448750364,0.787075165170195,0.5,0,0,0.0875,0,6,1,0.0181971333371705,0,0.56077165,8.445833,1.06230253633945,1,0,0.2032,0.2032,10,1e+05,0.694320190846512,0.5,0.815395231024362,0,1,1,1,1,0,0.95,0,0,0.2042,0.2042,0.2042,78,0.333333333,1,0
"KR","KOR","Korea",2022,0.275,0.5,12,0.921720532319392,0.547953910556565,0.813463195231154,1,0,1,0.135,0,4,0,0,0,0.51910776,20.665668,1.3089816485833,1,0,0,0.4395,10,56670.6021251476,0.650459690816829,0,0.43019909871715,0,1,1,0,1,1,0.95,0.95,1,0.22,0.22,0.22,94,0.666666667,1,0
"LT","LTU","Lithuania",2022,0.15,0,70,0.905263157894737,0.826923076923077,0.966194331983806,1,0,1,0.28,0,2,0,0,0.0287580095320392,0.3898,4.257783,1.1806805430532,0,0,0.2,0.15,21,97826.0869565217,0.571627700233064,0.5,0.205218298590825,0,1,0,0,0,0,1,1,1,0.15,0.1,0.1,55,0.333333333,1,0
"LU","LUX","Luxembourg",2022,0.2494,0,17,0.873417350634541,0.479318672008477,0.869865253929667,1,0,1,-0.01,0,1,1,0.00732811192189668,0,0.4718,3.149519,1.37908421339685,1,0,0,0.21,17,41176.4705882353,0.845786254364867,0.5,0.0450982660707662,0,1,1,1,0,0,1,1,0,0.15,0,0,84,0.333333333,1,0
"LV","LVA","Latvia",2022,0.2,100,100,1,1,1,1,1,0,0,0,0,0,0,0.36443608410426,0.314,4.733394,1.12407661177561,0,0,0.2,0,21,78431.3725490196,0.618920537736935,0.5,0.410556302473793,0,0,1,0,0,0,1,1,1,0,0,0,64,0.333333333,1,0
"MX","MEX","Mexico",2022,0.3,0,10,0.795219524916135,0.630382676079967,0.795219524916135,0.5,0,0,0.055,0,0,0,0.0708415003317981,0,0.35,22.723394,1.15197491689889,0,1,0.1,0.17142857,16,0,0.34509856577183,0.5,0.101787801190872,0,0,1,0,0,0,0,0,0,0.1,0.35,0.35,60,0.5,1,0
"NL","NLD","Netherlands",2022,0.258,0.5,50,0.813463195231154,0.338474732816403,0.869865253929667,1,0,1,0.265,0,1,0,0,0.00270586191586423,0.5220448,1.234923,1.48512246863272,0,0,0.31,0.269,21,25974.025974026,0.56221890127491,0.5,0.541382340335993,0,1,1,1,0,0,1,1,0,0.15,0,0,93,0.333333333,1,0
"NO","NOR","Norway",2022,0.22,0,100,0.781818181818182,0.373913043478261,0.737888702767901,0,0,0,0.22,0,0,0,0,0,0.474,2.901491,1.30435692910661,0,0,0.3168,0.352,25,5170.63081695967,0.549723175745141,0.5,0.193596023146081,1,0,1,0,0,0,0.97,1,1,0.25,0,0,87,0.5,1,0
"NZ","NZL","New Zealand",2022,0.28,1,100,0.731914893617021,0.307142857142857,0.547953910556565,0.5,0,0,0.18,0,0,0,0.14348203277103,0,0.39,2.550012,1.60278909301165,0,0,0,0.15277778,15,40268.4563758389,1.0792344103725,0.5,1.22046222478738,0,0,0,0,0,0,1,1,0,0,0.15,0.15,40,0.333333333,0.5,0
"PL","POL","Poland",2022,0.19,0,2.5,0.737888702767901,0.338474732816403,0.869865253929667,1,1,1,0.195,1,1,0,0,0,0.4543866,1.873822,1.14329936443973,0,0,0.19,0.19,23,108695.652173913,0.505571099137027,0.5,0.872220146777573,0,1,1,1,1,1,1,1,1,0.19,0.2,0.2,83,0.5,1,0
"PT","PRT","Portugal",2022,0.315,0,9.6,0.888411247396436,0.547953910556565,0.547953910556565,0.5,1,1,0.35,1,4,0,0.0631764412747006,0,0.5817,14.230982,1.25969945461589,0,0,0.28,0.28,23,21769.1908478839,0.494128651998457,0.5,0.413668807652237,0,1,1,1,0,0,1,1,1,0.25,0.25,0.25,77,0.666666667,1,0
"SE","SWE","Sweden",2022,0.206,0,100,0.86,0.479318672008477,0.86,0,0,0,0.105,0,0,0,0,0.00087118076756126,0.5224,1.123706,1.21848487524366,0,0.00300379000959506,0.3,0.3,25,3444.3168771527,0.590822859654617,0.5,0.338224910184742,0,0,1,1,0,0,1,1,0,0.3,0,0,83,0.666666667,1,0
"SI","SVN","Slovenia",2022,0.19,0,63,0.869865253929667,0.391406012913837,0.737888702767901,0.5,0,0,0.19,0,0,0,0.00258636130473394,0,0.57155,4.272849,1.14375392248994,0,0,0,0.25,22,87962.19736606,0.544364624114462,0,0.26973258760591,0,1,1,0,0,0,0.95,0.475,1,0.15,0.15,0.15,0,0.333333333,0.5,0
"SK","SVK","Slovak Republic",2022,0.21,0,2.5,0.873879108036537,0.547953910556565,0.869865253929667,0.5,0,1,0.49,0,1,0,0.0774608372848723,0,0.3505,2.835669,1.13885697571633,0,0,0,0.07,20,92203.7037037037,0.505799586450057,0.5,0.261185495071656,0,0,0,1,0,0,1,1,1,0.19,0.19,0.19,71,0.333333333,1,0
"TR","TUR","Turkey",2022,0.23,0,5,0.864149148541634,0.431068736527055,0.69441435606903,0.5,1,1,0.055,1,0,0,0,0,0.408,6.35787,1.16069699543666,0,0,0,0.2,18,0,0.387961863470035,0.5,0.120646257977975,0,1,1,0,1,1,1,0.5,0,0.15,0.1,0.2,88,0.5,0.5,0
"US","USA","United States",2022,0.25808085,0,80,1,0.34958311169213,0.632751338890881,1,0,1,0.0675,0,2,0,0,0,0.46,8.525744,1.31402111278186,0,0,0.2891,0.28940924,7.4,0,0.35423469760741,0.5,1.67743163090996,0,1,1,1,0,0,1,0,0,0.3,0.3,0.3,66,0.333333333,1,1
"AT","AUT","Austria",2023,0.24,0,75,0.884365027341364,0.408845614108812,0.737888702767901,1,0,0,0.17,1,2,0,0.105116830278243,0.00712854755796526,0.55,19.290971,1.14377370796562,0,0,0.275,0.275,20,47945.2054794521,0.593050184410074,0,0.0990687586926586,0,0,1,1,0,0,1,1,0,0.275,0,0.2,89,0.333333333,1,0
"AU","AUS","Australia",2023,0.3,0,100,0.851484971473245,0.479318672008477,0.547953910556565,0.5,0,1,0.1525,0,2,0,0,0,0.47,1.807861,1.49320054008415,0,0,0.235,0.24285714,10,52816.9014084507,0.47665726157202,1,0.883042283725395,0,0,1,1,0,0,1,1,0,0,0.1,0.3,46,0.333333333,1,0
"BE","BEL","Belgium",2023,0.25,0,40,0.869865253929667,0.547953910556565,0.869865253929667,1,1,1,0.155,0,1,0,0.00396440997471107,0,0.60172143,1.014585,1.29370352891858,0,0,0,0.3,21,33783.7837837838,0.482153100855243,0.5,0.59366183216384,0.5,1,1,1,0,1,1,1,0,0.3,0.3,0.3,95,0.333333333,1,0
"CA","CAN","Canada",2023,0.26015751,3,20,1,0.635714285714286,0.518965517241379,0.5,0,0,0.2125,1,1,0,0.0789328257494646,0,0.535296,2.70373,1.21421446654922,0,0,0.2676,0.39344076,12.4,24390.243902439,0.530473288861722,0.5,1.55466981267718,0,0,1,1,1,0,1,0.5,1,0.25,0.25,0.25,94,0.333333333,0.5,0
"CH","CHE","Switzerland",2023,0.19653352,0,7,0.86,0.554838709677419,0.905263157894737,1,0,1,-0.01,0,0,0,0.37616405752636,0,0.4154,3.083848,1.3435952227803,0,0,0,0.2222,7.7,95238.0952380952,0.697054631584941,0.5,0.078849674202106,1,1,1,1,1,1,1,1,0,0.35,0.35,0,109,0,0.5,0
"CL","CHL","Chile",2023,0.27,0,100,0.705977756078566,0.42321653857669,0,0.5,0,0,0.275,0,0,0,0.376835070100455,0,0.39999998,19.529906,1.09000585097161,0,0,0.4,0.2390411,19,0,0.744636959890676,0.5,0.553403214432187,0,1,0,1,0,0,0,0,0,0.1745,0.35,0.3,36,0.333333333,0.5,0
"CO","COL","Colombia",2023,0.35,0,12,0.737888702767901,0.305956530933891,0.869865253929667,0.5,0,0,0.4575,0,3,0,0.0514851832629725,0,0.38999999,51.021979,0,0,1,0.15,0.2,19,0,0.372064556319859,0.5,0.551573989859263,1,1,1,0,1,1,0.5,0.5,0,0.2,0.2,0.2,16,0.666666667,0.5,0.5
"CR","CRI","Costa Rica",2023,0.3,0,3,0.822456690745778,0.278958448750364,0.737888702767901,0.5,0,0,-0.02,0,5,0,0.32649497095613,0.0257244665351362,0.32926154,6.482258,1.06112271152736,0,0.892065602875037,0.15,0.15,13,0,0.520307069596301,0.5,0.259388306448514,0,0,1,1,0,1,1,1,0,0.15,0.15,0.25,4,0,1,0
"CZ","CZE","Czech Republic",2023,0.19,2,5,0.972093023255814,0.543222830616488,0.841318847888109,0.5,0,0,0.18,0,0,0,0,0,0.275,3.733828,1.12460601675097,0,0,0,0.23,21,155038.759689922,0.575525430939209,0.5,0.0936870123141293,0,1,0,0,0,0,1,1,1,0.15,0.15,0.15,97,0.333333333,1,0
"DE","DEU","Germany",2023,0.30058462,2,60,0.737888702767901,0.391406012913837,0.869865253929667,1,0,0,0.205,0,0,1,0,0,0.47475,4.867634,1.12745365431779,1,0,0.26375,0.26375,19,30136.9863013699,0.57202770603797,0.5,0.211800967989517,0,1,1,0,0,0,0.95,0.95,0,0.26375,0,0.15825,96,0.333333333,1,0
"DK","DNK","Denmark",2023,0.22,0,60,0.826923076923077,0.391406012913837,0.81340644290143,0,0,0,0.065,0,0,0,0.387812095979682,0,0.559044,1.26301,1.29130812446551,0,0,0.42,0.42,25,7812.5,0.629725526165445,0.5,0.737907321242416,0,1,1,0,0,0,1,1,1,0.27,0.22,0.22,75,0.666666667,1,0
"EE","EST","Estonia",2023,0.2,100,100,1,1,1,1,1,0,0,0,1,0,0,0,0.2,0.353528,1.14775856386714,0,0,0.2,0,20,68965.5172413793,0.747993463025955,1,0.105874198636073,0,0,0,0,0,0,1,1,1,0,0,0.1,62,0.333333333,1,0
"ES","ESP","Spain",2023,0.25,0,25,0.778563038959402,0.391406012913837,0.737888702767901,0.5,0,1,0.295,1,2,0,0,0.005114145988023,0.485718,10.098512,1.22675546111485,0,0,0.28,0.28,21,0,0.457578336198572,0.5,0.596461814504747,1,1,1,0,1,1,0.95,0.95,1,0.19,0.19,0.24,94,0.333333333,1,0
"FI","FIN","Finland",2023,0.2,0,10,0.934782608695652,0.518965517241379,0.737888702767901,0,0,0,0.005,0,0,0,0,0,0.57996802,1.817355,1.32317455109398,0,0,0.34,0.289,24,18518.5185185185,0.600494245699063,0.5,0.370097299324927,0,1,1,0,0,1,1,1,1,0.2,0,0.2,78,0.666666667,1,0
"FR","FRA","France",2023,0.25825,1,50,0.880275603755891,0.547953910556565,0.869865253929667,0.5,0,1,0.3425,1,1,1,0.210316594187356,0.161904537130694,0.55572,13.572959,1.28331240600088,0,0,0.34,0.34,20,131285.714285714,0.52288483778388,0.5,1.0240339520194,0.5,1,1,1,0,1,0.95,0.88,1,0.25,0,0.25,124,0.666666667,1,0
"GB","GBR","United Kingdom",2023,0.25,1,50,1,0.391406012913837,0.826923076923077,0,0,1,0.195,1,2,0,0,0.00721520847472213,0.47,2.550807,1.36512968001758,0,0,0.2,0.3935,20,125000,0.458417408850543,0.5,1.76677216932453,0,1,1,1,0,1,1,1,0,0,0.2,0.2,132,0.333333333,1,0
"GR","GRC","Greece",2023,0.22,0,5,0.737888702767901,0.479318672008477,0.737888702767901,0.5,0,1,0.23,0,0,0,0.162093682364872,0.0347941553346517,0.534898,1.930357,1.29777272123133,0,0,0,0.05,24,18867.9245283019,0.418395717327049,0.5,1.13528017814717,0,1,1,1,1,1,1,1,1,0.05,0.15,0.2,57,0.333333333,1,0
"HU","HUN","Hungary",2023,0.09,0,2.5,0.816200383417959,0.278958448750364,0.737888702767901,0.5,0,1,0.1525,0,1,0,0,0.528903499900374,0.335,0,1,0,0.00518104124394487,0.15,0.15,27,73170.7317073171,0.610704406787805,0.5,0.258864170278381,0,1,1,1,0,1,1,1,0,0,0,0,84,0.333333333,1,0
"IE","IRL","Ireland",2023,0.125,1,100,0.787075165170195,0.479318672008477,0.646263719038607,0,0,1,0.245,0,1,0,0,0,0.52,1.259317,1.44438293161309,0,0,0.33,0.51,23,96153.8461538462,0.509019129521339,0.5,0.218321026407333,0,1,1,0,0,1,0,1,1,0.25,0.2,0.2,74,0.333333333,1,0
"IL","ISR","Israel",2023,0.23,0,100,0.901030024355631,0.478865241362287,0.835370889649727,0.5,0,1,-0.01,0,0,0,0.188330801046775,0,0.5,3.6639,1.74325363481153,0,0,0.28,0.33,17,29027.4932614555,0.698896124641235,0.5,1.1720586502927,0,0,1,0,0,0,0.5,0.5,0,0.3,0.23,0.23,60,0.333333333,0,0
"IS","ISL","Iceland",2023,0.2,0,10,0.86,0.602353618717047,0.812269350072009,0.5,0,0,0.36,0,1,0,0.368857939127964,0.0932087992512474,0.4625,1.282322,1.315148770664,0,1,0.22,0.22,24,13986.013986014,0.493930999166456,0,1.3004918415192,0,1,1,1,0,0,1,1,0,0.2,0.12,0.2,46,0.666666667,1,0
"IT","ITA","Italy",2023,0.2781,0,80,0.869865253929667,0.576669379707147,0.965116279069767,1,1,0,0.2,1,1,0,0.501306014551769,0.0087112920022308,0.52765573,1.612097,1.31418807275629,0,0,0.26,0.26,22,134920.634920635,0.430105419769842,0,0.613524113541447,0.5,1,1,0,1,1,0.95,0.95,1,0.26,0.26,0.225,103,0.5,1,0
"JP","JPN","Japan",2023,0.2974,0.5,5,0.859028659709284,0.278958448750364,0.787075165170195,0.5,0,0,0.0875,0,6,1,0.0159142127286602,0,0.56165275,8.289439,1.08965558212861,1,0,0.20315,0.2032,10,102459.016393443,0.716414141999584,0.5,0.807183599147345,0,1,1,1,1,0,0.95,0,0,0.2042,0.2042,0.2042,78,0.666666667,1,0
"KR","KOR","Korea",2023,0.264,0.5,12,0.921720532319392,0.547953910556565,0.813463195231154,1,0,1,0.145,0,4,0,0,0,0.51974062,20.074675,1.28200184186276,1,0,0,0.4395,10,57692.3076923077,0.666323108549769,0,0.508113767954818,0,1,1,0,1,1,0.95,0,1,0.22,0.22,0.22,94,0.666666667,1,0
"LT","LTU","Lithuania",2023,0.15,0,70,0.905263157894737,0.826923076923077,0.966194331983806,1,0,1,0.28,0,2,0,0,0.0260619691927828,0.3898,4.246472,1.16643371093485,0,0,0.2,0.15,21,91836.7346938776,0.60134211875278,0.5,0.217497010915601,0,1,0,0,0,0,1,1,1,0.15,0.1,0.1,58,0.333333333,1,0
"LU","LUX","Luxembourg",2023,0.2494,0,17,0.873417350634541,0.479318672008477,0.869865253929667,1,0,1,-0.01,0,1,1,0.00885906802205524,0,0.4718,2.972912,1.40603191840911,1,0,0,0.21,16,41666.6666666667,0.859822126284055,0.5,0.0457565019692466,0,1,1,1,0,0,1,1,0,0.15,0,0,84,0.333333333,1,0
"LV","LVA","Latvia",2023,0.2,100,100,1,1,1,1,1,0,0,0,0,0,0,0.257283778987222,0.314,4.245488,1.15791427642582,0,0,0.2,0,21,76923.0769230769,0.62441269750364,0.5,0.409157725150701,0,0,1,0,0,0,1,1,1,0,0,0,64,0.333333333,1,0
"MX","MEX","Mexico",2023,0.3,0,10,0.795219524916135,0.630382676079967,0.795219524916135,0.5,0,0,0.055,0,0,0,0.0680787928017247,0,0.35,23.60615,1.17405120821698,0,1,0.1,0.17142857,16,0,0.348431233563278,0.5,0.108806245678934,0,0,1,0,0,0,0,0,0,0.1,0.35,0.35,60,0.5,1,0
"NL","NLD","Netherlands",2023,0.258,0.5,50,0.813463195231154,0.338474732816403,0.869865253929667,1,0,1,0.2275,0,1,0,0,0.00214995174304213,0.52727789,1.232149,1.45124433849209,0,0,0.32,0.269,21,26315.7894736842,0.575230369208182,0.5,0.527326755091046,0,1,1,1,0,0,1,1,0,0.15,0,0,96,0.333333333,1,0
"NO","NOR","Norway",2023,0.22,0,100,0.781818181818182,0.373913043478261,0.737888702767901,0,0,0,0.22,0,0,0,0,0,0.474,2.061817,1.29796107001384,0,0,0.378,0.3784,25,5630.63063063063,0.554537195021928,0.5,0.198370195381552,1,0,1,0,0,0,0.97,1,1,0.25,0,0,87,0.5,1,0
"NZ","NZL","New Zealand",2023,0.28,0,100,0.731914893617021,0.307142857142857,0.547953910556565,0.5,0,0,0.18,0,0,0,0.110656315801858,0,0.39,2.368395,1.38884716803085,0,0,0,0.15277778,15,41095.8904109589,1.00349991627972,0.5,1.2751327138157,0,0,0,0,0,0,1,1,0,0,0.15,0.15,40,0.333333333,0.5,0
"PL","POL","Poland",2023,0.19,0,2.5,0.737888702767901,0.338474732816403,0.869865253929667,1,1,1,0.32,1,1,0,0,0,0.4543866,1.659162,1.13688208806502,0,0,0.19,0.19,23,105820.105820106,0.552824391454868,0.5,0.895875077314275,0,1,1,1,1,1,1,1,1,0.19,0.2,0.2,84,0.5,1,0
"PT","PRT","Portugal",2023,0.315,0,65,0.888411247396436,0.547953910556565,0.547953910556565,0.5,1,1,0.35,1,5,0,0.0633665866518198,0,0.5817,13.064419,1.24601230259505,0,0,0.28,0.28,23,24107.1428571429,0.531144518549597,0.5,0.409186921716789,0,1,1,1,0,0,1,1,1,0.25,0.25,0.25,78,0.666666667,1,0
"SE","SWE","Sweden",2023,0.206,0,100,0.86,0.479318672008477,0.86,0,0,0,0.105,0,0,0,0,0.0007493892111181,0.5224,1.188518,1.22155470877004,0,0.00136729464200724,0.3,0.3,25,9142.85714285714,0.597998016580717,0.5,0.346850429488006,0,0,1,1,0,0,1,1,0,0.3,0,0,83,0.666666667,1,0
"SI","SVN","Slovenia",2023,0.19,0,63,0.869865253929667,0.391406012913837,0.737888702767901,0.5,0,0,0.19,0,0,0,0.00207900479825675,0,0.6105,3.921356,1.15911354227844,0,0,0,0.25,22,89285.7142857143,0.584358129160329,0,0.284310592377801,0,1,1,0,0,0,0.95,0.475,1,0.15,0.15,0.15,60,0.333333333,0.5,0
"SK","SVK","Slovak Republic",2023,0.21,0,2.5,0.873879108036537,0.547953910556565,0.869865253929667,0.5,0,1,0.25,0,1,0,0.0738718348325239,0,0.3505,2.776287,1.12840101460349,0,0,0,0.07,20,92203.7037037037,0.522261188653012,0.5,0.276463872502375,0,0,0,1,0,0,1,1,1,0.19,0.19,0.19,71,0.333333333,1,0
"TR","TUR","Turkey",2023,0.25,0,5,0.864149148541634,0.431068736527055,0.69441435606903,0.5,1,1,0.055,1,0,0,0,0,0.408,6.62478,1.26341545781337,0,0,0,0.2,20,0,0.480433897099869,0.5,0.132710213348479,0,1,1,0,1,1,1,0.5,0,0.15,0.1,0.2,88,0.5,0.5,0
"US","USA","United States",2023,0.25767935,0,80,0.975385093212036,0.34958311169213,0.632751338890881,1,0,1,0.0275,0,2,0,0,0,0.458,8.7403,1.23756706706397,0,0,0.2887,0.2887222,7.5,0,0.37202852095014,0.5,1.72483615432331,0,1,1,1,0,0,1,0,0,0.3,0.3,0.3,66,0.333333333,1,1
"AT","AUT","Austria",2024,0.23,0,75,0.884365027341364,0.408845614108812,0.737888702767901,1,0,0,0.17,1,3,0,0.0818553632993372,0.00623713389254558,0.55,18.081621,1.12555944354326,0,0,0.275,0.275,20,49295.7746478873,0.622739016884817,0,0.098762354878432,0,0,1,1,0,0,1,1,0,0.275,0,0.2,87,0.333333333,1,0.5
"AU","AUS","Australia",2024,0.3,0,100,0.851484971473245,0.479318672008477,0.547953910556565,0.5,0,0,0.1525,0,3,0,0,0,0.47,1.73421,1.35234748522557,0,0,0.235,0.24285714,10,53956.8345323741,0.489296601398007,1,0.950530610838711,0,0,1,1,0,0,1,1,0,0,0.1,0.3,45,0.333333333,1,0.5
"BE","BEL","Belgium",2024,0.25,0,70,0.869865253929667,0.547953910556565,0.869865253929667,1,0,1,0.155,0,2,0,0.00364874441857136,0,0.60042399,1.03031,1.27883880085416,0,0,0,0.3,21,35714.2857142857,0.445567618505983,0.5,0.624906712449855,0.5,1,1,1,0,1,1,1,0,0.3,0.3,0.3,93,0.333333333,1,0.5
"CA","CAN","Canada",2024,0.2599,3,20,0.967391304347826,0.625,0.518965517241379,0.5,0,0,0.2125,1,2,0,0.0825351666079985,0,0.535296,2.728347,1.21309712797424,0,0,0.267,0.39343524,12.4,25641.0256410256,0.530835746475894,0.5,1.57582940187892,0,0,1,1,1,0,1,0.5,1,0.25,0.25,0.25,93,0.333333333,1,0.5
"CH","CHE","Switzerland",2024,0.19608138,0,7,0.86,0.554838709677419,0.905263157894737,1,0,1,-0.01,0,1,0,0.255221627928332,0,0.4141,3.10415,1.33286560531004,0,0,0,0.22155,8.1,103092.783505155,0.684028208561218,0.5,0.0802228331280186,1,1,1,1,1,1,1,1,0,0.35,0.35,0,108,0,0.5,0
"CL","CHL","Chile",2024,0.27,0,100,0.705977756078566,0.42321653857669,0,0.5,0,0,0.275,0,0,0,0.285867187766171,0,0.39999999,19.294607,1.08897510378382,0,0,0.4,0.2390411,19,0,0.712169309327543,0.5,0.590715943439605,0,1,0,1,0,0,0,0,0,0.1745,0.35,0.3,37,0.333333333,0.5,0
"CO","COL","Colombia",2024,0.35,0,12,0.737888702767901,0.305956530933891,0.869865253929667,0.5,0,0,0.0725,1,3,0,0.0298292112194595,0,0.39000005,52.319361,0,0,1,0.15,0.2,19,0,0.402735494405245,0.5,0.544336194799848,1,1,1,0,1,1,0.5,0.5,0,0.2,0.2,0.2,16,0.666666667,0.5,0.5
"CR","CRI","Costa Rica",2024,0.3,0,3,0.822456690745778,0.278958448750364,0.737888702767901,0.5,0,0,-0.02,0,5,0,0.316327157197282,0.0202596183588792,0.32926154,6.300921,1.06585242117366,0,0.894833320585218,0.15,0.15,13,0,0.503155538891516,0.5,0.261592227956547,0,0,1,1,0,1,1,1,0,0.15,0.15,0.25,4,0,1,0
"CZ","CZE","Czech Republic",2024,0.21,2,5,0.873879108036537,0.543222830616488,0.841318847888109,0.5,0,0,0.18,0,1,0,0,0,0.346,2.872461,1.11422488360181,0,0,0,0.23,21,159362.549800797,0.59899187415809,0.5,0.0946752698210986,0,1,0,0,0,0,1,1,1,0.15,0.15,0.15,95,0.333333333,1,0.5
"DE","DEU","Germany",2024,0.30133026,2,70,0.804165408852152,0.391406012913837,0.869865253929667,1,0,0,0.205,0,1,1,0,0,0.47475,4.6366,1.13469413033554,1,0,0.26375,0.26375,19,31428.5714285714,0.57675201940192,0.5,0.214278761621412,0,1,1,0,0,0,0.95,0.95,0,0.26375,0,0.15825,94,0.333333333,1,1
"DK","DNK","Denmark",2024,0.22,0,60,0.826923076923077,0.391406012913837,0.81340644290143,0,0,0,0.01,1,1,0,0.115392203822373,0,0.559044,1.22791,1.22635348243318,0,0,0.42,0.42,25,8183.30605564648,0.6570384403486,0.5,0.728568497368226,0,1,1,0,0,0,1,1,1,0.27,0.22,0.22,73,0.666666667,1,0.5
"EE","EST","Estonia",2024,0.2,100,100,1,1,1,1,1,0,0,0,1,0,0,0,0.2,0.330389,1.26304301703703,0,0,0.2,0,22,71428.5714285714,0.725306382273537,1,0.099380669210134,0,0,0,0,0,0,1,1,1,0,0,0.1,62,0.333333333,1,0
"ES","ESP","Spain",2024,0.25,0,70,0.778563038959402,0.391406012913837,0.737888702767901,0.5,0,1,0.295,1,3,0,0,0.00800129504719144,0.485718,9.712311,1.37750566327597,0,0,0.28,0.28,21,0,0.468198183009091,0.5,0.584252365909288,1,1,1,0,1,1,0.95,0.95,1,0.19,0.19,0.24,92,0.333333333,1,0.5
"FI","FIN","Finland",2024,0.2,0,10,0.934782608695652,0.518965517241379,0.737888702767901,0,0,0,0.1,0,1,0,0,0,0.57478685,3.07417,1.26769983539292,0,0,0.34,0.289,24,19736.8421052632,0.600941709541403,0.5,0.382673919544738,0,1,1,0,0,1,1,1,1,0.2,0,0.2,77,0.666666667,1,0.5
"FR","FRA","France",2024,0.25825,1,50,0.880275603755891,0.547953910556565,0.869865253929667,0.5,0,1,0.3425,1,2,1,0.223676382037932,0.155037159937711,0.55572,13.110908,1.29416297253686,0,0,0.34,0.34,20,137164.179104478,0.525926449844575,0.5,1.01315718632939,0.5,1,1,1,0,1,0.95,0.88,1,0.25,0,0.25,122,0.666666667,1,1
"GB","GBR","United Kingdom",2024,0.25,1,50,1,0.391406012913837,0.826923076923077,0,0,1,0.18,1,3,0,0,0.0080373974059561,0.47,2.378423,1.33710647795703,0,0,0.2,0.3935,20,126865.671641791,0.466143631959424,0.5,1.92726279444927,0,1,1,1,0,1,1,1,0,0,0.2,0.2,132,0.333333333,1,0.5
"GR","GRC","Greece",2024,0.22,0,5,0.737888702767901,0.479318672008477,0.737888702767901,0.5,0,1,0.23,0,1,0,0.132780788811142,0.0434701034080341,0.534898,1.808481,1.30360615029013,0,0,0,0.05,24,19230.7692307692,0.457892762839859,0.5,1.12290501510305,0,1,1,1,1,1,1,1,1,0.05,0.15,0.2,56,0.333333333,1,1
"HU","HUN","Hungary",2024,0.09,0,2.5,0.816200383417959,0.278958448750364,0.737888702767901,0.5,0,1,0.1525,0,2,0,0.0341677848573678,0.477880175890885,0.335,0,1.00000000810036,0,0.00503862350669341,0.15,0.15,27,70501.1456436167,0.616523585042852,0.5,0.241681986290722,0,1,1,1,0,1,1,1,0,0,0,0,83,0.333333333,1,0.5
"IE","IRL","Ireland",2024,0.125,1,100,0.787075165170195,0.479318672008477,0.646263719038607,0,0,1,0.23,0,2,0,0,0,0.52025,1.207122,1.44007164098438,0,0,0.33,0.51,23,106666.666666667,0.506508559039277,0.5,0.260088669976186,0,1,1,0,0,1,0,1,1,0.25,0.2,0.2,72,0.333333333,1,0.5
"IL","ISR","Israel",2024,0.23,0,100,0.901030024355631,0.478865241362287,0.835370889649727,0.5,0,1,-0.01,0,0,0,0.136595393837634,0,0.5,3.501635,1.78397498064137,0,0,0.28,0.33,17,33426.1838440111,0.693691687481851,0.5,1.19277154659845,0,0,1,0,0,0,0.5,0.5,0,0.3,0.23,0.23,60,0.333333333,0,0
"IS","ISL","Iceland",2024,0.21,0,10,0.86,0.602353618717047,0.812269350072009,0.5,0,0,0.36,0,1,0,0.384882312340073,0.0568701503463745,0.4628,1.325903,1.32843105339243,0,1,0.22,0.22,24,14269.4063926941,0.508696681194142,0,1.3518127120563,0,1,1,1,0,0,1,1,0,0.21,0.13,0.2,46,0.666666667,1,0
"IT","ITA","Italy",2024,0.2781,0,80,0.869865253929667,0.576669379707147,0.965116279069767,1,0,0,0.09,1,2,0,0.404763357761167,0.00737528995138631,0.52765573,1.562364,1.31727670545453,0,0,0.26,0.26,22,141666.666666667,0.44837702973277,0,0.618230650217462,0.5,1,1,0,1,1,0.95,0.95,1,0.26,0.26,0.225,101,0.5,1,1
"JP","JPN","Japan",2024,0.2974,0.5,5,0.859028659709284,0.278958448750364,0.787075165170195,0.5,0,0,0.0875,0,6,1,0.0146000561101373,0,0.5620933,7.898953,1.08696350717722,1,0,0.20315,0.20315,10,105618.926911703,0.718207441708759,0.5,0.829432037654974,0,1,1,1,1,0,0.95,0,0,0.2042,0.2042,0.2042,78,0.666666667,1,0.5
"KR","KOR","Korea",2024,0.264,0.5,12,0.921720532319392,0.547953910556565,0.813463195231154,1,0,1,0.155,0,4,0,0,0,0.51976562,19.508361,1.28981171159366,1,0,0,0.4445,10,59973.7614793528,0.731160097241425,0,0.530044085710647,0,1,1,0,1,1,0.95,0,1,0.22,0.22,0.22,94,0.666666667,1,0.5
"LT","LTU","Lithuania",2024,0.15,0,70,0.905263157894737,0.826923076923077,0.966194331983806,1,0,1,0.28,0,2,0,0,0.0304772194914669,0.3898,4.39365,1.17169616910806,0,0,0.2,0.15,21,93750,0.607739297264845,0.5,0.234822096997247,0,1,0,0,0,0,1,1,1,0.15,0.1,0.1,56,0.333333333,1,0
"LU","LUX","Luxembourg",2024,0.2494,0,17,0.873417350634541,0.479318672008477,0.869865253929667,1,0,1,-0.01,0,2,1,0.00853398749083675,0,0.4718,3.170297,1.38650205418208,1,0,0,0.21,17,42168.6746987952,0.885999014436643,0.5,0.0481129082154395,0,1,1,1,0,0,1,1,0,0.15,0,0,85,0.333333333,1,0.5
"LV","LVA","Latvia",2024,0.2,100,100,1,1,1,1,1,0,0,0,0,0,0,0.0408901675186371,0.314,3.906599,1.16288933964669,0,0,0.2,0,21,98039.2156862745,0.687578120850568,0.5,0.40255603637454,0,0,1,0,0,0,1,1,1,0,0,0,62,0.333333333,1,0
"MX","MEX","Mexico",2024,0.3,0,10,0.795219524916135,0.630382676079967,0.795219524916135,0.5,0,0,0.055,0,0,0,0.0635926767725759,0,0.35,21.48079,1.19421738601889,0,1,0.1,0.17142857,16,0,0.333497786076346,0.5,0.124075297361167,0,0,1,0,0,0,0,0,0,0.1,0.35,0.35,60,0.5,1,0
"NL","NLD","Netherlands",2024,0.258,0.5,50,0.813463195231154,0.338474732816403,0.869865253929667,1,0,1,0.225,0,2,0,0.00122803695406623,0,0.52576584,1.198127,1.48791585519875,0,0,0.36,0.33,21,27027.027027027,0.551028820970534,0.5,0.500305977494324,0,1,1,1,0,0,1,1,0,0.15,0,0,95,0.333333333,1,1
"NO","NOR","Norway",2024,0.22,0,100,0.781818181818182,0.373913043478261,0.737888702767901,0,0,0,0.22,0,1,0,0,0,0.474,1.754441,1.30200731381933,0,0,0.378,0.3784,25,5624.29696287964,0.550546362091247,0.5,0.198867969430229,1,0,1,0,0,0,0.97,1,1,0.25,0.15,0.15,82,0.5,1,0.5
"NZ","NZL","New Zealand",2024,0.28,0,100,0.731914893617021,0,0.547953910556565,0.5,0,0,0.18,0,0,0,0.17628925843084,0,0.39,2.249475,1.51919952490833,0,0,0,0.152771,15,41095.8904109589,0.978388905951469,0.5,1.29015047901501,0,0,0,0,0,0,1,1,0,0,0.15,0.15,39,0.333333333,0.5,0
"PL","POL","Poland",2024,0.19,0,2.5,0.737888702767901,0.338474732816403,0.869865253929667,1,1,1,0.32,1,2,0,0,0,0.4543866,1.479211,1.26275188094196,0,0,0.19,0.19,23,106382.978723404,0.45361283602798,0.5,0.917918110957488,0,1,1,1,1,1,1,1,1,0.19,0.2,0.2,83,0.5,1,0
"PT","PRT","Portugal",2024,0.315,0,65,0.888411247396436,0.547953910556565,0.547953910556565,0.5,1,1,0.35,1,6,0,0.0412817868068614,0,0.5817,12.150613,1.22352610352406,0,0,0.28,0.28,23,27285.3863234353,0.569944645626167,0.5,0.407455790649296,0,1,1,1,0,0,1,1,1,0.25,0.25,0.25,77,0.666666667,1,1
"SE","SWE","Sweden",2024,0.206,0,100,0.86,0.479318672008477,0.86,0,0,0,0.105,0,1,0,0,0.00067083173263749,0.5237,1.139588,1.21539635003086,0,0.00383435534947021,0.3,0.3,25,9400.70505287897,0.611851298716142,0.5,0.361069847197912,0,0,1,1,0,0,1,1,0,0.3,0,0,81,0.666666667,1,1
"SI","SVN","Slovenia",2024,0.22,0,63,0.869865253929667,0.391406012913837,0.737888702767901,0.5,0,0,0.19,0,1,0,0.00221616432659084,0,0.6105,3.617203,1.1533352701207,0,0,0,0.25,22,92592.5925925926,0.57893894651984,0,0.288344590806941,0,1,1,0,0,0,0.95,0.475,1,0.15,0.15,0.15,58,0.333333333,1,0.5
"SK","SVK","Slovak Republic",2024,0.21,0,2.5,0.873879108036537,0.547953910556565,0.869865253929667,0.5,0,1,0.25,0,3,0,0.0649192030494175,0,0.3505,2.993728,1.1253738935045,0,0,0,0.07,20,97627.4509803922,0.512186004637708,0.5,0.27237716234867,0,0,0,1,0,0,1,1,1,0.19,0.19,0.19,69,0.333333333,1,0
"TR","TUR","Turkey",2024,0.25,0,5,0.864149148541634,0.431068736527055,0.69441435606903,0.5,1,1,0.055,1,2,0,0,0,0.408,5.48864,1.26459767434139,0,0,0,0.2,20,0,0.454895107781586,0.5,0.136952620525004,0,1,1,0,1,1,1,0.5,0,0.15,0.1,0.2,89,0.5,0.5,0
"US","USA","United States",2024,0.25631375,0,80,0.950770186424072,0.34958311169213,0.632751338890881,1,0,1,0.0275,0,2,0,0,0,0.46,8.825954,1.24659087064859,0,0,0.2887,0.28726466,7.5,0,0.380023476418401,0.5,1.76494883200868,0,1,1,1,0,0,1,0,0,0.3,0.3,0.3,65,0.333333333,1,1
"AT","AUT","Austria",2025,0.23,0,75,0.884365027341364,0.408845614108812,0.737888702767901,1,0,0,0.17,1,3,0,0.0784663399912763,0.00657547717606951,0.55,17.439889,1.13356166804795,0,0,0.275,0.275,20,75017.424501782,0.61744949253635,0,0.100815862799541,0,0,1,1,0,0,1,1,0,0.275,0,0.2,87,0.333333333,1,1
"AU","AUS","Australia",2025,0.3,0,100,0.851484971473245,0.479318672008477,0.547953910556565,0.5,0,0,0.1525,0,3,0,0,0,0.47,1.74835,1.33292112431931,0,0,0.235,0.24285714,10,54350.3072966375,0.470727104548558,1,1.03544611993641,0,0,1,1,0,0,1,1,0,0,0.1,0.3,45,0.333333333,1,1
"BE","BEL","Belgium",2025,0.25,0,70,0.869865253929667,0.547953910556565,0.869865253929667,1,0,1,0.155,0,2,0,0.004748652311101,0,0.60042399,1.02899,1.2840256352515,0,0,0,0.3,21,34879.9571395087,0.429945797047528,0.5,0.698091986340888,0.5,1,1,1,0,1,1,1,0,0.3,0.3,0.3,93,0.333333333,1,1
"CA","CAN","Canada",2025,0.26,3,20,1,0.635714285714286,1,0.5,0,0,0.2125,0,2,0,0.0834326902717208,0,0.535296,2.754178,1.22838040883386,0,0,0.2675,0.39343524,12.3,26420.4050071952,0.537479710084834,0.5,1.57933982554391,0,0,1,1,1,0,1,0.5,1,0.25,0.25,0.25,93,0.333333333,1,1
"CH","CHE","Switzerland",2025,0.19607821,0,7,0.86,0.554838709677419,0.905263157894737,1,0,1,-0.01,0,1,0,0.239144531878253,0,0.4141,3.08328,1.36116659580931,0,0,0,0.22155,8.1,102786.648836609,0.676994717621832,0.5,0.0787115084524323,1,1,1,1,1,1,1,1,0,0.35,0.35,0,109,0,0.5,0.5
"CL","CHL","Chile",2025,0.27,0,100,0.705977756078566,0.42321653857669,0,0.5,0,0,0.275,0,1,0,0.0201040844003813,0,0.39999999,18.576002,1.08773656195673,0,0,0.4,0.2390411,19,0,0.671094874767033,0.5,0.684453518100027,0,1,0,1,0,0,0,0,0,0.1745,0.35,0.3,37,0.333333333,0.5,0
"CO","COL","Colombia",2025,0.35,0,12,0.737888702767901,0.305956530933891,0.869865253929667,0.5,0,0,0.0725,1,3,0,0.0211365478779418,0,0.38999999,51.543977,0,0,1,0.15,0.2,19,0,0.385309897515409,0.5,0.5868687309362,1,1,1,0,1,1,0.5,0.5,0,0.2,0.2,0.2,16,0.666666667,0.5,0.5
"CR","CRI","Costa Rica",2025,0.3,0,3,0.822456690745778,0.278958448750364,0.737888702767901,0.5,0,0,-0.02,0,5,0,0.314345873348949,0.0207116228769367,0.32926154,5.965382,1.06389558974598,0,0.8973040802636,0.15,0.15,13,0,0.50135878720838,0.5,0.266500132570522,0,0,1,1,0,1,1,1,0,0.15,0.15,0.25,4,0,1,0
"CZ","CZE","Czech Republic",2025,0.21,2,5,0.873879108036537,0.543222830616488,0.841318847888109,0.5,0,0,0.205,0,1,0,0,0,0.346,2.866303,1.10556284383014,0,0,0.23,0.23,21,154336.457026055,0.599490405052282,0.5,0.0907221512980261,0,1,0,0,0,0,1,1,1,0.15,0.15,0.15,98,0.333333333,1,1
"DE","DEU","Germany",2025,0.30133026,2,70,0.876514043282575,0.391406012913837,0.869865253929667,1,0,0,0.2625,0,1,1,0,0,0.47475,4.424168,1.06197269334729,1,0,0.26375,0.26375,19,35060.900784663,0.542266003055413,0.5,0.214794054264204,0,1,1,0,0,0,0.95,0.95,0,0.26375,0,0.15825,94,0.333333333,1,1
"DK","DNK","Denmark",2025,0.22,0,60,0.826923076923077,0.391406012913837,0.81340644290143,0,0,0,0.01,1,1,0,0.123145252588037,0,0.559044,1.238198,1.21686790747069,0,0,0.42,0.42,25,8025.57526119636,0.628247525193823,0.5,0.718146380664015,0,1,1,0,0,0,1,1,1,0.27,0.22,0.22,75,0.666666667,1,1
"EE","EST","Estonia",2025,0.22,100,100,1,1,1,1,1,0,0.04,0,0,0,0,0,0.22,0.311485,1.24165317703703,0,0,0.22,0,24,68524.5969040587,0.698596745768434,1,0.0949517217589341,0,0,0,0,0,0,1,1,1,0,0,0.1,63,0.333333333,1,0
"ES","ESP","Spain",2025,0.25,0,25,0.778563038959402,0.391406012913837,0.737888702767901,0.5,0,1,0.295,1,6,0,0,0.007370399050815,0.48575712,9.358409,1.35699639899241,0,0,0.3,0.3,21,0,0.444506515361857,0.5,0.582418207061601,1,1,1,0,1,1,0.95,0.95,1,0.19,0.19,0.24,93,0.333333333,1,1
"FI","FIN","Finland",2025,0.2,0,10,0.934782608695652,0.518965517241379,0.737888702767901,0,0,0,0.105,0,1,0,0,0,0.5689547,2.973185,1.28289622911306,0,0,0.34,0.289,25.5,26084.9377743809,0.565013360143709,0.5,0.387523915565379,0,1,1,0,0,1,1,1,1,0.2,0,0.2,77,0.666666667,1,1
"FR","FRA","France",2025,0.3613,1,50,0.880275603755891,0.547953910556565,0.869865253929667,0.5,0,1,0.3425,1,4,1,0.268749993819049,0.138294998381202,0.55572,12.941798,1.28336233011447,0,0,0.34,0.34,20,122246.575657687,0.507768243185266,0.5,1.03576682115089,0.5,1,1,1,0,1,0.95,0.88,1,0.25,0,0.25,121,0.666666667,1,1
"GB","GBR","United Kingdom",2025,0.25,1,50,1,0.391406012913837,0.826923076923077,0,0,1,0.18,1,3,0,0,0.00754650058221821,0.47,2.235356,1.44549082483935,0,0,0.24,0.3935,20,132475.285999423,0.468135103490588,0.5,1.97565726617707,0,1,1,1,0,1,1,1,0,0,0.2,0.2,133,0.333333333,1,1
"GR","GRC","Greece",2025,0.22,0,5,0.737888702767901,0.479318672008477,0.737888702767901,0.5,0,1,0.23,0,1,0,0.122614710075361,0.034261925207407,0.532198,1.738306,1.27909169276882,0,0,0,0.05,24,19273.1702052207,0.45891448874157,0.5,1.10268162149771,0,1,1,1,1,1,1,1,0,0.05,0.15,0.2,57,0.333333333,1,1
"HU","HUN","Hungary",2025,0.09,0,2.5,0.816200383417959,0.278958448750364,0.737888702767901,0.5,0,1,0.17,0,2,0,0.0301693570706059,0.45395281555213,0.335,0,1,0,0.00507804131273419,0.15,0.15,27,100585.758369818,0.576275432741236,0.5,0.251216265663274,0,1,1,1,0,1,1,1,0,0,0,0,83,0.333333333,1,1
"IE","IRL","Ireland",2025,0.125,1,100,0.787075165170195,0.479318672008477,0.646263719038607,0,0,1,0.27,0,2,0,0,0,0.521,1.162416,1.44588366531452,0,0,0.33,0.51,23,112456.472729967,0.474366011535741,0.5,0.266967801071235,0,1,1,0,0,1,1,1,1,0.25,0.2,0.2,74,0.333333333,1,1
"IL","ISR","Israel",2025,0.23,0,100,0.901030024355631,0.478865241362287,0.835370889649727,0.5,0,1,-0.01,0,0,0,0.159574459082897,0,0.5,3.44034,1.72977319168779,0,0,0.3,0.35,18,33341.3352537942,0.595528355448906,0.5,1.14814541621054,0,0,1,0,0,0,0.5,0.5,0,0.3,0.23,0.23,60,0.333333333,0,0
"IS","ISL","Iceland",2025,0.2,0,10,0.86,0.602353618717047,0.812269350072009,0.5,0,0,0.365,0,1,0,0.353756580172726,0,0.4629,1.332212,1.3439005034351,0,1,0.22,0.22,24,13717.9815109594,0.548473043652968,0,1.39520305475148,0,1,1,1,0,0,1,1,0,0.2,0.12,0.2,46,0.666666667,1,0
"IT","ITA","Italy",2025,0.2781,0,80,0.869865253929667,0.576669379707147,0.965116279069767,1,0,0,0.09,1,2,0,0.386336067071839,0.00734931814859514,0.52237873,1.509617,1.30582356030921,0,0,0.26,0.26,22,139165.172687607,0.431719388591735,0,0.625032455899724,0.5,1,1,0,1,1,0.95,0.95,1,0.26,0.26,0.225,103,0.5,1,1
"JP","JPN","Japan",2025,0.2974,0.5,5,0.859028659709284,0.278958448750364,0.787075165170195,0.5,0,1,0.0875,0,8,1,0.0142635284806194,0,0.56187302,7.669291,1.11691733369185,1,0,0.20315,0.20315,10,105141.59981755,0.691343759732456,0.5,0.837197070478641,0,1,1,1,1,0,0.95,0,0,0.2042,0.2042,0.2042,81,0.666666667,1,0.5
"KR","KOR","Korea",2025,0.264,0.5,12,0.921720532319392,0.547953910556565,0.813463195231154,1,0,1,0.145,0,4,0,0,0,0.51976561,18.991063,1.27460327314538,1,0,0,0.4445,10,57217.9679186268,0.64227251527312,0,0.433350540897405,0,1,1,0,1,1,0.95,0,1,0.22,0.22,0.22,95,0.666666667,1,1
"LT","LTU","Lithuania",2025,0.16,0,70,0.905263157894737,0.826923076923077,0.966194331983806,1,0,1,0.28,0,2,0,0,0.0244299378113976,0.3898,4.443889,1.23987675903441,0,0,0.2,0.15,21,90189.9400136688,0.578019644217534,0.5,0.242060317067903,0,1,0,0,0,0,1,1,1,0.16,0.1,0.1,58,0.333333333,1,0
"LU","LUX","Luxembourg",2025,0.2387,0,17,0.873417350634541,0.479318672008477,0.869865253929667,1,0,1,-0.01,0,2,1,0.00624318720516543,0,0.4718,3.25869,1.38835897371381,1,0,0,0.21,17,59335.7716379758,0.846432462463598,0.5,0.0476427712388653,0,1,1,1,0,0,1,1,0,0.15,0,0,86,0.333333333,1,1
"LV","LVA","Latvia",2025,0.2,100,100,1,1,1,1,1,0,0,0,0,0,0,0,0.36,12.12,1.14796470015736,0,0,0.285,0,21,101595.248593414,0.653807038744226,0.5,0.393482715291729,0,0,1,0,0,0,1,1,1,0,0,0,62,0.333333333,1,0
"MX","MEX","Mexico",2025,0.3,0,10,0.795219524916135,0.630382676079967,0.795219524916135,0.5,0,0,0.055,0,0,0,0.0609979414593846,0,0.35,20.56753,1.24076826243948,0,1,0.1,0.17142857,16,0,0.34893352572515,0.5,0.130748695316706,0,0,1,0,0,0,0,0,0,0.1,0.35,0.35,60,0.5,1,0
"NL","NLD","Netherlands",2025,0.258,0.5,50,0.813463195231154,0.338474732816403,0.869865253929667,1,0,1,0.225,0,2,0,0.00149228186173234,0,0.52542991,1.169261,1.49766856592003,0,0,0.36,0.31,21,26724.7484533052,0.548644504088095,0.5,0.465551652887634,0,1,1,1,0,0,1,1,0,0.15,0,0,96,0.333333333,1,1
"NO","NOR","Norway",2025,0.22,0,100,0.781818181818182,0.373913043478261,0.737888702767901,0,0,0,0.22,0,1,0,0,0,0.474,1.75971,1.29978154068789,0,0,0.378,0.3784,25,5415.25238325257,0.528425254247787,0.5,0.211010255035102,1,0,1,0,0,0,0.97,1,1,0.25,0,0,82,0.5,1,1
"NZ","NZL","New Zealand",2025,0.28,0,100,0.74468085106383,0.2,0.547953910556565,0.5,0,0,0.18,0,0,0,0.27228727285684,0,0.39,2.166774,1.55337551168553,0,0,0,0.15277778,15,41040.5138272331,0.962248738017273,0.5,1.34123916437985,0,0,0,0,0,0,1,1,0,0,0.15,0.15,40,0.333333333,0.5,1
"PL","POL","Poland",2025,0.19,0,2.5,0.737888702767901,0.338474732816403,0.869865253929667,1,1,1,0.32,1,3,0,0,0,0.4543866,1.34808,1.22779399522684,0,0,0.19,0.19,23,101150.792567035,0.459031403587768,0.5,0.964573843377113,0,1,1,1,1,1,1,1,1,0.19,0.2,0.2,83,0.5,1,1
"PT","PRT","Portugal",2025,0.305,0,65,0.888411247396436,0.547953910556565,0.547953910556565,0.5,1,1,0.35,1,6,0,0.03816046957274,0,0.5817,11.581589,1.20719895693274,0,0,0.196,0.28,23,28490.5696214553,0.55800234459606,0.5,0.401646972845713,0,1,1,1,0,0,1,1,1,0.25,0.25,0.25,77,0.666666667,1,1
"SE","SWE","Sweden",2025,0.206,0,100,0.86,0.479318672008477,0.86,0,0,0,0.11,0,1,0,0,0.00065530961416829,0.5241,1.15434,1.22207023707619,0,0.00455523439665278,0.3,0.3,25,13973.2475189626,0.571285711313586,0.5,0.361012162743297,0,0,1,1,0,0,1,1,0,0.3,0,0,81,0.666666667,1,1
"SI","SVN","Slovenia",2025,0.22,0,3.15,0.869865253929667,0.391406012913837,0.737888702767901,0.5,0,0,0.23,0,1,0,0.00210025942935374,0,0.613,3.589237,1.16072227377361,0,0,0,0.25,22,107695.179563763,0.583814269020494,0,0.298360417185017,0,1,1,0,0,0,0.95,0.475,1,0.15,0.15,0.15,58,0.333333333,1,1
"SK","SVK","Slovak Republic",2025,0.24,0,2.5,0.873879108036537,0.547953910556565,0.869865253929667,0.5,0,1,0.25,0,4,0,0.0874908128877215,0,0.3505,2.855355,1.13045146316619,0,0,0,0.07,23,97651.4818612372,0.563714644140802,0.5,0.28588112713574,0,0,0,1,0,1,1,1,1,0.19,0.19,0.19,73,0.333333333,1,0
"TR","TUR","Turkey",2025,0.25,0,5,0.864149148541634,0.431068736527055,0.69441435606903,0.5,1,1,0.055,1,2,0,0,0,0.408,5.582718,1.21937018163756,0,0,0,0.2,20,0,0.433842789952451,0.5,0.152069459525779,0,1,1,0,1,1,1,0.5,0,0.15,0.1,0.2,93,0.5,0.5,1
"US","USA","United States",2025,0.25569714,0,80,1,1,0.632751338890881,1,0,1,0.0275,0,2,0,0,0,0.46,8.733675,1.24920901855389,0,0,0.2887,0.28666715,7.5,0,0.35988695217567,0.5,1.82839591642734,0,1,1,1,0,0,1,0,0,0.3,0.3,0.3,64,0.333333333,1,1
"AT","AUT","Austria",2026,0.23,0,75,0.884365027,0.408845614,0.737888703,1,0,0,0.17,1,3,0,0.137703387,0.008282248,0.55,17.439889,1.154537218,0,0,0.275,0.275,20,75824.73182,0.603564623,0,0.102380394,0,0,1,1,0,0,1,1,0,0.275,0,0.2,88,0.333333333,1,1
"AU","AUS","Australia",2026,0.3,0,100,0.851484971,0.479318672,0.547953911,0.5,0,0,0.1525,0,3,0,0,0,0.47,1.74835,1.349720556,0,0,0.235,0.24285714,10,53611.90556,0.444227636,1,0.999633745,0,0,1,1,0,0,1,1,0,0,0.1,0.3,45,0.333333333,1,1
"BE","BEL","Belgium",2026,0.25,0,70,0.869865254,0.547953911,0.869865254,1,0,1,0.155,0,2,0,0.004264956,0,0.60042399,1.02899,1.282520177,0,0,0.1,0.3,21,34725.01952,0.41515855,0.5,0.693560284,0.5,1,1,1,0,1,1,1,0,0.3,0.3,0.3,93,0.333333333,1,1
"CA","CAN","Canada",2026,0.26,3,20,1,0.635714286,1,0.5,0,0,0.2275,0,2,0,0.091988206,0.004151713,0.535296,2.754178,1.231574886,0,0,0.2675,0.39343524,12.3,25713.92572,0.522476434,0.5,1.580500031,0,0,1,1,1,0,1,0.5,1,0.25,0.25,0.25,93,0.333333333,1,1
"CH","CHE","Switzerland",2026,0.19471871,0,7,0.86,0.55483871,0.905263158,1,0,1,-0.01,0,1,0,0.23901525,0,0.4141,3.08328,1.333875345,0,0,0,0.22155,8.1,107440.6981,0.652473298,0.5,0.080121081,1,1,1,1,1,1,1,1,0,0.35,0.35,0,110,0,0.5,0.5
"CL","CHL","Chile",2026,0.27,0,100,0.705977756,0.423216539,0,0.5,0,0,0.275,0,1,0,0.182251806,0,0.39999999,18.576002,1.212556865,0,0,0.4,0.2390411,19,0,0.700577122,0.5,0.687193469,0,1,0,1,0,0,0,0,0,0.1745,0.35,0.3,37,0.333333333,0.5,0
"CO","COL","Colombia",2026,0.35,0,12,0.737888703,0.305956531,0.869865254,0.5,0,0,0.0725,1,3,0,0,0,0.38999999,51.543977,0,0,1,0.15,0.2,19,0,0.357753917,0.5,0.643977388,1,1,1,0,1,1,0.5,0.5,0,0.2,0.2,0.2,16,0.666666667,0.5,0.5
"CR","CRI","Costa Rica",2026,0.3,0,3,0.822456691,0.278958449,0.737888703,0.5,0,0,-0.02,0,5,0,0.341010519,0.022387882,0.32926154,5.965382,1.060314273,0,0.90646183,0.15,0.15,13,0,0.514344727,0.5,0.279776935,0,0,1,1,0,1,1,1,0,0.15,0.15,0.25,4,0,1,0
"CZ","CZE","Czech Republic",2026,0.21,2,5,0.873879108,0.543222831,0.841318848,0.5,0,0,0.205,0,1,0,0,0,0.346,2.866303,1.098874796,0,0,0,0.23,21,153923.0799,0.576658786,0.5,0.16173778,0,1,0,0,0,0,1,1,1,0.15,0.15,0.15,99,0.333333333,1,1
"DE","DEU","Germany",2026,0.30133026,2,70,0.876514043,0.391406013,0.869865254,1,0,0,0.2625,0,1,1,0,0,0.47475,4.424168,1.042199741,1,0,0.26375,0.26375,19,35212.11071,0.53620866,0.5,0.22049186,0,1,1,0,0,0,0.95,0.95,0,0.26375,0,0.15825,94,0.333333333,1,1
"DK","DNK","Denmark",2026,0.22,0,60,0.826923077,0.391406013,0.813406443,0,0,0,0.01,1,1,0,0.266049773,0,0.605,5.247,1.225810573,0,0,0.42,0.42,25,8163.710478,0.63442009,0.5,0.549796345,0,1,1,0,0,0,1,1,1,0.27,0.22,0.22,75,0.666666667,1,1
"EE","EST","Estonia",2026,0.22,100,100,1,1,1,1,1,0,0.04,0,0,0,0,0,0.22,0.311485,1.143511128,0,0,0.22,0,24,68428.12054,0.677157128,1,0.090110377,0,0,0,0,0,0,1,1,1,0,0,0.1,62,0.333333333,1,0
"ES","ESP","Spain",2026,0.25,0,25,0.778563039,0.391406013,0.737888703,0.5,0,1,0.295,1,6,0,0,0.008193467,0.48575712,9.358409,1.195803156,0,0,0.3,0.3,21,0,0.449051207,0.5,0.580571672,1,1,1,0,1,1,0.95,0.95,1,0.19,0.19,0.24,93,0.333333333,1,1
"FI","FIN","Finland",2026,0.2,0,10,0.826923077,0.518965517,0.737888703,0,0,0,0.105,0,1,0,0,0,0.504,2.973185,1.34359857,0,0,0.34,0.289,25.5,26518.34075,0.575068503,0.5,0.416258752,0,1,1,0,0,1,1,1,1,0.2,0,0.2,77,0.666666667,1,1
"FR","FRA","France",2026,0.3613,1,50,0.880275604,0.547953911,0.869865254,0.5,0,1,0.3425,1,4,1,0.262086683,0.130118988,0.55572,12.941798,1.282662093,0,0,0.354,0.34,20,125439.4069,0.491272948,0.5,1.084212771,0.5,1,1,1,0,1,0.95,0.88,1,0.25,0,0.25,121,0.666666667,1,1
"GB","GBR","United Kingdom",2026,0.25,1,50,1,0.391406013,0.826923077,0,0,1,0.18,1,3,0,0,0.007437113,0.47,2.235356,1.369589218,0,0,0.24,0.3935,20,132913.3272,0.461193189,0.5,2.036940322,0,1,1,1,0,1,1,1,0,0,0.2,0.2,135,0.333333333,1,1
"GR","GRC","Greece",2026,0.22,0,5,0.737888703,0.479318672,0.737888703,0.5,0,1,0.23,0,1,0,0.12261471,0.034261925,0.532198,1.738306,1.272001046,0,0,0,0.05,24,18979.942,0.440617162,0.5,1.083116548,0,1,1,1,1,1,1,1,0,0.05,0.15,0.2,57,0.333333333,1,1
"HU","HUN","Hungary",2026,0.09,0,2.5,0.816200383,0.278958449,0.737888703,0.5,0,1,0.17,0,2,0,0.019436446,0.510633826,0.335,0,1,0,0,0.15,0.15,27,108946.9644,0.53367552,0.5,0.238650011,0,1,1,1,0,1,1,1,0,0,0,0,83,0.333333333,1,1
"IE","IRL","Ireland",2026,0.125,1,100,0.787075165,0.479318672,0.646263719,0,0,1,0.27,0,2,0,0,0,0.521,1.162416,1.451027582,0,0,0.33,0.51,23,113198.8531,0.476232962,0.5,0.277964072,0,1,1,0,0,1,1,1,1,0.25,0.2,0.2,74,0.333333333,1,1
"IL","ISR","Israel",2026,0.23,0,100,0.901030024,0.478865241,0.83537089,0.5,0,1,-0.01,0,1,0,0.193139591,0,0.5,3.44034,1.668093475,0,0,0.3,0.35,18,35218.67992,0.630328316,0.5,1.144413491,0,0,1,0,0,0,0.5,0.5,0,0.3,0.23,0.23,60,0.333333333,0,0
"IS","ISL","Iceland",2026,0.2,0,10,0.86,0.602353619,0.81226935,0.5,0,0,0.36,0,1,0,0.361814125,0,0.4629,1.332212,1.34668435,0,1,0.22,0.22,24,13212.83361,0.608700272,0,1.432401533,0,1,1,1,0,0,1,1,0,0.2,0.12,0.2,47,0.666666667,1,0
"IT","ITA","Italy",2026,0.2781,0,80,0.869865254,0.57666938,0.965116279,1,0,0,0.09,1,2,0,0.434523401,0.007326888,0.52237873,1.509617,1.393543708,0,0,0.26,0.26,22,139281.4715,0.433935563,0,0.611265955,0.5,1,1,0,1,1,0.95,0.95,1,0.26,0.26,0.225,106,0.5,1,1
"JP","JPN","Japan",2026,0.2974,0.5,5,0.85902866,0.278958449,0.787075165,0.5,0,1,0.0875,0,9,1,0.012841762,0,0.56187302,7.669291,1.10289555,1,0,0.20315,0.20315,10,103007.7755,0.711262373,0.5,0.840087379,0,1,1,1,1,0,0.95,0,0,0.2042,0.2042,0.2042,81,0.666666667,1,1
"KR","KOR","Korea",2026,0.275,0.5,12,0.921720532,0.547953911,0.813463195,1,0,1,0.1475,0,5,0,0,0,0.51976561,18.991063,1.26299282,1,0,0,0.4445,10,58799.80239,0.685357628,0,0.416380218,0,1,1,0,1,1,0.95,0,1,0.22,0.22,0.22,96,0.666666667,1,1
"LT","LTU","Lithuania",2026,0.17,0,70,1,0.826923077,1,1,0,1,0.305,0,2,0,0,0.021515194,0.3898,4.443889,1.225292745,0,0,0.2,0.15,21,87690.40998,0.587377172,0.5,0.241526422,0,1,0,0,0,0,1,1,1,0.17,0.1,0.1,58,0.333333333,1,0
"LU","LUX","Luxembourg",2026,0.2387,0,17,0.873417351,0.479318672,0.869865254,1,0,1,-0.01,0,2,1,0.00610768,0,0.4718,3.25869,1.384111509,1,0,0,0.21,17,60063.59533,0.869845253,0.5,0.046929859,0,1,1,1,0,0,1,1,0,0.15,0,0,87,0.333333333,1,1
"LV","LVA","Latvia",2026,0.2,100,100,1,1,1,1,1,0,0,0,0,0,0,0,0.36,12.12,1.152477437,0,0,0.285,0,21,99068.36113,0.637412605,0.5,0.381629242,0,0,1,0,0,0,1,1,1,0,0,0,63,0.333333333,1,0
"MX","MEX","Mexico",2026,0.3,0,10,0.795219525,0.630382676,0.795219525,0.5,0,0,0.055,0,0,0,0.064743487,0,0.35,20.56753,1.224469469,0,1,0.1,0.17142857,16,0,0.336277231,0.5,0.119477999,0,0,1,0,0,0,0,0,0,0.1,0.35,0.35,60,0.5,1,0
"NL","NLD","Netherlands",2026,0.258,0.5,50,0.813463195,0.338474733,0.869865254,1,0,1,0.245,0,2,0,0.001522615,0,0.52542991,1.169261,1.500131401,0,0,0.36,0.31,21,26782.04371,0.537410465,0.5,0.400388273,0,1,1,1,0,0,1,1,0,0.15,0,0,97,0.333333333,1,1
"NO","NOR","Norway",2026,0.22,0,100,0.781818182,0.373913043,0.737888703,0,0,0,0.22,0,1,0,0,0,0.474,1.75971,1.292248437,0,0,0.378,0.3784,25,5290.075469,0.518397633,0.5,0.203230974,1,0,1,0,0,0,0.97,1,1,0.25,0,0,82,0.5,1,1
"NZ","NZL","New Zealand",2026,0.28,0,100,0.744680851,0.2,0.547953911,0.5,0,0,0.18,0,1,0,0.238820254,0,0.39,2.166774,1.558261245,0,0,0,0.15277778,15,40734.38668,0.952745841,0.5,1.451797365,0,0,0,0,0,0,1,1,0,0,0.15,0.15,40,0.333333333,0.5,1
"PL","POL","Poland",2026,0.19,0,2.5,0.737888703,0.338474733,0.869865254,1,1,1,0.32,1,3,0,0,0,0.4543866,1.34808,1.203758781,0,0,0.19,0.19,23,121854.6893,0.492832446,0.5,1.011904786,0,1,1,1,1,1,1,1,1,0.19,0.2,0.2,83,0.5,1,1
"PT","PRT","Portugal",2026,0.295,0,65,0.888411247,0.547953911,0.547953911,0.5,1,1,0.35,1,6,0,0.027086809,0,0.5817,11.581589,1.203292572,0,0,0.196,0.28,23,28078.42491,0.574474066,0.5,0.392523876,0,1,1,1,0,0,1,1,1,0.25,0.25,0.25,77,0.666666667,1,1
"SE","SWE","Sweden",2026,0.206,0,100,0.86,0.479318672,0.86,0,0,0,0.11,0,1,0,0,0.000584698,0.5241,1.15434,1.211652256,0,0.006009578,0.3,0.3,25,14037.56194,0.548775293,0.5,0.364976761,0,0,1,1,0,0,1,1,0,0.3,0,0,81,0.666666667,1,1
"SI","SVN","Slovenia",2026,0.22,0,3.15,0.869865254,0.391406013,0.737888703,0.5,0,0,0.23,0,1,0,0.001799241,0,0.613,3.589237,1.155540715,0,0,0,0.25,22,107467.5627,0.561189218,0,0.309793725,0,1,1,0,0,0,0.95,0.475,1,0.15,0.15,0.15,58,0.333333333,1,1
"SK","SVK","Slovak Republic",2026,0.24,0,2.5,0.873879108,0.547953911,0.869865254,0.5,0,1,0.295,0,4,0,0.091160833,0,0.444,3.483,1.123676152,0,0,0,0.07,23,97601.34924,0.52449889,0.5,0.344071333,0,0,0,1,0,1,1,1,1,0.19,0.19,0.19,74,0.333333333,1,0
"TR","TUR","Turkey",2026,0.25,0,5,0.864149149,0.431068737,0.694414356,0.5,1,1,0.055,1,2,0,0,0,0.408,5.582718,1.204383383,0,0,0,0.2,20,0,0.410782636,0.5,0.135743097,0,1,1,0,1,1,1,0.5,0,0.15,0.1,0.2,94,0.5,0.5,1
"US","USA","United States",2026,0.255285,0,80,1,1,0.632751339,1,0,0,0.0675,0,2,0,0,0,0.46,8.733675,1.252943348,0,0,0.2887,0.28666715,7.5,0,0.343054843,0.5,1.882366657,0,1,1,1,0,0,1,0,0,0.3,0.3,0.3,64,0.666666667,1,1
