country,year,corporate_rank,corporate,consumption_rank,consumption,property_rank,property,income_rank,income,international_rank,international,final_rank,final,ISO_2,ISO_3
United Kingdom,2019,15,61.56927221,22,64.73777251,31,44.62843286,22,64.103081,10,85.22390625,25,60.06964556,GB,GBR
United Kingdom,2015,18,60.21616054,22,58.80971459,31,48.55878046,23,60.64508642,3,87.15281466,23,64.35184556,GB,GBR
United Kingdom,2016,20,60.80811099,22,56.22161415,31,48.59613163,26,56.43223971,3,87.16624564,24,62.43359245,GB,GBR
United Kingdom,2017,17,59.33443377,22,56.15790472,31,48.39096174,22,63.87743252,11,71.72790647,27,60.03035403,GB,GBR
United Kingdom,2018,16,58.28138868,21,57.69582006,31,47.88203557,23,59.96795989,11,72.49992733,26,57.65327655,GB,GBR
United Kingdom,2014,21,61.2597453,21,57.14934148,32,48.2072566,20,61.64299001,3,87.09303859,21,64.19954374,GB,GBR
