ISO_2,ISO_3,Country,Year,Final Rank,Final Score,Corporate Rank,Corporate Score,Income Rank,Income Score,Consumption Rank,Consumption Score,Property Rank,Property Score,Cross-Border Rank,Cross-Border Score
US,USA,United States,2014,29,64.33433141,34,46.32406493,29,64.20239332,6,91.76375057,31,50.63595042,34,46.98815764
US,USA,United States,2015,26,64.47595011,35,45.86547436,28,63.26430349,4,97.54740637,32,50.80047923,35,46.54671621
US,USA,United States,2016,25,64.03386067,36,46.09103844,23,62.97464565,3,92.94688045,31,51.13206758,35,50.53015631
US,USA,United States,2017,25,62.73965367,36,48.88089162,25,63.15351646,5,92.71653933,31,51.11806775,35,50.25060096
US,USA,United States,2018,25,66.23816826,20,64.38479692,26,61.74108214,5,92.79582967,30,47.5008732,35,46.36974954
US,USA,United States,2019,22,69.26678976,17,65.99471387,25,61.23678863,5,92.44293132,29,46.88108864,35,53.57970986
US,USA,United States,2020,22,68.46121783,19,63.1895856,24,61.19302556,4,92.94153719,30,47.44267318,35,52.96119231
US,USA,United States,2021,22,67.69610226,21,60.64378545,21,65.24008594,4,93.08189341,29,47.46189886,35,52.93576053
US,USA,United States,2022,22,66.8173606,22,61.35463654,21,64.16026175,3,91.26031838,29,46.79535941,35,52.57533593
