ISO_2,ISO_3,Country,Year,Final Rank,Final Score,Corporate Rank,Corporate Score,Income Rank,Income Score,Consumption Rank,Consumption Score,Property Rank,Property Score,Cross-Border Rank,Cross-Border Score
ES,ESP,Spain,2014,35,56.4630726,36,41.64593517,30,63.89112806,20,53.83631203,33,48.0435976,26,60.84679068
ES,ESP,Spain,2015,35,58.52097421,36,45.19034384,21,66.64151511,20,55.80974777,34,47.66300476,22,63.81370369
ES,ESP,Spain,2016,27,62.99530448,33,55.21727332,15,74.60310008,19,53.7763383,34,47.46061828,17,68.2727921
ES,ESP,Spain,2017,26,62.47565233,25,58.55398483,15,74.76521275,19,55.37737676,34,47.33734746,18,67.88582034
ES,ESP,Spain,2018,26,62.2508966,26,58.63030239,15,72.91944068,19,57.33186658,34,42.63029132,20,66.79300914
ES,ESP,Spain,2019,26,65.19880966,27,59.19755378,14,72.36959053,19,56.57710624,34,41.74313604,18,79.16010083
ES,ESP,Spain,2020,26,64.36201583,26,55.83836292,14,72.27743087,19,57.10693348,34,41.76222687,17,79.30939422
ES,ESP,Spain,2021,32,58.86076861,31,49.90377644,16,68.99771261,19,57.10138347,37,36.28371092,18,78.45254717
ES,ESP,Spain,2022,34,56.94508878,31,51.84695942,25,63.27645825,19,54.63905471,37,36.39055172,18,78.95855201
