"ISO_2","ISO_3","Country","Year","Final Rank","Final Score","Corporate Rank","Corporate Score","Income Rank","Income Score","Consumption Rank","Consumption Score","Property Rank","Property Score","International Rank","International Score"
"AT","AUT","Austria",2014,18,66.6400514810448,15,65.638229966574,25,59.2867039637407,19,59.5556917480246,25,51.094839647261,4,82.2282314256413
"AT","AUT","Austria",2015,13,69.9451314454385,14,62.5422535334,23,61.2598589958445,11,69.7125068085534,26,51.4153121533317,4,82.8306833105509
"AT","AUT","Austria",2016,14,70.8438685005524,16,61.4863264996031,24,60.1150100485512,11,68.5485301462391,23,57.1180938714187,5,83.8949208907447
"AT","AUT","Austria",2017,14,65.1909071154158,17,61.6378571738806,30,48.9249751636377,10,69.305805140249,23,56.9768360173422,5,83.5971746679975
"AT","AUT","Austria",2018,15,66.3811018238378,19,57.5227369077824,29,52.3323269559808,10,70.2801699139958,22,56.8510217851475,5,84.1725724163867
"AT","AUT","Austria",2019,16,67.6661132199599,19,57.5475831953727,29,53.5855286621497,12,75.4156530673649,22,57.3922614231007,5,94.6336519430653
"AT","AUT","Austria",2020,17,67.5985881296924,21,57.2407853384386,29,45.0602367748628,13,74.1798490313931,23,57.8795533733217,5,95.1682507755259
