"ISO_2","ISO_3","Country","Year","Final Rank","Final Score","Corporate Rank","Corporate Score","Income Rank","Income Score","Consumption Rank","Consumption Score","Property Rank","Property Score","International Rank","International Score"
"AT","AUT","Austria",2014,15,67.7806160580496,15,65.638229966574,25,59.2867039637407,19,59.5556917480246,17,63.7812537614574,4,82.2277359356075
"AT","AUT","Austria",2015,10,71.6930208823209,14,62.5422535334,23,61.2598589958445,11,69.7125068085534,18,64.1581951570217,4,82.8308740055116
"AT","AUT","Austria",2016,10,72.179688119431,16,61.4863264996031,24,60.1150100485512,11,68.5485301462391,14,70.000070796896,5,83.8951500986263
"AT","AUT","Austria",2017,12,67.6134125701465,17,61.6378571738806,30,48.9249751636377,10,69.305805140249,13,69.7395819279451,5,83.5974378680986
"AT","AUT","Austria",2018,12,67.84773990009,19,57.5227369077824,29,52.3323269559808,10,70.2801699139958,13,69.6035555931377,5,84.1730197453562
"AT","AUT","Austria",2019,12,69.0416141537785,19,57.5475831953727,29,54.4200001808459,12,75.4156530673649,13,68.8260695606881,5,94.6243188129334
"AT","AUT","Austria",2020,12,68.7557878176079,21,57.2407853338744,28,45.5445349139946,13,74.1798490097206,13,69.1345093380949,5,94.9186569600599
