"ISO_2","ISO_3","Country","Year","Final Rank","Final Score","Corporate Rank","Corporate Score","Income Rank","Income Score","Consumption Rank","Consumption Score","Property Rank","Property Score","International Rank","International Score"
"AT","AUT","Austria",2014,15,67.6629948078765,15,65.638229966574,25,58.8874634975494,19,59.5556917480246,17,63.7812537614574,4,82.2277359356075
"AT","AUT","Austria",2015,10,71.5691798525309,14,62.5422535334,23,60.8546265391403,11,69.7125068085534,18,64.1581951570217,4,82.8308740055116
"AT","AUT","Austria",2016,10,72.0040570829795,16,61.4863264996031,24,59.5542971202911,11,68.5485301462391,14,70.000070796896,5,83.8951500986263
"AT","AUT","Austria",2017,12,67.4414189580167,17,61.6378571738806,30,48.4037293789985,10,69.305805140249,13,69.7395819279451,5,83.5974378680986
"AT","AUT","Austria",2018,12,67.6787141530917,19,57.5227369077824,29,51.8053175882172,10,70.2801699139958,13,69.6035555931377,5,84.1730197453562
"AT","AUT","Austria",2019,12,68.7661754061677,19,57.5475831953727,29,53.5855286621497,12,75.4156530673649,13,68.8260695606881,5,94.6243188129334
"AT","AUT","Austria",2020,12,68.3859984697683,21,57.2407853384386,29,44.2752346966778,13,74.1798490313931,13,69.1345093416168,5,94.9186569543469
