"ISO_2","ISO_3","Country","Year","Final Rank","Final Score","Corporate Rank","Corporate Score","Income Rank","Income Score","Consumption Rank","Consumption Score","Property Rank","Property Score","International Rank","International Score"
"FR","FRA","France",2014,36,42.5738108710949,35,38.3096040783907,35,38.5250445834272,20,59.5203762812053,36,31.2620122267076,14,70.5948048262558
"FR","FRA","France",2015,36,43.1499063340639,35,33.5447953387825,35,41.5100969910362,21,59.97549616958,36,30.8823858533459,12,71.3911281321917
"FR","FRA","France",2016,36,43.7535429406059,34,38.5747161243927,35,41.5801073876191,21,58.3779122763973,36,30.9365655151795,12,73.3398421874634
"FR","FRA","France",2017,36,40.1254280279062,36,29.8627363808554,35,38.0317190896081,20,58.4339304533108,36,30.7008273456266,13,72.7338810895476
"FR","FRA","France",2018,36,43.1244837592301,36,33.7119608033391,35,47.8842520229022,20,59.3719233924676,36,30.9016599361895,13,72.7289725592381
"FR","FRA","France",2019,32,49.1779046921993,36,33.6960044574206,35,49.1114248384769,21,66.138886097859,28,48.2412723978736,10,83.3800411978653
"FR","FRA","France",2020,32,50.7258591156061,35,38.0896267220058,36,38.1004507955298,21,65.4533017140117,29,49.3516952214748,8,85.0827950956693
