"ISO_2","ISO_3","Country","Year","Final Rank","Final Score","Corporate Rank","Corporate Score","Income Rank","Income Score","Consumption Rank","Consumption Score","Property Rank","Property Score","International Rank","International Score"
"FR","FRA","France",2014,35,47.5061051831265,35,38.3096040783907,35,38.5250445834272,20,59.5203762812053,32,42.6120014810152,14,70.5896842592843
"FR","FRA","France",2015,34,47.1147807188432,35,33.5447953387825,35,41.5100969910362,21,59.97549616958,32,42.5792203235377,12,71.3837071805934
"FR","FRA","France",2016,33,48.5629667988726,34,38.5747161243927,35,41.5801073876191,21,58.3779122763973,32,42.730832354474,12,73.3326630860088
"FR","FRA","France",2017,36,42.790067197464,36,29.8627363808554,35,38.0317190896081,20,58.4339304533108,32,42.8771772261545,13,72.725872744006
"FR","FRA","France",2018,33,48.0955043183034,36,33.7119608033391,35,47.8842520229022,20,59.3719233924676,32,43.5684153144461,13,72.7198436021487
"FR","FRA","France",2019,31,54.796791514533,36,33.6960044574206,35,48.3244513895653,21,66.138886097859,15,62.4460969416517,10,83.3776421953787
"FR","FRA","France",2020,31,56.2483611496952,35,38.2171851718462,36,37.9854749688553,21,65.4533017323664,15,62.3358255964929,8,85.286071983261
