"ISO_2","ISO_3","Country","Year","Final Rank","Final Score","Corporate Rank","Corporate Score","Income Rank","Income Score","Consumption Rank","Consumption Score","Property Rank","Property Score","International Rank","International Score"
"FR","FRA","France",2014,36,42.5727303225306,35,38.3096040783907,35,38.5250445834272,20,59.5203762812053,36,31.2620122267076,14,70.5896842592843
"FR","FRA","France",2015,36,43.1486186835874,35,33.5447953387825,35,41.5100969910362,21,59.97549616958,36,30.8823858533459,12,71.3837071805934
"FR","FRA","France",2016,36,43.7521390785828,34,38.5747161243927,35,41.5801073876191,21,58.3779122763973,36,30.9365655151795,12,73.3326630860088
"FR","FRA","France",2017,36,40.1241141032451,36,29.8627363808554,35,38.0317190896081,20,58.4339304533108,36,30.7008273456266,13,72.725872744006
"FR","FRA","France",2018,36,43.1227029101582,36,33.7119608033391,35,47.8842520229022,20,59.3719233924676,36,30.9016599361895,13,72.7198436021487
"FR","FRA","France",2019,32,48.9668650441257,36,33.6960044574206,35,48.3244513895653,21,66.138886097859,28,48.2412723978736,10,83.3776421953787
"FR","FRA","France",2020,32,50.7168088011637,35,38.2171851718462,36,37.9854749688553,21,65.4533017323664,29,49.3524285126912,8,85.286071983261
