"ISO_2","ISO_3","Country","Year","Final Rank","Final Score","Corporate Rank","Corporate Score","Income Rank","Income Score","Consumption Rank","Consumption Score","Property Rank","Property Score","International Rank","International Score"
"DE","DEU","Germany",2014,16,68.2816145068515,27,58.460099870058,26,58.2023031941451,11,69.5090687789709,15,61.0156404234679,11,75.6511491704701
"DE","DEU","Germany",2015,16,67.6957774959722,25,54.7950990131695,28,57.5674180050366,10,69.7213590917938,15,61.1858166776792,11,76.2141322933046
"DE","DEU","Germany",2016,17,67.5516746436099,23,53.7423753833063,26,58.0575210896233,10,68.6092386888617,16,61.4912308573547,11,77.9361197420987
"DE","DEU","Germany",2017,16,64.4889358482733,25,56.7026900495368,28,53.4669717579294,11,69.1787680045987,15,61.3782802217349,10,77.7130849239592
"DE","DEU","Germany",2018,18,64.9640061635114,25,49.9532076625595,27,57.1380196494897,12,69.9403603778078,14,61.2947869100486,9,77.7617080960416
"DE","DEU","Germany",2019,18,67.5004647809008,27,50.3239840493255,27,58.314681202223,10,75.6771656663385,16,61.7653333629623,7,91.0578672749854
"DE","DEU","Germany",2020,18,67.4984691531038,29,49.9492515002751,25,50.9619220877535,12,74.7118557954072,16,62.2297763391228,7,91.4406540535118
