"ISO_2","ISO_3","Country","Year","Final Rank","Final Score","Corporate Rank","Corporate Score","Income Rank","Income Score","Consumption Rank","Consumption Score","Property Rank","Property Score","International Rank","International Score"
"DE","DEU","Germany",2014,14,68.7658694583142,27,58.460099870058,26,58.2023031941451,11,69.5090687789709,10,71.6221066617251,11,75.6511491704701
"DE","DEU","Germany",2015,13,68.9228958460051,25,54.7950990131695,28,57.5674180050366,10,69.7213590917938,10,71.8481630183244,11,76.2141322933046
"DE","DEU","Germany",2016,15,68.3579323690548,23,53.7423753833063,26,58.0575210896233,10,68.6092386888617,10,72.1718549768296,11,77.9361197420987
"DE","DEU","Germany",2017,14,66.3478040003069,25,56.7026900495368,28,53.4669717579294,11,69.1787680045987,10,71.8609430688269,10,77.7130849239592
"DE","DEU","Germany",2018,15,65.8122598396942,25,49.9532076625595,27,57.1380196494897,12,69.9403603778078,11,71.6711405366092,9,77.7617080960416
"DE","DEU","Germany",2019,13,67.9366371663914,27,50.3239840493255,27,58.314681202223,10,75.6771656663385,11,70.9780994417055,7,91.0578672749854
"DE","DEU","Germany",2020,15,67.9088441333324,29,49.9492515002751,25,50.9619220877535,12,74.7118557954072,11,71.2432997883684,7,91.4406540535118
