"ISO_2","ISO_3","Country","Year","Final Rank","Final Score","Corporate Rank","Corporate Score","Income Rank","Income Score","Consumption Rank","Consumption Score","Property Rank","Property Score","International Rank","International Score"
"DE","DEU","Germany",2014,14,68.7666138709572,27,58.460099870058,26,58.2023031941451,11,69.5090687789709,10,71.6221066617251,11,75.6523410026316
"DE","DEU","Germany",2015,13,68.9237055206141,25,54.7950990131695,28,57.5674180050366,10,69.7213590917938,10,71.8481630183244,11,76.2165176274363
"DE","DEU","Germany",2016,15,68.3587644957393,23,53.7423753833063,26,58.0575210896233,10,68.6092386888617,10,72.1718549768296,11,77.9383030640018
"DE","DEU","Germany",2017,14,66.3486370293525,25,56.7026900495368,28,53.4669717579294,11,69.1787680045987,10,71.8609430688269,10,77.7156780416736
"DE","DEU","Germany",2018,15,65.8132882721041,25,49.9532076625595,27,57.1380196494897,12,69.9403603778078,11,71.6711405366092,9,77.7644876849137
"DE","DEU","Germany",2019,13,68.1322102256225,27,50.3239840493255,27,58.9245184177051,10,75.6771656663385,11,70.9780994417055,7,91.0513282618583
"DE","DEU","Germany",2020,15,67.9122847808415,29,49.9492515010033,25,50.9619220948078,12,74.7118557695577,11,71.2433421793996,7,91.2056680938808
