"ISO_2","ISO_3","Country","Year","Final Rank","Final Score","Corporate Rank","Corporate Score","Income Rank","Income Score","Consumption Rank","Consumption Score","Property Rank","Property Score","International Rank","International Score"
"GR","GRC","Greece",2014,26,58.6115881130275,23,60.4910519964286,9,80.6023363951177,27,50.6968701786259,28,51.434773640348,30,54.0826117460354
"GR","GRC","Greece",2015,28,56.3441742792887,29,49.8582141578671,8,80.5868935156307,27,50.7174787897872,28,52.2176870101541,30,52.5891097342353
"GR","GRC","Greece",2016,32,50.1926310894789,32,48.0534747426114,17,66.3447045945087,28,47.2090565767403,29,50.0162441995796,30,56.1274335338287
"GR","GRC","Greece",2017,32,49.5459411938088,32,51.1239182451169,11,67.3333185486646,31,44.9249202015091,30,48.6769913183082,31,54.4264681100045
"GR","GRC","Greece",2018,31,48.0265590755551,32,44.0822375400756,11,70.7639973950717,31,48.2490237394167,30,47.7510132891852,32,53.8631859836425
"GR","GRC","Greece",2019,29,53.1667422858959,23,54.9283958167968,9,74.4691943490399,31,57.2114777826063,31,46.1523626572994,29,64.2381945990066
"GR","GRC","Greece",2020,29,55.6672378063287,22,55.4379183697016,9,70.4731516271353,31,56.5623230183943,32,46.3814736977799,24,72.3978048325067
