"ISO_2","ISO_3","Country","Year","Final Rank","Final Score","Corporate Rank","Corporate Score","Income Rank","Income Score","Consumption Rank","Consumption Score","Property Rank","Property Score","International Rank","International Score"
"GR","GRC","Greece",2014,27,60.7602341375559,23,60.4910519964286,9,81.053328928275,27,50.6968701786259,27,51.0407522934292,30,54.0851869024818
"GR","GRC","Greece",2015,28,57.2846426850706,29,49.8582141578671,8,81.0297545120778,27,50.7174787897872,27,50.9953699948992,30,52.5899651231627
"GR","GRC","Greece",2016,31,52.934964402585,32,48.0534747426114,17,66.9493652620438,28,47.2090565767403,26,53.4216110598238,30,56.1286879516406
"GR","GRC","Greece",2017,31,51.2318574336525,32,51.1239182451169,11,68.0101807842325,31,44.9249202015091,25,54.5042151353387,31,54.42772896937
"GR","GRC","Greece",2018,31,51.7196503444723,32,44.0822375400756,11,71.4213740137975,31,48.2490237394167,23,54.9166603925995,32,53.8651760091614
"GR","GRC","Greece",2019,29,57.6145219282817,23,54.9283958167968,9,74.4691943490399,31,57.2114777826063,24,55.4146219878442,29,64.2482856773142
"GR","GRC","Greece",2020,27,60.6286474813276,22,55.4379183697016,8,71.7403712906428,31,56.5623230183943,25,56.247910124215,24,72.5980425304902
