"ISO_2","ISO_3","Country","Year","Final Rank","Final Score","Corporate Rank","Corporate Score","Income Rank","Income Score","Consumption Rank","Consumption Score","Property Rank","Property Score","International Rank","International Score"
"GR","GRC","Greece",2014,26,58.6833456520853,23,60.4910519964286,9,81.053328928275,27,50.6968701786259,28,51.434773640348,30,54.0826117460354
"GR","GRC","Greece",2015,28,56.4097624867246,29,49.8582141578671,8,81.0297545120778,27,50.7174787897872,28,52.2176870101541,30,52.5891097342353
"GR","GRC","Greece",2016,32,50.2960929070489,32,48.0534747426114,17,66.9493652620438,28,47.2090565767403,29,50.0162441995796,30,56.1274335338287
"GR","GRC","Greece",2017,32,49.6689924899058,32,51.1239182451169,11,68.0101807842325,31,44.9249202015091,30,48.6769913183082,31,54.4264681100045
"GR","GRC","Greece",2018,31,48.1416556079133,32,44.0822375400756,11,71.4213740137975,31,48.2490237394167,30,47.7510132891852,32,53.8631859836425
"GR","GRC","Greece",2019,29,53.3834211993078,23,54.9283958167968,9,75.5464044733549,31,57.2114777826063,31,46.1523626572994,29,64.2381945990066
"GR","GRC","Greece",2020,28,55.910733970046,22,55.3940969646105,8,71.8407322263211,31,56.5623230226011,32,46.3814736999512,24,72.3978048382197
