"ISO_2","ISO_3","Country","Year","Final Rank","Final Score","Corporate Rank","Corporate Score","Income Rank","Income Score","Consumption Rank","Consumption Score","Property Rank","Property Score","International Rank","International Score"
"GR","GRC","Greece",2014,26,58.6842513040155,23,60.4910519964286,9,81.053328928275,27,50.6968701786259,28,51.434773640348,30,54.0851869024818
"GR","GRC","Greece",2015,28,56.4109741986791,29,49.8582141578671,8,81.0297545120778,27,50.7174787897872,28,52.2176870101541,30,52.5899651231627
"GR","GRC","Greece",2016,32,50.2976390758697,32,48.0534747426114,17,66.9493652620438,28,47.2090565767403,29,50.0162441995796,30,56.1286879516406
"GR","GRC","Greece",2017,32,49.6705909864253,32,51.1239182451169,11,68.0101807842325,31,44.9249202015091,30,48.6769913183082,31,54.42772896937
"GR","GRC","Greece",2018,31,48.1437345575144,32,44.0822375400756,11,71.4213740137975,31,48.2490237394167,30,47.7510132891852,32,53.8651760091614
"GR","GRC","Greece",2019,29,53.1682128889154,23,54.9283958167968,9,74.4691943490399,31,57.2114777826063,31,46.1523626572994,29,64.2482856773142
"GR","GRC","Greece",2020,29,55.917507614768,22,55.4379183697016,8,71.7403712906428,31,56.5623230183943,32,46.3820671242964,24,72.5980425304902
