"ISO_2","ISO_3","Country","Year","Final Rank","Final Score","Corporate Rank","Corporate Score","Income Rank","Income Score","Consumption Rank","Consumption Score","Property Rank","Property Score","International Rank","International Score"
"IT","ITA","Italy",2014,33,52.2167385703352,20,61.5156093168878,32,50.3983764096584,18,60.2341899995397,35,32.1237577574777,24,62.4390299015525
"IT","ITA","Italy",2015,35,46.9304200268779,27,53.0479808692378,33,44.6689651400573,20,60.5514604409177,35,30.9395200337358,24,60.2238610092273
"IT","ITA","Italy",2016,35,46.113491166579,30,48.6615941522827,34,44.5833669436549,20,58.8632506493895,35,32.2657146715833,24,63.3928969120409
"IT","ITA","Italy",2017,33,46.3234842558149,21,57.2485691994843,34,43.5427016898351,21,58.3775392652787,35,32.2475361268674,22,63.1947418503682
"IT","ITA","Italy",2018,34,45.1505954147154,24,50.3496761311705,31,49.8166802737534,24,53.7544095288328,35,31.5174005248163,22,63.9298388057314
"IT","ITA","Italy",2019,36,45.7297985055063,26,50.4145180490455,32,49.3865891550099,26,61.076059207076,35,31.3437949185353,20,73.1275630592201
"IT","ITA","Italy",2020,36,45.5592807936356,27,50.5998521677024,33,40.5703696705476,29,59.8686882301936,35,31.0628804586555,21,73.1176380807449
