"ISO_2","ISO_3","Country","Year","Final Rank","Final Score","Corporate Rank","Corporate Score","Income Rank","Income Score","Consumption Rank","Consumption Score","Property Rank","Property Score","International Rank","International Score"
"IT","ITA","Italy",2014,33,50.577608412833,20,61.5156093168878,32,50.115085183401,18,60.2341899995397,35,33.2892947753601,24,62.4411385651455
"IT","ITA","Italy",2015,34,47.1006955606924,27,53.0479808692378,33,44.4168747120324,20,60.5514604409177,35,34.0364784789184,24,60.2282255427539
"IT","ITA","Italy",2016,35,44.8616739887198,30,48.6615941522827,33,44.204822795403,20,58.8632506493895,35,32.8777199611321,24,63.397049516489
"IT","ITA","Italy",2017,34,46.7034080663994,21,57.2485691994843,34,43.1812467449898,21,58.3775392652787,35,32.8059567834226,22,63.1994950955178
"IT","ITA","Italy",2018,35,44.4909148887373,24,50.3496761311705,31,49.3643752573677,24,53.7544095288328,35,34.2318233447407,22,63.9355281959936
"IT","ITA","Italy",2019,36,44.5071219814916,26,50.4145180490455,32,49.3865891550099,26,61.076059207076,36,31.5836778229212,20,73.1267053710143
"IT","ITA","Italy",2020,36,44.1536000672809,27,50.5998521677024,33,39.9814345228479,29,59.8686882301936,36,31.2225576527185,21,72.9384757775592
