"ISO_2","ISO_3","Country","Year","Final Rank","Final Score","Corporate Rank","Corporate Score","Income Rank","Income Score","Consumption Rank","Consumption Score","Property Rank","Property Score","International Rank","International Score"
"LT","LTU","Lithuania",2014,6,76.6531489164927,3,87.3041352532683,5,85.4317533811708,30,48.7158618564276,7,78.6886907625414,21,63.7250526490275
"LT","LTU","Lithuania",2015,6,77.5401704996489,2,85.7087689465196,3,86.4239366656747,30,49.0041049358492,7,78.8879837035067,20,63.9461708326744
"LT","LTU","Lithuania",2016,6,76.8488345857754,2,86.1395313235888,5,83.7212623441871,27,47.5901997312453,7,78.6744102525983,19,67.6583393810006
"LT","LTU","Lithuania",2017,6,73.0719092964173,2,82.8205184514895,6,78.1686089493286,27,47.9116597332045,7,78.4980113676347,19,67.5057998407129
"LT","LTU","Lithuania",2018,6,75.8163974398602,3,82.0327370186599,4,88.9006789018402,28,50.2819895186833,7,78.4688078481459,19,67.1188006809937
"LT","LTU","Lithuania",2019,5,77.9666099453013,3,82.3991887730109,3,91.4427610766426,24,62.1749962907078,7,77.9665132373537,23,72.2210223594672
"LT","LTU","Lithuania",2020,5,75.8782187652304,3,82.840281339616,7,78.601658378906,23,62.4353216531028,7,78.1300801058217,23,72.4424752982701
