"ISO_2","ISO_3","Country","Year","Final Rank","Final Score","Corporate Rank","Corporate Score","Income Rank","Income Score","Consumption Rank","Consumption Score","Property Rank","Property Score","International Rank","International Score"
"LT","LTU","Lithuania",2014,7,76.2530679283661,3,87.3041352532683,5,85.4317533811708,30,48.7158618564276,10,67.6056782221263,21,63.7289797071719
"LT","LTU","Lithuania",2015,6,76.6044937939368,2,85.7087689465196,3,86.4239366656747,30,49.0041049358492,10,67.6575606025894,20,63.9494399563125
"LT","LTU","Lithuania",2016,7,76.3000320887302,2,86.1395313235888,5,83.7212623441871,27,47.5901997312453,11,67.7341480752944,19,67.6615411348771
"LT","LTU","Lithuania",2017,8,71.7344031165067,2,82.8205184514895,6,78.1686089493286,27,47.9116597332045,10,68.2138949226634,19,67.5093974206987
"LT","LTU","Lithuania",2018,4,75.342783157693,3,82.0327370186599,4,88.9006789018402,28,50.2819895186833,10,68.0996844712614,19,67.1234133329944
"LT","LTU","Lithuania",2019,4,77.7989872472098,3,82.3991887730109,3,91.2827903616097,24,62.1749962907078,10,68.4800883301919,23,72.2339700921368
"LT","LTU","Lithuania",2020,5,75.6603387007765,3,82.6982115654225,7,78.6662322062526,23,62.4353216760463,11,68.9030155192575,23,72.6444256423319
