"ISO_2","ISO_3","Country","Year","Final Rank","Final Score","Corporate Rank","Corporate Score","Income Rank","Income Score","Consumption Rank","Consumption Score","Property Rank","Property Score","International Rank","International Score"
"LT","LTU","Lithuania",2014,6,76.7034364539935,3,87.3041352532683,3,85.530266502682,30,48.7158618564276,7,78.6886907625414,21,63.7250526490275
"LT","LTU","Lithuania",2015,6,77.6331328970351,2,85.7087689465196,3,86.6771045196034,30,49.0041049358492,7,78.8879837035067,20,63.9461708326744
"LT","LTU","Lithuania",2016,6,76.8870566278993,2,86.1395313235888,4,83.7574506919796,27,47.5901997312453,7,78.6744102525983,19,67.6583393810006
"LT","LTU","Lithuania",2017,6,73.0337613796768,2,82.8205184514895,5,77.9535362598931,27,47.9116597332045,7,78.4980113676347,19,67.5057998407129
"LT","LTU","Lithuania",2018,6,75.8415062222789,3,82.0327370186599,4,88.8594335891826,28,50.2819895186833,7,78.4688078481459,19,67.1188006809937
"LT","LTU","Lithuania",2019,5,77.9725826092797,3,82.3991887730109,3,91.2827903616097,24,62.1749962907078,7,77.9665132373537,23,72.2210223594672
"LT","LTU","Lithuania",2020,5,75.7794176687555,3,82.6982115654225,7,78.3548962224143,23,62.4353216760463,7,78.1300801087432,23,72.4424752925571
