"ISO_2","ISO_3","Country","Year","Final Rank","Final Score","Corporate Rank","Corporate Score","Income Rank","Income Score","Consumption Rank","Consumption Score","Property Rank","Property Score","International Rank","International Score"
"LT","LTU","Lithuania",2014,6,76.6538129680449,3,87.3041352532683,5,85.4317533811708,30,48.7158618564276,7,78.6886907625414,21,63.7289797071719
"LT","LTU","Lithuania",2015,6,77.5410634272436,2,85.7087689465196,3,86.4239366656747,30,49.0041049358492,7,78.8879837035067,20,63.9494399563125
"LT","LTU","Lithuania",2016,6,76.8497232505626,2,86.1395313235888,5,83.7212623441871,27,47.5901997312453,7,78.6744102525983,19,67.6615411348771
"LT","LTU","Lithuania",2017,6,73.072939911399,2,82.8205184514895,6,78.1686089493286,27,47.9116597332045,7,78.4980113676347,19,67.5093974206987
"LT","LTU","Lithuania",2018,6,75.8175838219388,3,82.0327370186599,4,88.9006789018402,28,50.2819895186833,7,78.4688078481459,19,67.1234133329944
"LT","LTU","Lithuania",2019,5,77.9735254127805,3,82.3991887730109,3,91.2827903616097,24,62.1749962907078,7,77.9665132373537,23,72.2339700921368
"LT","LTU","Lithuania",2020,6,75.8512951554988,3,82.6982115654225,7,78.6662322062526,23,62.4353216760463,7,78.1300630854699,23,72.6444256423319
