"ISO_2","ISO_3","Country","Year","Final Rank","Final Score","Corporate Rank","Corporate Score","Income Rank","Income Score","Consumption Rank","Consumption Score","Property Rank","Property Score","International Rank","International Score"
"PL","POL","Poland",2014,30,56.2726721782261,12,67.4660451792584,12,72.7485676680434,36,29.1570032941091,27,52.4355682540256,17,68.6269539504679
"PL","POL","Poland",2015,33,50.8580997205841,12,64.7881759128259,12,72.4822828290133,36,29.0975807655251,31,47.3171562460176,29,54.8254421962832
"PL","POL","Poland",2016,29,53.544298086571,6,72.2484848727966,10,72.8930101787874,36,30.6735325430314,31,47.3872846068505,29,58.0808779816698
"PL","POL","Poland",2017,30,51.5484142134933,9,70.2175996364543,10,68.2361861371782,36,30.3933007115867,31,47.4235194782245,27,57.4796226943846
"PL","POL","Poland",2018,30,50.3221728085324,8,70.0774047530096,10,71.8927854109682,36,29.5255480038942,31,47.5130403919438,28,56.9976442895344
"PL","POL","Poland",2019,35,45.9026128619326,10,68.3388575724405,11,74.0103099271942,36,25.6074718547657,32,46.133231108489,26,65.4234242603107
"PL","POL","Poland",2020,34,46.569366375543,9,68.8918761376659,11,69.513822303771,36,25.7344582766853,31,47.0285325815277,26,65.1285821984733
