"ISO_2","ISO_3","Country","Year","Final Rank","Final Score","Corporate Rank","Corporate Score","Income Rank","Income Score","Consumption Rank","Consumption Score","Property Rank","Property Score","International Rank","International Score"
"PL","POL","Poland",2014,30,56.2727420158529,12,67.4660451792584,12,72.7485676680434,36,29.1570032941091,27,52.4355682540256,17,68.6272689409041
"PL","POL","Poland",2015,33,50.8579248953768,12,64.7881759128259,12,72.4822828290133,36,29.0975807655251,31,47.3171562460176,29,54.8286584210223
"PL","POL","Poland",2016,29,53.5441687303157,6,72.2484848727966,10,72.8930101787874,36,30.6735325430314,31,47.3872846068505,29,58.0837159191158
"PL","POL","Poland",2017,30,51.54821683904,9,70.2175996364543,10,68.2361861371782,36,30.3933007115867,31,47.4235194782245,27,57.4827776379504
"PL","POL","Poland",2018,30,50.321873255424,8,70.0774047530096,10,71.8927854109682,36,29.5255480038942,31,47.5130403919438,28,57.0009047004714
"PL","POL","Poland",2019,35,45.9403571307092,10,68.3388575724405,11,74.5347334089397,36,25.6074718547657,32,46.133231108489,26,65.4205300492539
"PL","POL","Poland",2020,34,46.3840222051322,9,68.3730016234641,11,69.7075693468561,36,25.7344582746524,31,47.0280884579654,27,64.964959791083
