"ISO_2","ISO_3","Country","Year","Final Rank","Final Score","Corporate Rank","Corporate Score","Income Rank","Income Score","Consumption Rank","Consumption Score","Property Rank","Property Score","International Rank","International Score"
"SK","SVK","Slovak Republic",2014,13,71.23976084853,14,65.7356686059279,4,85.4739762916624,34,36.3795869872041,8,73.9134463213317,12,73.7812695435265
"SK","SVK","Slovak Republic",2015,17,67.6854664052284,13,62.8403507571857,5,85.5288961728446,34,37.6129644427686,7,74.0567092638716,22,61.7632964511162
"SK","SVK","Slovak Republic",2016,13,72.6185160524056,13,65.791654252364,2,95.1655233882731,34,39.9639626256152,8,74.005852009971,22,64.642198195334
"SK","SVK","Slovak Republic",2017,13,66.7791796484574,11,69.2721986395677,2,87.5374693063957,34,40.8633155367638,8,74.2496962004138,29,56.1285177349256
"SK","SVK","Slovak Republic",2018,13,69.1698520907602,14,63.644865906132,3,91.7505136215666,33,42.4219678670349,8,74.4076642350507,23,62.0427433302753
"SK","SVK","Slovak Republic",2019,13,69.1486943438322,17,61.0328458712614,2,94.3762946606995,33,53.9525078717072,7,74.8042793359024,31,62.3324148719632
"SK","SVK","Slovak Republic",2020,13,69.6510789111579,18,61.2198238056365,2,94.349333454518,33,54.0400368064596,7,75.1274776048453,31,62.4140017366774
