"ISO_2","ISO_3","Country","Year","Final Rank","Final Score","Corporate Rank","Corporate Score","Income Rank","Income Score","Consumption Rank","Consumption Score","Property Rank","Property Score","International Rank","International Score"
"SK","SVK","Slovak Republic",2014,9,71.6271088057784,14,65.7356686059279,4,85.4739762916624,34,36.3795869872041,4,84.6594256901944,12,73.7789456696825
"SK","SVK","Slovak Republic",2015,14,68.8625134520897,13,62.8403507571857,5,85.5288961728446,34,37.6129644427686,4,84.7510869148316,22,61.7628395162376
"SK","SVK","Slovak Republic",2016,9,73.1941484942494,13,65.791654252364,2,95.1655233882731,34,39.9639626256152,4,84.6910512327391,22,64.6414159647745
"SK","SVK","Slovak Republic",2017,11,68.4541990018384,11,69.2721986395677,2,87.5374693063957,34,40.8633155367638,3,84.6993580934185,29,56.1288214385884
"SK","SVK","Slovak Republic",2018,10,69.8041950427945,14,63.644865906132,3,91.7505136215666,33,42.4219678670349,3,84.5946343724615,23,62.0421746295774
"SK","SVK","Slovak Republic",2019,11,69.5334813956682,17,61.0328458712614,2,94.9716952521069,33,53.9525078717072,3,84.1621864701637,31,62.3262980620441
"SK","SVK","Slovak Republic",2020,10,69.8414121232401,18,61.2198238067902,2,94.0775281958517,33,54.0400367995527,4,84.2969143515506,31,62.2504549337638
