"ISO_2","ISO_3","Country","Year","Final Rank","Final Score","Corporate Rank","Corporate Score","Income Rank","Income Score","Consumption Rank","Consumption Score","Property Rank","Property Score","International Rank","International Score"
"SK","SVK","Slovak Republic",2014,9,71.5861846496206,14,65.7356686059279,4,85.2045759724287,34,36.3795869872041,4,84.6594256901944,12,73.7789456696825
"SK","SVK","Slovak Republic",2015,13,68.8282375435686,13,62.8403507571857,4,85.2638967789021,34,37.6129644427686,4,84.7510869148316,22,61.7628395162376
"SK","SVK","Slovak Republic",2016,8,73.1465695956662,13,65.791654252364,2,94.7477062497596,34,39.9639626256152,4,84.6910512327391,22,64.6414159647745
"SK","SVK","Slovak Republic",2017,11,68.375150279881,11,69.2721986395677,2,87.039151912671,34,40.8633155367638,3,84.6993580934185,29,56.1288214385884
"SK","SVK","Slovak Republic",2018,9,69.7680341581304,14,63.644865906132,3,91.4137268868988,33,42.4219678670349,3,84.5946343724615,23,62.0421746295774
"SK","SVK","Slovak Republic",2019,11,69.459050675808,17,61.0328458712614,2,94.3762946606995,33,53.9525078717072,3,84.1621864701637,31,62.3262980620441
"SK","SVK","Slovak Republic",2020,10,69.8736250212872,18,61.2198238056365,2,93.6995103401202,33,54.0400368064596,4,84.2969143574377,31,62.2504549337638
