"ISO_2","ISO_3","Country","Year","Final Rank","Final Score","Corporate Rank","Corporate Score","Income Rank","Income Score","Consumption Rank","Consumption Score","Property Rank","Property Score","International Rank","International Score"
"ES","ESP","Spain",2014,34,49.911863844458,33,40.4014328881442,28,56.8762186393678,15,64.0493574877308,34,40.7912596421281,23,62.5678685005223
"ES","ESP","Spain",2015,31,52.7242537445444,33,40.8100553772591,24,61.0432911329221,16,63.9922002772347,34,40.1650916381641,18,65.8260273673661
"ES","ESP","Spain",2016,27,57.7959394507418,31,48.3536660080433,15,68.7579718161163,14,66.3205029978785,34,39.960038458178,17,70.2910827508529
"ES","ESP","Spain",2017,26,57.7600104712006,27,55.3539560053944,15,65.2960461696611,14,66.3557715417032,34,39.8869422932353,17,69.8190584586454
"ES","ESP","Spain",2018,27,56.2802587622226,26,49.6553930761039,16,67.1529037629463,15,67.0873896434513,34,40.3012314310505,17,68.8785624886318
"ES","ESP","Spain",2019,26,58.0116188767641,28,50.185375771519,15,68.586806876271,14,73.8716219601897,35,37.9336119493985,16,80.3584895756341
"ES","ESP","Spain",2020,27,58.5214347180603,28,50.0926774629894,16,63.4190148779445,11,74.9427902944095,35,37.5500672895947,15,80.7004978627516
