"ISO_2","ISO_3","Country","Year","Final Rank","Final Score","Corporate Rank","Corporate Score","Income Rank","Income Score","Consumption Rank","Consumption Score","Property Rank","Property Score","International Rank","International Score"
"ES","ESP","Spain",2014,34,49.9118079851214,33,40.4014328881442,28,56.8762186393678,15,64.0493574877308,34,40.7912596421281,23,62.5686740834414
"ES","ESP","Spain",2015,31,52.7242682313826,33,40.8100553772591,24,61.0432911329221,16,63.9922002772347,34,40.1650916381641,18,65.8284728724411
"ES","ESP","Spain",2016,27,57.7963354454225,31,48.3536660080433,15,68.7579718161163,14,66.3205029978785,34,39.960038458178,17,70.293813762565
"ES","ESP","Spain",2017,26,57.7604134322208,27,55.3539560053944,15,65.2960461696611,14,66.3557715417032,34,39.8869422932353,17,69.8221001631887
"ES","ESP","Spain",2018,27,56.2807684060107,26,49.6553930761039,16,67.1529037629463,15,67.0873896434513,34,40.3012314310505,17,68.8821161846108
"ES","ESP","Spain",2019,27,58.1303175244868,28,50.185375771519,16,69.1753951312485,14,73.8716219601897,35,37.9336119493985,16,80.3538980014124
"ES","ESP","Spain",2020,26,58.5945913910335,28,50.1105778803644,16,63.4460573307308,11,74.9427902707949,35,37.5499744993811,15,80.4954244221373
