"ISO_2","ISO_3","Country","Year","Final Rank","Final Score","Corporate Rank","Corporate Score","Income Rank","Income Score","Consumption Rank","Consumption Score","Property Rank","Property Score","International Rank","International Score"
"ES","ESP","Spain",2014,34,50.4848603989921,33,40.4014328881442,28,56.8762186393678,15,64.0493574877308,34,36.0158466058868,23,62.5678685005223
"ES","ESP","Spain",2015,31,52.4976759539478,33,40.8100553772591,24,61.0432911329221,16,63.9922002772347,34,36.057589063804,18,65.8260273673661
"ES","ESP","Spain",2016,28,58.6002676153177,31,48.3536660080433,15,68.7579718161163,14,66.3205029978785,34,36.4665631522782,17,70.2910827508529
"ES","ESP","Spain",2017,28,57.2118437875096,27,55.3539560053944,15,65.2960461696611,14,66.3557715417032,34,36.3912062000053,17,69.8190584586454
"ES","ESP","Spain",2018,28,57.0392730363993,26,49.6553930761039,16,67.1529037629463,15,67.0873896434513,34,36.767450564479,17,68.8785624886318
"ES","ESP","Spain",2019,28,59.2851038132582,28,50.185375771519,15,68.586806876271,14,73.8716219601897,34,36.4128590154754,16,80.3584895756341
"ES","ESP","Spain",2020,29,59.8002713504138,28,50.0926774629894,16,63.4190148779445,11,74.9427902944095,34,36.0361361149614,15,80.7004978627516
