"ISO_2","ISO_3","Country","Year","Final Rank","Final Score","Corporate Rank","Corporate Score","Income Rank","Income Score","Consumption Rank","Consumption Score","Property Rank","Property Score","International Rank","International Score"
"SE","SWE","Sweden",2014,7,76.0386698149922,6,74.2551056062975,19,64.846870739055,14,64.2325216437484,6,81.1222112468224,10,76.1257698751864
"SE","SWE","Sweden",2015,7,75.8207388448512,8,70.5345903598306,20,63.7140347167766,15,64.273999072896,6,80.9373688859353,10,76.5809341147715
"SE","SWE","Sweden",2016,7,75.5483702672267,9,70.7155667960707,19,63.3326601155876,16,63.0249949717679,6,81.3908981768247,10,78.5872981619822
"SE","SWE","Sweden",2017,7,72.7932011032999,8,70.4747641800346,21,59.4364639697134,16,63.9676949222626,5,81.1652246411467,9,78.2741718507379
"SE","SWE","Sweden",2018,7,73.4796603575605,9,68.8772143290236,20,62.7470876102757,16,64.8943866627434,5,81.1194810535771,8,78.1651413011161
"SE","SWE","Sweden",2019,7,73.6936256422038,8,70.5246452936718,20,63.7538664411213,16,70.43339477144,5,80.8954181573589,12,83.2004457415755
"SE","SWE","Sweden",2020,7,73.6230477954294,8,70.8480053939888,20,56.1728318648894,16,69.8668204507638,5,81.2004563723892,11,83.1098739327555
