"ISO_2","ISO_3","Country","Year","Final Rank","Final Score","Corporate Rank","Corporate Score","Income Rank","Income Score","Consumption Rank","Consumption Score","Property Rank","Property Score","International Rank","International Score"
"SE","SWE","Sweden",2014,6,76.9959465764566,6,74.2551056062975,19,65.4252841125451,14,64.2325216437484,6,74.1982718401777,10,76.1265494764941
"SE","SWE","Sweden",2015,7,76.4285615408944,8,70.5345903598306,20,64.2772402477295,15,64.273999072896,6,74.5387864582569,10,76.5808335600558
"SE","SWE","Sweden",2016,6,76.5041605580513,9,70.7155667960707,19,64.150685232735,16,63.0249949717679,6,74.7603692952584,10,78.5872657219468
"SE","SWE","Sweden",2017,6,72.6788257432044,8,70.4747641800346,20,60.1491350509913,16,63.9676949222626,7,74.4774767865042,9,78.2741348910674
"SE","SWE","Sweden",2018,7,74.2303195779258,9,68.8772143290236,19,63.4868058025515,16,64.8943866627434,7,74.4759909160401,8,78.1653567841748
"SE","SWE","Sweden",2019,8,74.3825208328245,8,70.5246452936718,20,63.7538664411213,16,70.43339477144,8,74.5962130477219,12,83.208984062496
"SE","SWE","Sweden",2020,8,74.6369438858721,8,70.8480053939888,19,57.4486653039711,16,69.8668204507638,8,74.792305860442,11,83.3289604394168
