"ISO_2","ISO_3","Country","Year","Final Rank","Final Score","Corporate Rank","Corporate Score","Income Rank","Income Score","Consumption Rank","Consumption Score","Property Rank","Property Score","International Rank","International Score"
"SE","SWE","Sweden",2014,7,76.2122626393403,6,74.2551056062975,19,65.4252841125451,14,64.2325216437484,6,81.1222112468224,10,76.1265494764941
"SE","SWE","Sweden",2015,7,75.9916356196498,8,70.5345903598306,20,64.2772402477295,15,64.273999072896,6,80.9373688859353,10,76.5808335600558
"SE","SWE","Sweden",2016,7,75.7958927456702,9,70.7155667960707,19,64.150685232735,16,63.0249949717679,6,81.3908981768247,10,78.5872657219468
"SE","SWE","Sweden",2017,7,73.0028805016888,8,70.4747641800346,20,60.1491350509913,16,63.9676949222626,5,81.1652246411467,9,78.2741348910674
"SE","SWE","Sweden",2018,7,73.6981902408971,9,68.8772143290236,19,63.4868058025515,16,64.8943866627434,5,81.1194810535771,8,78.1653567841748
"SE","SWE","Sweden",2019,7,73.6927753432992,8,70.5246452936718,20,63.7538664411213,16,70.43339477144,5,80.8954181573589,12,83.208984062496
"SE","SWE","Sweden",2020,7,74.0031737359246,8,70.8480053939888,19,57.4486653039711,16,69.8668204507638,5,81.2005677086629,11,83.3289604394168
