"ISO_2","ISO_3","Country","Year","Final Rank","Final Score","Corporate Rank","Corporate Score","Income Rank","Income Score","Consumption Rank","Consumption Score","Property Rank","Property Score","International Rank","International Score"
"GB","GBR","United Kingdom",2014,18,65.1682208729745,21,61.5074490273644,21,61.634266453841,21,58.3457573098892,33,43.3716463410622,2,95.8743206556361
"GB","GBR","United Kingdom",2015,20,65.7406620553469,17,60.2568950063944,24,60.6781450031751,22,58.9411703242069,32,43.7813212312911,2,96.1584967977052
"GB","GBR","United Kingdom",2016,20,64.0201874526087,17,60.1387831935024,27,57.1420349093364,22,56.5448348163708,32,43.8393251515775,2,96.5526153472502
"GB","GBR","United Kingdom",2017,23,59.7368580035803,19,60.0477546257036,23,56.8508597992164,22,56.460554141199,32,43.7020442717894,3,86.0313737589376
"GB","GBR","United Kingdom",2018,24,60.4087921454142,17,58.8003848317801,24,60.6654253348883,21,57.7620571251799,33,43.3602395855176,4,87.1581708476981
"GB","GBR","United Kingdom",2019,21,62.2807618703812,16,62.0630324001893,23,61.8509070237189,22,64.2373699028502,33,42.0408197286737,1,100
"GB","GBR","United Kingdom",2020,22,61.4037415562801,17,62.5015203424097,24,50.7358520388343,22,63.632561953796,33,42.1403239286557,1,100
