"ISO_2","ISO_3","Country","Year","Final Rank","Final Score","Corporate Rank","Corporate Score","Income Rank","Income Score","Consumption Rank","Consumption Score","Property Rank","Property Score","International Rank","International Score"
"GB","GBR","United Kingdom",2014,9,74.3065719110113,21,61.5074490273644,21,61.9902707210271,21,58.3457573098892,11,67.1381517128928,2,95.8705770001934
"GB","GBR","United Kingdom",2015,10,74.5732053570169,17,60.2568950063944,25,61.0214447410293,22,58.9411703242069,11,67.5237028189511,2,96.1537333525639
"GB","GBR","United Kingdom",2016,10,73.4400703681352,17,60.1387831935024,27,57.5848693560399,22,56.5448348163708,10,68.0555580415086,2,96.5477501572874
"GB","GBR","United Kingdom",2017,12,67.2643746175205,19,60.0477546257036,23,57.3003825682732,22,56.460554141199,11,67.9765966836056,3,86.0243082779675
"GB","GBR","United Kingdom",2018,11,69.6023556245422,17,58.8003848317801,24,61.0616234915997,21,57.7620571251799,11,68.0245910554227,4,87.1495113667334
"GB","GBR","United Kingdom",2019,10,72.063855124862,16,62.0630324001893,23,61.8509070237189,22,64.2373699028502,11,68.4464494763664,1,100
"GB","GBR","United Kingdom",2020,11,71.5053406732771,17,62.5015203424097,24,51.2207583176016,22,63.632561953796,10,69.3287982193317,2,99.8553603159802
