ISO_2,ISO_3,Country,Year,Final Rank,Final Score,Corporate Rank,Corporate Score,Income Rank,Income Score,Consumption Rank,Consumption Score,Property Rank,Property Score,International Rank,International Score,
GR,GRC,Greece,2014,26,58.68334565,23,60.491052,9,81.05332893,27,50.69687018,28,51.43477364,30,54.08261175,
GR,GRC,Greece,2015,28,56.40976249,29,49.85821416,8,81.02975451,27,50.71747879,28,52.21768701,30,52.58910973,
GR,GRC,Greece,2016,32,50.29609291,32,48.05347474,17,66.94936526,28,47.20905658,29,50.0162442,30,56.12743353,
GR,GRC,Greece,2017,32,49.66899249,32,51.12391825,11,68.01018078,31,44.9249202,30,48.67699132,31,54.42646811,
GR,GRC,Greece,2018,31,48.14165561,32,44.08223754,11,71.42137401,31,48.24902374,30,47.75101329,32,53.86318598,
GR,GRC,Greece,2019,29,53.3834212,23,54.92839582,9,75.54640447,31,57.21147778,31,46.15236266,29,64.2381946,
GR,GRC,Greece,2020,29,55.91460332,22,55.43791837,8,71.74037129,31,56.56232302,32,46.3814737,24,72.39780483,BASELINE
